CÓDIGO SINIESTRO,FECHA SINIESTRO,HORA SINIESTRO,CLASE SINIESTRO,CANTIDAD DE FALLECIDOS,CANTIDAD DE LESIONADOS,CANTIDAD DE VEHICULOS DAÑADOS,DEPARTAMENTO,PROVINCIA,DISTRITO,ZONA,TIPO DE VÍA,RED VIAL,COD CARRETERA,COORDENADAS LATITUD,COORDENADAS  LONGITUD,CONDICIÓN CLIMÁTICA,ZONIFICACIÓN,CARACTERÍSTICAS DE VÍA,PERFIL LONGITUDINAL VÍA,SUPERFICIE DE CALZADA,¿EXISTE SEÑAL VERTICAL?,CLASIFICACIÓN DE LA SEÑAL VERTICAL Nº 1,CLASIFICACIÓN DE LA SEÑAL VERTICAL Nº 2,¿EXISTE SEÑAL HORIZONTAL?,CAUSA FACTOR PRINCIPAL,CAUSA ESPECÍFICA
A-2021-02-47,11/02/2021,15:00,DESPISTE,1,1,1,APURIMAC,GRAU,CURPAHUASI,RURAL,CARRETERA,PROVINCIAL,AP-883,-14.027349884168967,-72.60715432872891,DESPEJADO,RURAL,CURVA,INCLINADA,TROCHA,,,,,EN PROCESO DE INVESTIGACIÓN,NO CUENTA CON CAUSA ESPECIFICA
A-2021-02-50,11/02/2021,17:25,CHOQUE,1,2,2,AREQUIPA,AREQUIPA,CERRO COLORADO,URBANA,OTRO,URBANO,NO CORRESPONDE,-16.323438,-71.594112,DESPEJADO,RESIDENCIAL,INTERSECCIÓN,PLANA ,ASFALTADA,SI,PREVENTIVA (P),PREVENTIVA (P),SI,IMPRUDENCIA DEL CONDUCTOR,NO ESTABLECER EL DERECHO DE PASO
A-2021-02-246,11/02/2021,22:30,CHOQUE,1,0,2,CAJAMARCA,JAEN,PUCARA,URBANA,CARRETERA,NACIONAL,PE-3N,-6.0414394,-79.1254947,DESPEJADO,INDUSTRIAL,CURVA,INCLINADA,ASFALTADA,SI,PREVENTIVA (P),PREVENTIVA (P),NO,EN PROCESO DE INVESTIGACIÓN,NO CUENTA CON CAUSA ESPECIFICA
A-2021-02-63,12/02/2021,02:20,VOLCADURA,1,13,1,CUSCO,PARURO,HUANOQUITE,RURAL,CARRETERA,DEPARTAMENTAL,CU-118,-13.6828285595271,-72.0160588098124,LLUVIOSO,RURAL,TRAMO RECTO,PLANA ,AFIRMADO,,,,,NEGLIGENCIA DEL CONDUCTOR,OTRO (NEGLIGENCIA DEL CONDUCTOR)
A-2021-02-255,12/02/2021,07:15,ATROPELLO,1,0,0,LIMA,LIMA,SAN MARTIN DE PORRES,URBANA,CARRETERA,NACIONAL,PE-20F,-11.954708647868605,-77.08510190248491,DESPEJADO,COMERCIAL,INTERSECCIÓN,PLANA ,ASFALTADA,,,,,EN PROCESO DE INVESTIGACIÓN,NO CUENTA CON CAUSA ESPECIFICA
A-2021-02-66,12/02/2021,11:15,CHOQUE,1,0,2,AREQUIPA,ISLAY,PUNTA DE BOMBON,RURAL,CARRETERA,PROVINCIAL,AR-827,-17.1583427,-71.7933493,DESPEJADO,RURAL,OTRO,INCLINADA,ASFALTADA,SI,PREVENTIVA (P),PREVENTIVA (P),SI,IMPRUDENCIA DEL CONDUCTOR,INVASIÓN DE CARRIL
A-2021-02-244,12/02/2021,11:50,CHOQUE,1,0,1,CALLAO,CALLAO,CALLAO,URBANA,AVENIDA,URBANO,NO CORRESPONDE,-12.055772845365073,-77.12188849777318,DESPEJADO,RESIDENCIAL,TRAMO RECTO,PLANA ,ASFALTADA,,,,,NEGLIGENCIA DEL CONDUCTOR,OTRO (NEGLIGENCIA DEL CONDUCTOR)
A-2021-02-79,12/02/2021,13:20,ATROPELLO,1,0,0,CUSCO,CALCA,PISAC,URBANA,CARRETERA,DEPARTAMENTAL,CU-112,-13.40901,-71.83107314,DESPEJADO,RESIDENCIAL,TRAMO RECTO,PLANA ,ASFALTADA,,,,,NEGLIGENCIA DEL CONDUCTOR,OTRO (NEGLIGENCIA DEL CONDUCTOR)
A-2021-02-86,12/02/2021,20:26,CHOQUE,1,0,2,LAMBAYEQUE,CHICLAYO,JOSE LEONARDO ORTIZ,RURAL,CARRETERA,DEPARTAMENTAL,LA-111,-6.7453118,-79.8012296,DESPEJADO,RURAL,TRAMO RECTO,PLANA ,ASFALTADA,SI,PREVENTIVA (P),PREVENTIVA (P),SI,IMPRUDENCIA DEL CONDUCTOR,EXCESO DE VELOCIDAD
A-2021-02-258,13/02/2021,08:00,ATROPELLO,1,0,0,LIMA,LIMA,EL AGUSTINO,URBANA,CARRETERA,NACIONAL,PE-1N,-12.030233594117089,-76.99354463022675,DESPEJADO,RESIDENCIAL,INTERSECCIÓN,PLANA ,ASFALTADA,,,,,IMPRUDENCIA DEL CONDUCTOR,EXCESO DE VELOCIDAD
A-2021-02-68,13/02/2021,10:00,DESPISTE,1,0,1,ANCASH,POMABAMBA,QUINUABAMBA,RURAL,CARRETERA,PROVINCIAL,AN-585,-8.691887465999999,-77.36824103548135,NUBLADO,RURAL,SINUOSA,INCLINADA,TROCHA,,,,,IMPRUDENCIA DEL CONDUCTOR,OTRO (IMPRUDENCIA DEL CONDUCTOR)
A-2021-02-256,13/02/2021,17:20,CHOQUE,1,2,,LIMA,LIMA,VILLA EL SALVADOR,URBANA,AVENIDA,URBANO,NO CORRESPONDE,-12.199057991412102,-76.94201409816743,DESPEJADO,RESIDENCIAL,INTERSECCIÓN,PLANA ,ASFALTADA,,,,,IMPRUDENCIA DEL CONDUCTOR,EXCESO DE VELOCIDAD
A-2021-02-213,13/02/2021,18:50,ATROPELLO,1,1,1,PUNO,CHUCUITO,JULI,RURAL,CARRETERA,NACIONAL,PE-3S,-16.21621,-69.45559,DESPEJADO,RURAL,TRAMO RECTO,PLANA ,ASFALTADA,,,,,IMPRUDENCIA DEL PEATÓN,OTRO (IMPRUDENCIA DEL PEATÓN)
A-2021-02-259,13/02/2021,18:50,VOLCADURA,1,0,0,LIMA,LIMA,MIRAFLORES,URBANA,CALLE,URBANO,NO CORRESPONDE,-12.116940683422829,-77.03471392393112,DESPEJADO,RESIDENCIAL,INTERSECCIÓN,PLANA ,ASFALTADA,,,,,IMPRUDENCIA DEL CONDUCTOR,EXCESO DE VELOCIDAD
A-2021-02-181,13/02/2021,19:20,CHOQUE,1,2,0,SAN MARTIN,PICOTA,PICOTA,RURAL,CARRETERA,NACIONAL,PE-5N,-6.91336178149583,-76.3323315713814,DESPEJADO,RURAL,TRAMO RECTO,PLANA ,ASFALTADA,,,,,IMPRUDENCIA DEL CONDUCTOR,CONDUCIR EN ESTADO DE EBRIEDAD Y/O DROGADICCIÓN
A-2021-02-91,13/02/2021,20:00,ATROPELLO,1,0,1,LA LIBERTAD,TRUJILLO,HUANCHACO,RURAL,CARRETERA,NACIONAL,PE-1N,-8.012936,-79.071356,DESPEJADO,RURAL,TRAMO RECTO,PLANA ,AFIRMADO,,,,,IMPRUDENCIA DEL CONDUCTOR,CONDUCIR EN ESTADO DE EBRIEDAD Y/O DROGADICCIÓN
A-2021-02-257,13/02/2021,20:40,ATROPELLO FUGA,1,0,0,LIMA,LIMA,CARABAYLLO,URBANA,AVENIDA,URBANO,NO CORRESPONDE,-11.861366118567192,-77.05357243780493,DESPEJADO,INDUSTRIAL,INTERSECCIÓN,PLANA ,ASFALTADA,NO,,,NO,IMPRUDENCIA DEL PEATÓN,CRUCE INDEBIDO POR LA CALZADA
A-2021-02-74,14/02/2021,06:00,CHOQUE,1,0,2,PIURA,PIURA,PIURA,URBANA,OTRO,URBANO,NO CORRESPONDE,-5.1824885,-80.6313471,DESPEJADO,RESIDENCIAL,INTERSECCIÓN,PLANA ,ASFALTADA,SI,REGULADORA (R),REGULADORA (R),NO,IMPRUDENCIA DEL CONDUCTOR,EXCESO DE VELOCIDAD
A-2021-02-71,14/02/2021,20:30,DESPISTE,1,0,1,APURIMAC,CHINCHEROS,ONGOY,RURAL,CARRETERA,PROVINCIAL,AP-527,-13.405828,-73.604734,DESPEJADO,RURAL,CURVA,INCLINADA,TROCHA,,,,,IMPRUDENCIA DEL CONDUCTOR,CONDUCIR EN ESTADO DE EBRIEDAD Y/O DROGADICCIÓN
A-2021-02-273,14/02/2021,21:30,VOLCADURA,1,0,1,PIURA,SULLANA,IGNACIO ESCUDERO,RURAL,CARRETERA,NACIONAL,PE-1N,-4.8449949296199835,-80.88665301972264,DESPEJADO,RURAL,CURVA,PLANA ,ASFALTADA,,,,,EN PROCESO DE INVESTIGACIÓN,NO CUENTA CON CAUSA ESPECIFICA
A-2021-02-80,15/02/2021,07:30,ESPECIAL,2,4,2,CAJAMARCA,CONTUMAZA,TANTARICA,RURAL,CARRETERA,NACIONAL,PE-08,-7.19824358,-78.95239371,SOLEADO,RURAL,CURVA,INCLINADA,ASFALTADA,SI,PREVENTIVA (P),,SI,IMPRUDENCIA DEL CONDUCTOR,INVASIÓN DE CARRIL
A-2021-02-92,15/02/2021,08:30,DESPISTE,1,0,1,LA LIBERTAD,PATAZ,HUANCASPATA,RURAL,CARRETERA,SIN CLASIFICAR,SIN CLASIFICAR,-8.459044,-77.300349,DESPEJADO,RURAL,TRAMO RECTO,PLANA ,AFIRMADO,,,,,EN PROCESO DE INVESTIGACIÓN,NO CUENTA CON CAUSA ESPECIFICA
A-2021-02-69,15/02/2021,15:38,CAÍDA DE PASAJERO,1,0,0,AMAZONAS,UTCUBAMBA,CAJARURO,URBANA,CARRETERA,DEPARTAMENTAL,AM-102,-5.750702122519955,-78.42147209445628,SOLEADO,RURAL,CURVA,INCLINADA,ASFALTADA,,,,,EN PROCESO DE INVESTIGACIÓN,NO CUENTA CON CAUSA ESPECIFICA
A-2021-02-106,16/02/2021,04:40,CHOQUE,6,3,2,PUNO,HUANCANE,TARACO,RURAL,CARRETERA,NACIONAL,PE-34H,-15.2968047,-69.9693645,DESPEJADO,RURAL,TRAMO RECTO,PLANA ,ASFALTADA,SI,INFORMATIVA (I),REGULADORA (R),SI,IMPRUDENCIA DEL CONDUCTOR,INVASIÓN DE CARRIL
A-2021-02-261,16/02/2021,08:00,CHOQUE,1,0,0,LIMA,LIMA,LIMA,URBANA,AVENIDA,URBANO,NO CORRESPONDE,-12.07343065154641,-77.0361972507521,DESPEJADO,RESIDENCIAL,INTERSECCIÓN,PLANA ,ASFALTADA,,,,,IMPRUDENCIA DEL CONDUCTOR,EXCESO DE VELOCIDAD
A-2021-02-197,16/02/2021,09:30,DESPISTE,1,0,1,HUANCAVELICA,ACOBAMBA,PAUCARA,RURAL,CARRETERA,DEPARTAMENTAL,HV-105,-12.769323,-74.734499,DESPEJADO,RURAL,SINUOSA,PLANA ,TROCHA,,,,,EN PROCESO DE INVESTIGACIÓN,NO CUENTA CON CAUSA ESPECIFICA
A-2021-02-85,16/02/2021,14:30,ATROPELLO,1,0,1,JUNIN,HUANCAYO,VIQUES,URBANA,CARRETERA,NACIONAL,PE-3SZ,-12.1572836,-75.2356973,DESPEJADO,RESIDENCIAL,CURVA,PLANA ,ASFALTADA,,,,,EN PROCESO DE INVESTIGACIÓN,NO CUENTA CON CAUSA ESPECIFICA
A-2021-02-135,16/02/2021,15:27,CHOQUE,1,1,2,JUNIN,JAUJA,ACOLLA,RURAL,CARRETERA,NACIONAL,PE-3SA,-11.708441,-75.55653763,SOLEADO,RURAL,TRAMO RECTO,PLANA ,ASFALTADA,SI,REGULADORA (R),,NO,EN PROCESO DE INVESTIGACIÓN,NO CUENTA CON CAUSA ESPECIFICA
A-2021-02-144,16/02/2021,16:10,ESPECIAL,1,1,3,AMAZONAS,BAGUA,BAGUA,RURAL,CARRETERA,DEPARTAMENTAL,AM-101,-5.633006,-78.555329,SOLEADO,RURAL,TRAMO RECTO,PLANA ,ASFALTADA,,,,,EN PROCESO DE INVESTIGACIÓN,NO CUENTA CON CAUSA ESPECIFICA
A-2021-02-110,16/02/2021,17:30,DESPISTE,1,0,1,LAMBAYEQUE,LAMBAYEQUE,OLMOS,RURAL,CARRETERA,NACIONAL,PE-04B,-5.960593,-79.672984,DESPEJADO,RURAL,TRAMO RECTO,PLANA ,ASFALTADA,,,,,EN PROCESO DE INVESTIGACIÓN,NO CUENTA CON CAUSA ESPECIFICA
A-2021-02-260,16/02/2021,18:30,CHOQUE,1,0,,LIMA,LIMA,LINCE,URBANA,AVENIDA,URBANO,NO CORRESPONDE,-12.08513,-77.04855,DESPEJADO,RESIDENCIAL,TRAMO RECTO,PLANA ,ASFALTADA,,,,,IMPRUDENCIA DEL CONDUCTOR,OTRO (IMPRUDENCIA DEL CONDUCTOR)
A-2021-02-82,17/02/2021,06:15,CHOQUE,1,4,2,ICA,NASCA,VISTA ALEGRE,RURAL,CARRETERA,NACIONAL,PE-1S,-14.973865559926741,-74.98803833433065,DESPEJADO,RURAL,CURVA,PLANA ,ASFALTADA,SI,PREVENTIVA (P),INFORMATIVA (I),NO,IMPRUDENCIA DEL CONDUCTOR,INVASIÓN DE CARRIL
A-2021-02-242,17/02/2021,07:10,CHOQUE FUGA,1,1,2,LAMBAYEQUE,CHICLAYO,PICSI,RURAL,CARRETERA,DEPARTAMENTAL,LA-111,-6.732341,-79.785366,DESPEJADO,RURAL,CURVA,PLANA ,ASFALTADA,,,,,EN PROCESO DE INVESTIGACIÓN,NO CUENTA CON CAUSA ESPECIFICA
A-2021-02-195,17/02/2021,09:35,CHOQUE,1,2,1,LORETO,MAYNAS,BELEN,URBANA,AVENIDA,URBANO,NO CORRESPONDE,-3.7657412959985743,-73.26442118723445,SOLEADO,ESCOLAR,TRAMO RECTO,PLANA ,ASFALTADA,,,,,EN PROCESO DE INVESTIGACIÓN,NO CUENTA CON CAUSA ESPECIFICA
A-2021-02-262,17/02/2021,11:30,ATROPELLO,1,0,0,LIMA,LIMA,RIMAC,URBANA,AVENIDA,URBANO,NO CORRESPONDE,-12.026901980340385,-77.04017210949648,DESPEJADO,RESIDENCIAL,INTERSECCIÓN,PLANA ,ASFALTADA,,,,,IMPRUDENCIA DEL PEATÓN,DESACATO DE SEÑAL DE TRÁNSITO
A-2021-02-112,17/02/2021,13:10,ATROPELLO,1,1,0,PIURA,SULLANA,SULLANA,RURAL,CARRETERA,PROVINCIAL,PI-986,-4.957413,-80.64223,DESPEJADO,RURAL,TRAMO RECTO,PLANA ,AFIRMADO,,,,,EN PROCESO DE INVESTIGACIÓN,NO CUENTA CON CAUSA ESPECIFICA
A-2021-02-111,17/02/2021,17:30,ATROPELLO FUGA,1,2,0,PIURA,PIURA,CASTILLA,RURAL,CARRETERA,NACIONAL,PE-1NJ,-5.1798425,-80.5700802,DESPEJADO,RURAL,TRAMO RECTO,PLANA ,ASFALTADA,,,,,EN PROCESO DE INVESTIGACIÓN,NO CUENTA CON CAUSA ESPECIFICA
A-2021-02-89,17/02/2021,19:20,ATROPELLO,1,0,1,ICA,ICA,ICA,URBANA,AVENIDA,URBANO,NO CORRESPONDE,-14.055739,-75.728511,DESPEJADO,RESIDENCIAL,TRAMO RECTO,PLANA ,ASFALTADA,,,,,IMPRUDENCIA DEL PEATÓN,CRUCE INDEBIDO POR LA CALZADA
A-2021-02-83,17/02/2021,19:25,ATROPELLO,1,0,1,CAJAMARCA,CAJAMARCA,CAJAMARCA,URBANA,JIRÓN,URBANO,NO CORRESPONDE,-7.13840293,-78.52786045,DESPEJADO,INDUSTRIAL,TRAMO RECTO,INCLINADA,AFIRMADO,,,,,NEGLIGENCIA DEL CONDUCTOR,OTRO (NEGLIGENCIA DEL CONDUCTOR)
A-2021-02-192,17/02/2021,23:46,ATROPELLO FUGA,1,0,0,LAMBAYEQUE,CHICLAYO,PIMENTEL,RURAL,CARRETERA,NACIONAL,PE-06,-6.833033,-79.926935,DESPEJADO,RESIDENCIAL,TRAMO RECTO,PLANA ,ASFALTADA,,,,,IMPRUDENCIA DEL CONDUCTOR,EXCESO DE VELOCIDAD
A-2021-02-93,18/02/2021,00:10,DESPISTE,1,1,1,ICA,ICA,SALAS,URBANA,CARRETERA,NACIONAL,PE-1S,-13.923069,-75.993168,DESPEJADO,RURAL,TRAMO RECTO,PLANA ,ASFALTADA,,,,,IMPRUDENCIA DEL CONDUCTOR,FATIGA Y/O CANSANCIO
A-2021-02-84,18/02/2021,07:40,DESPISTE,1,0,0,PUNO,YUNGUYO,YUNGUYO,RURAL,CARRETERA,DEPARTAMENTAL,PU-130,-16.266,-69.08,DESPEJADO,RURAL,CURVA,INCLINADA,ASFALTADA,SI,PREVENTIVA (P),,SI,IMPRUDENCIA DEL CONDUCTOR,CONDUCIR EN ESTADO DE EBRIEDAD Y/O DROGADICCIÓN
A-2021-02-100,18/02/2021,10:30,VOLCADURA,2,0,2,AREQUIPA,CAMANA,QUILCA,RURAL,CARRETERA,NACIONAL,PE-1SD,-16.666286,-72.556992,DESPEJADO,RURAL,CURVA,INCLINADA,ASFALTADA,SI,PREVENTIVA (P),,SI,IMPRUDENCIA DEL CONDUCTOR,EXCESO DE VELOCIDAD
A-2021-02-148,18/02/2021,11:00,VOLCADURA,1,0,1,CUSCO,LA CONVENCION,QUELLOUNO,RURAL,CARRETERA,DEPARTAMENTAL,CU-105,-12.6365227,-72.55693921,NUBLADO,RURAL,CURVA,PLANA ,AFIRMADO,,,,,NEGLIGENCIA DEL CONDUCTOR,OTRO (NEGLIGENCIA DEL CONDUCTOR)
A-2021-02-178,18/02/2021,11:40,ATROPELLO,1,0,0,PUNO,SAN ANTONIO DE PUTINA,PUTINA,URBANA,JIRÓN,URBANO,NO CORRESPONDE,-14.913518951915876,-69.86333177050078,LLUVIOSO,RESIDENCIAL,TRAMO RECTO,PLANA ,CONCRETO,,,,,IMPRUDENCIA DEL PEATÓN,OTRO (IMPRUDENCIA DEL PEATÓN)
A-2021-02-264,18/02/2021,15:25,CHOQUE CON OBJETO FIJO,1,3,,LIMA,LIMA,VILLA MARIA DEL TRIUNFO,RURAL,CALLE,URBANO,NO CORRESPONDE,-12.14029,-76.9112,DESPEJADO,RURAL,PASE A DESNIVEL,INCLINADA,AFIRMADO,,,,,IMPRUDENCIA DEL CONDUCTOR,EXCESO DE VELOCIDAD
A-2021-02-263,18/02/2021,18:00,ATROPELLO FUGA,1,0,0,LIMA,LIMA,RIMAC,URBANA,CARRETERA,NACIONAL,PE-1N,-12.043103204032894,-77.02317771163345,DESPEJADO,INDUSTRIAL,TRAMO RECTO,PLANA ,ASFALTADA,,,,,EN PROCESO DE INVESTIGACIÓN,NO CUENTA CON CAUSA ESPECIFICA
A-2021-02-94,19/02/2021,03:50,ATROPELLO FUGA,1,0,0,PUNO,CHUCUITO,POMATA,RURAL,CARRETERA,NACIONAL,PE-3S,-16.34595052,-69.24282331,DESPEJADO,RURAL,TRAMO RECTO,PLANA ,ASFALTADA,,,,,IMPRUDENCIA DEL PEATÓN,CRUCE INDEBIDO POR LA CALZADA
A-2021-02-201,19/02/2021,06:55,ATROPELLO FUGA,1,0,0,LAMBAYEQUE,CHICLAYO,JOSE LEONARDO ORTIZ,URBANA,AVENIDA,URBANO,NO CORRESPONDE,-6.7546582,-79.8478185,DESPEJADO,COMERCIAL,TRAMO RECTO,PLANA ,ASFALTADA,,,,,IMPRUDENCIA DEL CONDUCTOR,CONDUCIR EN SENTIDO CONTRARIO
A-2021-02-235,19/02/2021,08:30,CHOQUE,1,0,1,CALLAO,CALLAO,CALLAO,URBANA,CARRETERA,NACIONAL,PE-20,-11.959804478406474,-77.12836781252078,DESPEJADO,INDUSTRIAL,TRAMO RECTO,PLANA ,CONCRETO,,,,,EN PROCESO DE INVESTIGACIÓN,NO CUENTA CON CAUSA ESPECIFICA
A-2021-02-281,19/02/2021,10:20,DESPISTE,2,2,,ANCASH,PALLASCA,TAUCA,RURAL,CARRETERA,NACIONAL,PE-3N,-8.449816342225832,-78.02931243646064,DESPEJADO,RURAL,CURVA,INCLINADA,AFIRMADO,,,,,IMPERICIA DEL CONDUCTOR,
A-2021-02-104,19/02/2021,16:30,DESPISTE,1,1,1,PUNO,EL COLLAO,CAPAZO,RURAL,CARRETERA,DEPARTAMENTAL,PU-131,-17.183,-69.645,DESPEJADO,RURAL,TRAMO RECTO,PLANA ,TROCHA,,,,,IMPRUDENCIA DEL CONDUCTOR,OTRO (IMPRUDENCIA DEL CONDUCTOR)
A-2021-02-103,19/02/2021,17:31,VOLCADURA,1,0,1,AREQUIPA,CAMANA,SAMUEL PASTOR,RURAL,CARRETERA,PROVINCIAL,AR-541,-16.610207,-72.715164,DESPEJADO,RURAL,TRAMO RECTO,PLANA ,ASFALTADA,,,,,EN PROCESO DE INVESTIGACIÓN,NO CUENTA CON CAUSA ESPECIFICA
A-2021-02-165,19/02/2021,19:15,CHOQUE,1,0,3,CUSCO,CHUMBIVILCAS,QUIÑOTA,RURAL,CARRETERA,NACIONAL,PE-3SG,-14.320065,-72.13885,DESPEJADO,RURAL,TRAMO RECTO,PLANA ,ASFALTADA,,,,,IMPRUDENCIA DEL CONDUCTOR,EXCESO DE VELOCIDAD
A-2021-02-265,19/02/2021,20:20,ATROPELLO,2,0,0,LIMA,LIMA,LIMA,URBANA,AVENIDA,URBANO,NO CORRESPONDE,-12.061018898523395,-77.01281365599989,DESPEJADO,COMERCIAL,INTERSECCIÓN,PLANA ,ASFALTADA,,,,,IMPRUDENCIA DEL CONDUCTOR,EXCESO DE VELOCIDAD
A-2021-02-278,19/02/2021,21:00,ATROPELLO FUGA,1,0,,HUANUCO,HUANUCO,AMARILIS,URBANA,CARRETERA,NACIONAL,PE-18A,-9.913444,-76.231121,DESPEJADO,RESIDENCIAL,TRAMO RECTO,PLANA ,ASFALTADA,,,,,EN PROCESO DE INVESTIGACIÓN,NO CUENTA CON CAUSA ESPECIFICA
A-2021-02-128,19/02/2021,22:39,DESPISTE,1,1,0,PIURA,PIURA,LA ARENA,RURAL,CARRETERA,NACIONAL,PE-1NK,-5.35371130978209,-80.7164430447336,DESPEJADO,RURAL,CURVA,PLANA ,TROCHA,,,,,EN PROCESO DE INVESTIGACIÓN,NO CUENTA CON CAUSA ESPECIFICA
A-2021-02-96,20/02/2021,05:30,DESPISTE,1,0,1,HUANUCO,LEONCIO PRADO,CASTILLO GRANDE,URBANA,CARRETERA,PROVINCIAL,HU-556,-9.2972753,-76.0076681,DESPEJADO,COMERCIAL,TRAMO RECTO,PLANA ,ASFALTADA,,,,,EN PROCESO DE INVESTIGACIÓN,NO CUENTA CON CAUSA ESPECIFICA
A-2021-02-280,20/02/2021,10:00,DESPISTE,1,0,1,HUANUCO,HUANUCO,QUISQUI (KICHKI),RURAL,CARRETERA,NACIONAL,PE-3N,-9.89296941835359,-76.4520505758337,DESPEJADO,RURAL,CURVA,INCLINADA,AFIRMADO,,,,,IMPRUDENCIA DEL CONDUCTOR,OTRO (IMPRUDENCIA DEL CONDUCTOR)
A-2021-02-166,20/02/2021,19:30,CHOQUE,1,2,2,LA LIBERTAD,CHEPEN,CHEPEN,RURAL,CALLE,URBANO,NO CORRESPONDE,-7.243284,-79.399869,DESPEJADO,RURAL,TRAMO RECTO,PLANA ,ASFALTADA,,,,,EN PROCESO DE INVESTIGACIÓN,NO CUENTA CON CAUSA ESPECIFICA
A-2021-02-212,20/02/2021,21:19,ATROPELLO FUGA,1,1,,PUNO,PUNO,ACORA,RURAL,CARRETERA,NACIONAL,PE-3S,-15.967404649767197,-69.80668923289836,DESPEJADO,RURAL,TRAMO RECTO,PLANA ,ASFALTADA,,,,,EN PROCESO DE INVESTIGACIÓN,NO CUENTA CON CAUSA ESPECIFICA
A-2021-02-147,20/02/2021,23:00,DESPISTE,1,0,0,PUNO,CHUCUITO,POMATA,RURAL,CARRETERA,SIN CLASIFICAR,SIN CLASIFICAR,-16.267506795376008,-69.29679018408967,DESPEJADO,RURAL,CURVA,PLANA ,TROCHA,,,,,IMPRUDENCIA DEL CONDUCTOR,EXCESO DE VELOCIDAD
A-2021-02-284,21/02/2021,19:45,DESPISTE,1,1,1,PIURA,MORROPON,SALITRAL,RURAL,CARRETERA,NACIONAL,PE-02A,-5.371868812921817,-79.820396398911,DESPEJADO,RURAL,TRAMO RECTO,PLANA ,ASFALTADA,,,,,EN PROCESO DE INVESTIGACIÓN,NO CUENTA CON CAUSA ESPECIFICA
A-2021-02-115,21/02/2021,20:00,CHOQUE,1,2,2,PIURA,PIURA,VEINTISEIS DE OCTUBRE,RURAL,CARRETERA,NACIONAL,PE-1N,-5.160125,-80.693127,DESPEJADO,RURAL,TRAMO RECTO,PLANA ,ASFALTADA,SI,REGULADORA (R),,NO,IMPRUDENCIA DEL CONDUCTOR,CONDUCIR EN ESTADO DE EBRIEDAD Y/O DROGADICCIÓN
A-2021-02-275,21/02/2021,20:00,VOLCADURA,1,0,1,PIURA,SULLANA,QUERECOTILLO,RURAL,CARRETERA,NACIONAL,PE-1NN,-4.807883,-80.623159,DESPEJADO,RURAL,TRAMO RECTO,PLANA ,ASFALTADA,,,,,EN PROCESO DE INVESTIGACIÓN,NO CUENTA CON CAUSA ESPECIFICA
A-2021-02-274,21/02/2021,20:30,DESPISTE,1,0,1,PIURA,SULLANA,QUERECOTILLO,RURAL,CARRETERA,NACIONAL,PE-1NN,-4.7495287,-80.5879604,DESPEJADO,RURAL,TRAMO RECTO,PLANA ,ASFALTADA,,,,,EN PROCESO DE INVESTIGACIÓN,NO CUENTA CON CAUSA ESPECIFICA
A-2021-02-237,21/02/2021,21:40,CHOQUE CON OBJETO FIJO,1,0,0,LIMA,LIMA,MAGDALENA DEL MAR,URBANA,OTRO,URBANO,NO CORRESPONDE,-12.096810104208997,-77.0752579074752,SOLEADO,RURAL,TRAMO RECTO,PLANA ,ASFALTADA,,,,,EN PROCESO DE INVESTIGACIÓN,NO CUENTA CON CAUSA ESPECIFICA
A-2021-02-167,21/02/2021,23:15,CHOQUE,3,2,3,LA LIBERTAD,PACASMAYO,SAN PEDRO DE LLOC,RURAL,CARRETERA,NACIONAL,PE-1N,-7.434894,-79.50161,DESPEJADO,RURAL,TRAMO RECTO,PLANA ,ASFALTADA,,,,,IMPRUDENCIA DEL CONDUCTOR,CONDUCIR EN ESTADO DE EBRIEDAD Y/O DROGADICCIÓN
A-2021-02-282,22/02/2021,06:00,ATROPELLO FUGA,1,0,0,ANCASH,SANTA,NUEVO CHIMBOTE,URBANA,CARRETERA,NACIONAL,PE-1N,-9.15415057421513,-78.50331610768579,DESPEJADO,RESIDENCIAL,TRAMO RECTO,PLANA ,ASFALTADA,,,,,EN PROCESO DE INVESTIGACIÓN,NO CUENTA CON CAUSA ESPECIFICA
A-2021-02-266,22/02/2021,07:30,VOLCADURA,1,0,0,LIMA,LIMA,INDEPENDENCIA,URBANA,CARRETERA,NACIONAL,PE-1N,-11.988294226428462,-77.06414607991313,DESPEJADO,COMERCIAL,INTERSECCIÓN,PLANA ,ASFALTADA,,,,,IMPRUDENCIA DEL CONDUCTOR,EXCESO DE VELOCIDAD
A-2021-02-179,22/02/2021,07:50,ATROPELLO,1,0,1,PUNO,SAN ROMAN,JULIACA,URBANA,AVENIDA,URBANO,NO CORRESPONDE,-15.492512,-70.116788,DESPEJADO,RESIDENCIAL,TRAMO RECTO,PLANA ,CONCRETO,NO,,,SI,IMPRUDENCIA DEL PEATÓN,CRUCE INDEBIDO POR LA CALZADA
A-2021-02-175,22/02/2021,08:30,ATROPELLO,1,0,1,LAMBAYEQUE,CHICLAYO,LA VICTORIA,URBANA,CARRETERA,NACIONAL,PE-1N,-6.802063778798723,-79.84676677752996,DESPEJADO,RESIDENCIAL,INTERSECCIÓN,PLANA ,ASFALTADA,SI,REGULADORA (R),PREVENTIVA (P),NO,EN PROCESO DE INVESTIGACIÓN,NO CUENTA CON CAUSA ESPECIFICA