CÓDIGO SINIESTRO,FECHA SINIESTRO,HORA SINIESTRO,CLASE SINIESTRO,CANTIDAD DE FALLECIDOS,CANTIDAD DE LESIONADOS,CANTIDAD DE VEHICULOS DAÑADOS,DEPARTAMENTO,PROVINCIA,DISTRITO,ZONA,TIPO DE VÍA,RED VIAL,COD CARRETERA,COORDENADAS LATITUD,COORDENADAS  LONGITUD,CONDICIÓN CLIMÁTICA,ZONIFICACIÓN,CARACTERÍSTICAS DE VÍA,PERFIL LONGITUDINAL VÍA,SUPERFICIE DE CALZADA,¿EXISTE SEÑAL VERTICAL?,CLASIFICACIÓN DE LA SEÑAL VERTICAL Nº 1,CLASIFICACIÓN DE LA SEÑAL VERTICAL Nº 2,¿EXISTE SEÑAL HORIZONTAL?,CAUSA FACTOR PRINCIPAL,CAUSA ESPECÍFICA
A-2021-06-223,28/06/2021,04:50,DESPISTE,1,1,1,CUSCO,ANTA,HUAROCONDO,RURAL,CARRETERA,PROVINCIAL,CU-902,-13.427364,-72.218355,DESPEJADO,RURAL,TRAMO RECTO,PLANA ,ASFALTADA,,,,,IMPRUDENCIA DEL CONDUCTOR,EXCESO DE VELOCIDAD
A-2021-06-227,28/06/2021,05:05,CHOQUE,1,1,2,PIURA,PIURA,CASTILLA,URBANA,CARRETERA,NACIONAL,PE-1NJ,-5.231254,-80.635399,DESPEJADO,RURAL,CURVA,PLANA ,ASFALTADA,SI,INFORMATIVA (I),REGULADORA (R),NO,EN PROCESO DE INVESTIGACIÓN,NO CUENTA CON CAUSA ESPECIFICA
A-2021-06-325,28/06/2021,05:45,CHOQUE,2,0,2,LAMBAYEQUE,LAMBAYEQUE,MOTUPE,RURAL,CARRETERA,NACIONAL,PE-1NJ,-6.0373276,-79.677065,DESPEJADO,RURAL,TRAMO RECTO,PLANA ,ASFALTADA,,,,,EN PROCESO DE INVESTIGACIÓN,NO CUENTA CON CAUSA ESPECIFICA
A-2021-06-261,28/06/2021,09:00,CHOQUE,1,2,0,LIMA,LIMA,COMAS,URBANA,CARRETERA,NACIONAL,PE-1N,-11.924998397515166,-77.07287307237524,DESPEJADO,COMERCIAL,TRAMO RECTO,PLANA ,ASFALTADA,,,,,EN PROCESO DE INVESTIGACIÓN,NO CUENTA CON CAUSA ESPECIFICA
A-2021-06-216,28/06/2021,10:30,DESPISTE,1,0,1,PASCO,DANIEL ALCIDES CARRION,YANAHUANCA,RURAL,CARRETERA,DEPARTAMENTAL,PA-102,-10.497169232550565,-76.51338069190625,NUBLADO,RURAL,CURVA,INCLINADA,ASFALTADA,,,,,IMPRUDENCIA DEL CONDUCTOR,CONDUCIR EN ESTADO DE EBRIEDAD Y/O DROGADICCIÓN
A-2021-06-303,28/06/2021,12:30,DESPISTE,1,1,1,HUANCAVELICA,TAYACAJA,AHUAYCHA,RURAL,CARRETERA,NACIONAL,PE-3SD,-12.39026,-74.89023,DESPEJADO,RURAL,CURVA,INCLINADA,ASFALTADA,SI,PREVENTIVA (P),PREVENTIVA (P),SI,EN PROCESO DE INVESTIGACIÓN,NO CUENTA CON CAUSA ESPECIFICA
A-2021-06-262,28/06/2021,20:30,ATROPELLO FUGA,1,0,0,LIMA,LIMA,EL AGUSTINO,URBANA,CARRETERA,NACIONAL,PE-1N,-12.032365258669795,-77.00653383140924,DESPEJADO,INDUSTRIAL,TRAMO RECTO,PLANA ,ASFALTADA,,,,,EN PROCESO DE INVESTIGACIÓN,NO CUENTA CON CAUSA ESPECIFICA
A-2021-06-226,28/06/2021,22:00,CHOQUE,1,0,2,PIURA,PIURA,CASTILLA,URBANA,CARRETERA,NACIONAL,PE-1NJ,-5.211506667,-80.62212667,DESPEJADO,RURAL,INTERSECCIÓN,PLANA ,ASFALTADA,NO,,,SI,EN PROCESO DE INVESTIGACIÓN,NO CUENTA CON CAUSA ESPECIFICA
A-2021-06-244,28/06/2021,22:00,ATROPELLO FUGA,1,0,,CAJAMARCA,SAN PABLO,SAN BERNARDINO,RURAL,CARRETERA,PROVINCIAL,CA-1302,-7.2127688642193135,-78.76543875887974,DESPEJADO,RURAL,CURVA,INCLINADA,TROCHA,,,,,NEGLIGENCIA DEL CONDUCTOR,OTRO (NEGLIGENCIA DEL CONDUCTOR)
A-2021-06-263,28/06/2021,23:00,ATROPELLO,1,0,0,LIMA,LIMA,BREÑA,URBANA,AVENIDA,URBANO,NO CORRESPONDE,-12.068456129021952,-77.04824710442705,DESPEJADO,INDUSTRIAL,TRAMO RECTO,PLANA ,ASFALTADA,,,,,EN PROCESO DE INVESTIGACIÓN,NO CUENTA CON CAUSA ESPECIFICA
A-2021-06-316,29/06/2021,08:00,CHOQUE,1,0,2,PUNO,SAN ANTONIO DE PUTINA,PUTINA,RURAL,CARRETERA,NACIONAL,PE-34H,-14.944266577912037,-69.86740881756783,DESPEJADO,RURAL,TRAMO RECTO,INCLINADA,TROCHA,,,,,IMPRUDENCIA DEL CONDUCTOR,CONDUCIR EN SENTIDO CONTRARIO
A-2021-06-264,29/06/2021,08:30,ATROPELLO FUGA,1,0,0,LIMA,LIMA,SANTA ANITA,URBANA,AVENIDA,URBANO,NO CORRESPONDE,-12.033213,-76.942706,DESPEJADO,INDUSTRIAL,TRAMO RECTO,PLANA ,ASFALTADA,,,,,EN PROCESO DE INVESTIGACIÓN,NO CUENTA CON CAUSA ESPECIFICA
A-2021-06-222,29/06/2021,11:20,DESPISTE,3,0,1,PUNO,YUNGUYO,CUTURAPI,RURAL,CARRETERA,DEPARTAMENTAL,PU-130,-16.2697722970827,-69.1968094724791,DESPEJADO,RURAL,INTERSECCIÓN,PLANA ,ASFALTADA,,,,,IMPRUDENCIA DEL CONDUCTOR,CONDUCIR EN ESTADO DE EBRIEDAD Y/O DROGADICCIÓN
A-2021-06-241,29/06/2021,17:25,DESPISTE,1,3,1,LA LIBERTAD,SANCHEZ CARRION,HUAMACHUCO,RURAL,CARRETERA,NACIONAL,PE-3N,-7.883144,-78.118494,DESPEJADO,RURAL,TRAMO RECTO,PLANA ,ASFALTADA,,,,,IMPRUDENCIA DEL CONDUCTOR,OTRO (IMPRUDENCIA DEL CONDUCTOR)
A-2021-06-234,29/06/2021,22:00,ATROPELLO FUGA,1,0,0,TACNA,TACNA,LA YARADA LOS PALOS,RURAL,CARRETERA,PROVINCIAL,TA-644,-18.236664,-70.368142,DESPEJADO,RURAL,TRAMO RECTO,PLANA ,ASFALTADA,,,,,IMPRUDENCIA DEL PEATÓN,ESTADO DE EBRIEDAD Y/O DROGADICCIÓN
A-2021-06-230,30/06/2021,06:00,CHOQUE,1,6,2,HUANCAVELICA,HUANCAVELICA,ACORIA,RURAL,CARRETERA,NACIONAL,PE-3SM,-12.531054,-74.922456,DESPEJADO,RURAL,SINUOSA,PLANA ,ASFALTADA,SI,REGULADORA (R),REGULADORA (R),NO,EN PROCESO DE INVESTIGACIÓN,NO CUENTA CON CAUSA ESPECIFICA
A-2021-06-265,30/06/2021,10:30,CHOQUE,1,0,,LIMA,LIMA,SAN JUAN DE LURIGANCHO,URBANA,AVENIDA,URBANO,NO CORRESPONDE,-12.012326,-77.011352,DESPEJADO,COMERCIAL,TRAMO RECTO,PLANA ,ASFALTADA,,,,,IMPRUDENCIA DEL CONDUCTOR,OTRO (IMPRUDENCIA DEL CONDUCTOR)
A-2021-06-266,30/06/2021,19:15,CHOQUE,1,2,,LIMA,LIMA,LURIN,URBANA,CARRETERA,NACIONAL,PE-1S,-12.28184,-76.88049,NUBLADO,RESIDENCIAL,TRAMO RECTO,PLANA ,ASFALTADA,,,,,IMPRUDENCIA DEL CONDUCTOR,CONDUCIR EN ESTADO DE EBRIEDAD Y/O DROGADICCIÓN
A-2021-06-356,30/06/2021,19:30,ATROPELLO,1,0,1,SAN MARTIN,EL DORADO,SAN MARTIN,URBANA,CARRETERA,DEPARTAMENTAL,SM-100,-6.516202452788468,-76.74214138703812,SOLEADO,COMERCIAL,TRAMO RECTO,PLANA ,ASFALTADA,,,,,IMPRUDENCIA DEL PEATÓN,CRUCE INDEBIDO POR LA CALZADA
A-2021-06-267,30/06/2021,20:20,CHOQUE,1,0,0,LIMA,LIMA,COMAS,URBANA,AVENIDA,URBANO,NO CORRESPONDE,-11.9661628,-77.0559275,DESPEJADO,COMERCIAL,TRAMO RECTO,PLANA ,CONCRETO,,,,,EN PROCESO DE INVESTIGACIÓN,NO CUENTA CON CAUSA ESPECIFICA
A-2021-07-136,01/07/2021,01:30,ATROPELLO FUGA,1,0,1,CUSCO,CANCHIS,MARANGANI,RURAL,CARRETERA,NACIONAL,PE-3S,-14.36536,-71.15689,DESPEJADO,RURAL,TRAMO RECTO,PLANA ,ASFALTADA,NO,,,SI,IMPRUDENCIA DEL CONDUCTOR,EXCESO DE VELOCIDAD
A-2021-07-149,01/07/2021,02:30,CHOQUE CON OBJETO FIJO,1,0,,LIMA,HUARAL,HUARAL,URBANA,CARRETERA,PROVINCIAL,LM-678,-11.484734969302387,-77.20606663562256,,,,,,,,,,EN PROCESO DE INVESTIGACIÓN,NO CUENTA CON CAUSA ESPECIFICA
A-2021-07-40,01/07/2021,13:30,DESPISTE,1,0,1,LA LIBERTAD,TRUJILLO,LA ESPERANZA,URBANA,JIRÓN,URBANO,NO CORRESPONDE,-8.048035,-79.070344,DESPEJADO,INDUSTRIAL,TRAMO RECTO,PLANA ,ASFALTADA,,,,,EN PROCESO DE INVESTIGACIÓN,NO CUENTA CON CAUSA ESPECIFICA
A-2021-07-279,01/07/2021,18:30,DESPISTE,1,1,1,HUANUCO,HUANUCO,SAN PEDRO DE CHAULAN,RURAL,CARRETERA,PROVINCIAL,HU-1148,-10.007025,-76.45803,DESPEJADO,RURAL,SINUOSA,INCLINADA,AFIRMADO,,,,,IMPRUDENCIA DEL CONDUCTOR,EXCESO DE VELOCIDAD
A-2021-07-11,01/07/2021,20:30,VOLCADURA,1,0,,LIMA,LIMA,SANTIAGO DE SURCO,URBANA,CARRETERA,NACIONAL,PE-1S,-12.132164945357,-76.97838078248924,DESPEJADO,COMERCIAL,TRAMO RECTO,PLANA ,ASFALTADA,,,,,IMPRUDENCIA DEL PEATÓN,OTRO (IMPRUDENCIA DEL PEATÓN)
A-2021-07-280,02/07/2021,02:00,DESPISTE,2,1,1,HUANUCO,PACHITEA,UMARI,RURAL,CARRETERA,PROVINCIAL,HU-840,-9.890068,-75.992688,DESPEJADO,RURAL,SINUOSA,INCLINADA,ASFALTADA,,,,,EN PROCESO DE INVESTIGACIÓN,NO CUENTA CON CAUSA ESPECIFICA
A-2021-07-28,02/07/2021,06:00,DESPISTE,1,0,1,HUANCAVELICA,TAYACAJA,AHUAYCHA,RURAL,CARRETERA,NACIONAL,PE-3S,-12.530598,-74.945567,DESPEJADO,RURAL,TRAMO RECTO,INCLINADA,ASFALTADA,,,,,EN PROCESO DE INVESTIGACIÓN,NO CUENTA CON CAUSA ESPECIFICA
A-2021-07-76,02/07/2021,06:30,CHOQUE,1,1,2,MOQUEGUA,MARISCAL NIETO,MOQUEGUA,URBANA,AVENIDA,URBANO,NO CORRESPONDE,-17.209031,-70.940198,DESPEJADO,COMERCIAL,INTERSECCIÓN,PLANA ,ASFALTADA,SI,REGULADORA (R),REGULADORA (R),NO,IMPRUDENCIA DEL CONDUCTOR,OTRO (IMPRUDENCIA DEL CONDUCTOR)
A-2021-07-13,02/07/2021,15:00,CHOQUE,1,1,0,LIMA,LIMA,CHORRILLOS,URBANA,AVENIDA,URBANO,NO CORRESPONDE,-12.196577,-76.990935,DESPEJADO,INDUSTRIAL,TRAMO RECTO,PLANA ,ASFALTADA,,,,,EN PROCESO DE INVESTIGACIÓN,NO CUENTA CON CAUSA ESPECIFICA
A-2021-07-12,02/07/2021,15:30,ATROPELLO,1,0,0,LIMA,LIMA,LOS OLIVOS,,CARRETERA,NACIONAL,PE-1N,-11.967712,-77.067618,DESPEJADO,INDUSTRIAL,TRAMO RECTO,PLANA ,ASFALTADA,,,,,EN PROCESO DE INVESTIGACIÓN,NO CUENTA CON CAUSA ESPECIFICA
A-2021-07-120,02/07/2021,17:00,CHOQUE,1,0,3,HUANCAVELICA,CHURCAMPA,ANCO,RURAL,CARRETERA,NACIONAL,PE-3S,-12.6850796376415,-74.5864762496305,DESPEJADO,RURAL,SINUOSA,INCLINADA,ASFALTADA,SI,PREVENTIVA (P),,SI,EN PROCESO DE INVESTIGACIÓN,NO CUENTA CON CAUSA ESPECIFICA
A-2021-07-22,02/07/2021,18:00,DESPISTE,3,1,1,AREQUIPA,CARAVELI,CHAPARRA,RURAL,CARRETERA,PROVINCIAL,AR-514,-15.73168,-73.821106,DESPEJADO,RURAL,SINUOSA,INCLINADA,TROCHA,,,,,EN PROCESO DE INVESTIGACIÓN,NO CUENTA CON CAUSA ESPECIFICA
A-2021-07-56,02/07/2021,22:30,ATROPELLO FUGA,1,0,1,LA LIBERTAD,PACASMAYO,GUADALUPE,RURAL,CARRETERA,NACIONAL,PE-08,-7.305328,-79.443897,DESPEJADO,RURAL,TRAMO RECTO,PLANA ,ASFALTADA,,,,,EN PROCESO DE INVESTIGACIÓN,NO CUENTA CON CAUSA ESPECIFICA
A-2021-07-14,03/07/2021,01:12,CHOQUE,1,0,,LIMA,LIMA,LA VICTORIA,URBANA,AVENIDA,URBANO,NO CORRESPONDE,-12.059242242659254,-77.02981069274405,DESPEJADO,INDUSTRIAL,TRAMO RECTO,PLANA ,CONCRETO,,,,,IMPRUDENCIA DEL CONDUCTOR,CONDUCIR EN ESTADO DE EBRIEDAD Y/O DROGADICCIÓN
A-2021-07-181,03/07/2021,01:40,DESPISTE,1,0,1,CUSCO,CANCHIS,SICUANI,RURAL,CARRETERA,SIN CLASIFICAR,SIN CLASIFICAR,-14.210094,-71.174294,DESPEJADO,RURAL,TRAMO RECTO,PLANA ,ASFALTADA,SI,PREVENTIVA (P),PREVENTIVA (P),SI,EN PROCESO DE INVESTIGACIÓN,NO CUENTA CON CAUSA ESPECIFICA
A-2021-07-102,03/07/2021,10:30,CHOQUE,1,4,2,CAJAMARCA,JAEN,BELLAVISTA,RURAL,CARRETERA,NACIONAL,PE-5N,-5.598685,-78.781379,SOLEADO,RURAL,TRAMO RECTO,PLANA ,ASFALTADA,SI,REGULADORA (R),REGULADORA (R),NO,IMPRUDENCIA DEL CONDUCTOR,EXCESO DE VELOCIDAD
A-2021-07-235,03/07/2021,12:19,DESPISTE,1,0,1,PIURA,TALARA,MANCORA,URBANA,AVENIDA,URBANO,NO CORRESPONDE,-4.10401028138664,-81.04727978228925,DESPEJADO,RESIDENCIAL,TRAMO RECTO,PLANA ,ASFALTADA,,,,,EN PROCESO DE INVESTIGACIÓN,NO CUENTA CON CAUSA ESPECIFICA
A-2021-07-205,03/07/2021,15:00,CHOQUE,3,10,2,LAMBAYEQUE,FERREÑAFE,FERREÑAFE,RURAL,CARRETERA,DEPARTAMENTAL,LA-111,-6.590189,-79.785812,DESPEJADO,RURAL,TRAMO RECTO,PLANA ,ASFALTADA,,,,,EN PROCESO DE INVESTIGACIÓN,NO CUENTA CON CAUSA ESPECIFICA
A-2021-07-57,03/07/2021,19:30,CHOQUE,1,0,2,LA LIBERTAD,CHEPEN,PACANGA,RURAL,CARRETERA,NACIONAL,PE-1N,-7.178163,-79.4377261,DESPEJADO,RURAL,TRAMO RECTO,PLANA ,ASFALTADA,,,,,EN PROCESO DE INVESTIGACIÓN,NO CUENTA CON CAUSA ESPECIFICA
A-2021-07-15,03/07/2021,19:40,CHOQUE,1,2,0,LIMA,LIMA,ATE,URBANA,AVENIDA,URBANO,NO CORRESPONDE,-12.064744,-76.978404,DESPEJADO,COMERCIAL,TRAMO RECTO,PLANA ,CONCRETO,,,,,EN PROCESO DE INVESTIGACIÓN,NO CUENTA CON CAUSA ESPECIFICA
A-2021-07-209,03/07/2021,20:30,CHOQUE,1,2,2,LAMBAYEQUE,LAMBAYEQUE,MORROPE,RURAL,CARRETERA,NACIONAL,PE-1N,-6.57292291453814,-79.9909434882227,DESPEJADO,RURAL,PASE A DESNIVEL,INCLINADA,ASFALTADA,SI,INFORMATIVA (I),PREVENTIVA (P),NO,EN PROCESO DE INVESTIGACIÓN,NO CUENTA CON CAUSA ESPECIFICA
A-2021-07-16,03/07/2021,22:00,ATROPELLO,1,0,,LIMA,LIMA,ATE,URBANA,CARRETERA,NACIONAL,PE-22,-12.00750801125261,-76.85646207678862,DESPEJADO,INDUSTRIAL,TRAMO RECTO,PLANA ,CONCRETO,,,,,IMPRUDENCIA DEL PEATÓN,ESTADO DE EBRIEDAD Y/O DROGADICCIÓN
A-2021-07-169,04/07/2021,01:50,CHOQUE FUGA,1,0,0,AYACUCHO,CANGALLO,LOS MOROCHUCOS,RURAL,CARRETERA,SIN CLASIFICAR,SIN CLASIFICAR,-13.57731,-74.18991,DESPEJADO,RURAL,CURVA,INCLINADA,ASFALTADA,,,,,IMPRUDENCIA DEL CONDUCTOR,EXCESO DE VELOCIDAD
A-2021-07-17,04/07/2021,03:30,VOLCADURA,1,0,0,LIMA,LIMA,SANTIAGO DE SURCO,URBANA,CARRETERA,NACIONAL,PE-1S,-12.131299,-76.978347,DESPEJADO,RESIDENCIAL,TRAMO RECTO,PLANA ,ASFALTADA,,,,,EN PROCESO DE INVESTIGACIÓN,NO CUENTA CON CAUSA ESPECIFICA
A-2021-07-84,04/07/2021,08:10,CHOQUE,1,0,2,PUNO,SANDIA,SAN JUAN DEL ORO,RURAL,CARRETERA,NACIONAL,PE-34H,-14.210239112782633,-69.14277791443065,DESPEJADO,RURAL,CURVA,INCLINADA,ASFALTADA,,,,,IMPRUDENCIA DEL CONDUCTOR,EXCESO DE VELOCIDAD
A-2021-07-132,04/07/2021,13:31,CHOQUE,1,0,2,CUSCO,CANAS,LANGUI,URBANA,CARRETERA,PROVINCIAL,CU-1719,-14.4832,-71.255,DESPEJADO,RESIDENCIAL,TRAMO RECTO,PLANA ,ASFALTADA,,,,,IMPRUDENCIA DEL CONDUCTOR,INVASIÓN DE CARRIL
A-2021-07-9,04/07/2021,16:55,ATROPELLO,1,2,1,AREQUIPA,AREQUIPA,JOSE LUIS BUSTAMANTE Y RIVERO,URBANA,CALLE,URBANO,NO CORRESPONDE,-16.44527,-71.51142,DESPEJADO,RESIDENCIAL,TRAMO RECTO,PLANA ,ASFALTADA,,,,,EN PROCESO DE INVESTIGACIÓN,NO CUENTA CON CAUSA ESPECIFICA
A-2021-07-8,04/07/2021,17:30,CHOQUE,1,0,2,AREQUIPA,ISLAY,COCACHACRA,RURAL,CARRETERA,NACIONAL,PE-1S,-16.88814,-71.846429,DESPEJADO,RURAL,TRAMO RECTO,PLANA ,ASFALTADA,NO,,,SI,EN PROCESO DE INVESTIGACIÓN,NO CUENTA CON CAUSA ESPECIFICA
A-2021-07-65,04/07/2021,17:50,DESPISTE,1,1,1,APURIMAC,ANDAHUAYLAS,ANDARAPA,RURAL,CARRETERA,PROVINCIAL,AP-575,-13.516836,-73.356453,SOLEADO,RURAL,CURVA,INCLINADA,CASCAJO/RIPIO,,,,,NEGLIGENCIA DEL CONDUCTOR,OTRO (NEGLIGENCIA DEL CONDUCTOR)
A-2021-07-284,04/07/2021,18:00,DESPISTE,1,0,1,HUANUCO,HUANUCO,QUISQUI (KICHKI),RURAL,CARRETERA,PROVINCIAL,HU-1105,-9.899559,-76.434697,DESPEJADO,RURAL,CURVA,INCLINADA,TROCHA,,,,,EN PROCESO DE INVESTIGACIÓN,NO CUENTA CON CAUSA ESPECIFICA
A-2021-07-24,04/07/2021,18:30,CHOQUE,1,0,2,SAN MARTIN,MOYOBAMBA,MOYOBAMBA,URBANA,CARRETERA,NACIONAL,PE-5N,-6.065207,-76.923387,DESPEJADO,RURAL,TRAMO RECTO,PLANA ,ASFALTADA,,,,,IMPRUDENCIA DEL CONDUCTOR,GIRAR IMPRUDENTEMENTE
A-2021-07-10,04/07/2021,19:00,ATROPELLO,1,0,,CALLAO,CALLAO,VENTANILLA,URBANA,CARRETERA,NACIONAL,PE-20,-11.915812389435017,-77.12852595735622,DESPEJADO,INDUSTRIAL,TRAMO RECTO,PLANA ,ASFALTADA,,,,,IMPRUDENCIA DEL CONDUCTOR,OTRO (IMPRUDENCIA DEL CONDUCTOR)
A-2021-07-189,04/07/2021,22:18,ATROPELLO FUGA,1,0,1,CUSCO,CANCHIS,SICUANI,RURAL,CARRETERA,NACIONAL,PE-3S,-14.305062,-71.210537,DESPEJADO,RURAL,TRAMO RECTO,PLANA ,ASFALTADA,,,,,EN PROCESO DE INVESTIGACIÓN,NO CUENTA CON CAUSA ESPECIFICA
A-2021-07-33,05/07/2021,07:25,DESPISTE,1,0,1,CAJAMARCA,HUALGAYOC,BAMBAMARCA,RURAL,CARRETERA,PROVINCIAL,CA-966,-6.6377064,-78.48006483,DESPEJADO,RURAL,CURVA,INCLINADA,AFIRMADO,SI,PREVENTIVA (P),,NO,IMPRUDENCIA DEL CONDUCTOR,FATIGA Y/O CANSANCIO
A-2021-07-21,05/07/2021,17:30,DESPISTE,1,2,1,CALLAO,CALLAO,VENTANILLA,URBANA,AVENIDA,URBANO,NO CORRESPONDE,-11.846209305910964,-77.13424790406403,DESPEJADO,RESIDENCIAL,OTRO,INCLINADA,AFIRMADO,,,,,NEGLIGENCIA DEL CONDUCTOR,OTRO (NEGLIGENCIA DEL CONDUCTOR)
A-2021-07-23,05/07/2021,17:58,ATROPELLO,1,0,0,AREQUIPA,AREQUIPA,CAYMA,URBANA,AVENIDA,URBANO,NO CORRESPONDE,-16.3895257,-71.5478585,DESPEJADO,RESIDENCIAL,INTERSECCIÓN,INCLINADA,ASFALTADA,NO,,,SI,EN PROCESO DE INVESTIGACIÓN,NO CUENTA CON CAUSA ESPECIFICA
A-2021-07-229,05/07/2021,21:20,ATROPELLO FUGA,1,0,,LIMA,LIMA,SAN MARTIN DE PORRES,URBANA,AVENIDA,URBANO,NO CORRESPONDE,-12.001002,-77.090998,DESPEJADO,COMERCIAL,INTERSECCIÓN,PLANA ,ASFALTADA,,,,,EN PROCESO DE INVESTIGACIÓN,NO CUENTA CON CAUSA ESPECIFICA
A-2021-07-141,06/07/2021,06:20,DESPISTE,2,0,1,PUNO,SANDIA,SAN JUAN DEL ORO,RURAL,CARRETERA,NACIONAL,PE-34H,-14.211377970111968,-69.1442638354776,DESPEJADO,RURAL,CURVA,INCLINADA,TROCHA,,,,,NEGLIGENCIA DEL CONDUCTOR,OTRO (NEGLIGENCIA DEL CONDUCTOR)
A-2021-07-146,06/07/2021,10:00,DESPISTE,2,2,1,LIMA,HUAURA,SAYAN,RURAL,CARRETERA,NACIONAL,PE-18,-11.191100360128827,-77.30334008873774,DESPEJADO,RURAL,TRAMO RECTO,PLANA ,ASFALTADA,,,,,IMPRUDENCIA DEL CONDUCTOR,EXCESO DE VELOCIDAD
A-2021-07-58,06/07/2021,12:45,ATROPELLO,1,0,1,LA LIBERTAD,TRUJILLO,TRUJILLO,URBANA,AVENIDA,URBANO,NO CORRESPONDE,-8.11165,-79.01348,DESPEJADO,COMERCIAL,TRAMO RECTO,PLANA ,ASFALTADA,,,,,EN PROCESO DE INVESTIGACIÓN,NO CUENTA CON CAUSA ESPECIFICA
A-2021-07-160,06/07/2021,19:58,CHOQUE,1,0,2,CUSCO,CUSCO,SAN JERONIMO,URBANA,VIA EXPRESA,URBANO,NO CORRESPONDE,-13.543829,-71.900762,DESPEJADO,RESIDENCIAL,TRAMO RECTO,PLANA ,ASFALTADA,SI,REGULADORA (R),REGULADORA (R),SI,IMPRUDENCIA DEL CONDUCTOR,INVASIÓN DE CARRIL
A-2021-07-231,06/07/2021,20:00,ATROPELLO FUGA,2,0,,LIMA,LIMA,SAN JUAN DE LURIGANCHO,URBANA,AVENIDA,URBANO,NO CORRESPONDE,-11.990197,-77.015389,NUBLADO,COMERCIAL,INTERSECCIÓN,PLANA ,ASFALTADA,,,,,IMPRUDENCIA DEL CONDUCTOR,EXCESO DE VELOCIDAD
A-2021-07-37,07/07/2021,05:00,CHOQUE,1,0,,MADRE DE DIOS,TAMBOPATA,INAMBARI,RURAL,CARRETERA,NACIONAL,PE-30C,-12.885875129843052,-70.02098674946659,,,,,,,,,,EN PROCESO DE INVESTIGACIÓN,NO CUENTA CON CAUSA ESPECIFICA
A-2021-07-226,07/07/2021,06:15,DESPISTE,2,1,1,APURIMAC,GRAU,GAMARRA,RURAL,CARRETERA,DEPARTAMENTAL,AP-113,-13.86392416157982,-72.50583311454133,DESPEJADO,RURAL,TRAMO RECTO,PLANA ,AFIRMADO,,,,,NEGLIGENCIA DEL CONDUCTOR,OTRO (NEGLIGENCIA DEL CONDUCTOR)
A-2021-07-50,07/07/2021,07:20,ATROPELLO,1,0,1,JUNIN,CHUPACA,HUAMANCACA CHICO,URBANA,JIRÓN,URBANO,NO CORRESPONDE,-12.07933,-75.24921,DESPEJADO,RURAL,OTRO,PLANA ,TROCHA,,,,,IMPRUDENCIA DEL CONDUCTOR,VEHÍCULO MAL ESTACIONADO
A-2021-07-59,07/07/2021,07:40,CHOQUE,1,0,2,LA LIBERTAD,ASCOPE,RAZURI,RURAL,CARRETERA,NACIONAL,PE-1N,-7.6118045,-79.3688091,LLUVIOSO,RURAL,TRAMO RECTO,PLANA ,ASFALTADA,,,,,IMPRUDENCIA DEL CONDUCTOR,FATIGA Y/O CANSANCIO
A-2021-07-233,07/07/2021,11:30,CHOQUE,1,0,0,LIMA,LIMA,COMAS,URBANA,CARRETERA,NACIONAL,PE-20A,-11.910779,-77.05586,NUBLADO,ESCOLAR,INTERSECCIÓN,PLANA ,ASFALTADA,NO,,,NO,EN PROCESO DE INVESTIGACIÓN,NO CUENTA CON CAUSA ESPECIFICA
A-2021-07-78,07/07/2021,16:30,CHOQUE,8,8,3,TACNA,TACNA,LA YARADA LOS PALOS,RURAL,CARRETERA,NACIONAL,PE-1SD,-18.125966,-70.391346,DESPEJADO,RURAL,TRAMO RECTO,PLANA ,ASFALTADA,NO,,,SI,IMPRUDENCIA DEL CONDUCTOR,INVASIÓN DE CARRIL
A-2021-07-29,07/07/2021,21:10,CHOQUE,2,1,2,PUNO,CHUCUITO,ZEPITA,RURAL,CARRETERA,NACIONAL,PE-3S,-16.43036876686359,-69.16751835808462,DESPEJADO,RURAL,TRAMO RECTO,PLANA ,ASFALTADA,,,,,IMPRUDENCIA DEL CONDUCTOR,EXCESO DE VELOCIDAD
A-2021-07-34,08/07/2021,02:10,CHOQUE,1,2,2,ANCASH,HUAYLAS,CARAZ,RURAL,CARRETERA,NACIONAL,PE-3N,-9.072865102671805,-77.78696410785597,DESPEJADO,RURAL,TRAMO RECTO,INCLINADA,ASFALTADA,SI,PREVENTIVA (P),,SI,IMPRUDENCIA DEL CONDUCTOR,INVASIÓN DE CARRIL
A-2021-07-46,08/07/2021,14:31,DESPISTE,1,3,1,TACNA,TACNA,ALTO DE LA ALIANZA,RURAL,CARRETERA,NACIONAL,PE-38,-17.995197,-70.262317,DESPEJADO,RURAL,CURVA,INCLINADA,ASFALTADA,SI,PREVENTIVA (P),PREVENTIVA (P),NO,IMPRUDENCIA DEL CONDUCTOR,EXCESO DE VELOCIDAD
A-2021-07-60,08/07/2021,16:45,CHOQUE,1,0,2,LA LIBERTAD,PACASMAYO,PACASMAYO,RURAL,CARRETERA,NACIONAL,PE-1N,-7.407695,-79.557017,DESPEJADO,RURAL,INTERSECCIÓN,PLANA ,ASFALTADA,,,,,EN PROCESO DE INVESTIGACIÓN,NO CUENTA CON CAUSA ESPECIFICA