CÓDIGO SINIESTRO,FECHA SINIESTRO,HORA SINIESTRO,CLASE SINIESTRO,CANTIDAD DE FALLECIDOS,CANTIDAD DE LESIONADOS,CANTIDAD DE VEHICULOS DAÑADOS,DEPARTAMENTO,PROVINCIA,DISTRITO,ZONA,TIPO DE VÍA,RED VIAL,COD CARRETERA,COORDENADAS LATITUD,COORDENADAS  LONGITUD,CONDICIÓN CLIMÁTICA,ZONIFICACIÓN,CARACTERÍSTICAS DE VÍA,PERFIL LONGITUDINAL VÍA,SUPERFICIE DE CALZADA,¿EXISTE SEÑAL VERTICAL?,CLASIFICACIÓN DE LA SEÑAL VERTICAL Nº 1,CLASIFICACIÓN DE LA SEÑAL VERTICAL Nº 2,¿EXISTE SEÑAL HORIZONTAL?,CAUSA FACTOR PRINCIPAL,CAUSA ESPECÍFICA
A-2021-09-118,11/09/2021,17:40,ESPECIAL,1,0,0,LIMA,LIMA,CHACLACAYO,URBANA,CARRETERA,NACIONAL,PE-22,-11.985570801507548,-76.8095719742455,DESPEJADO,RESIDENCIAL,TRAMO RECTO,PLANA ,ASFALTADA,,,,,EN PROCESO DE INVESTIGACIÓN,NO CUENTA CON CAUSA ESPECIFICA
A-2021-09-48,11/09/2021,19:30,CHOQUE,1,2,2,PIURA,MORROPON,LA MATANZA,RURAL,CARRETERA,NACIONAL,PE-02A,-5.240542,-80.089013,DESPEJADO,RURAL,TRAMO RECTO,INCLINADA,ASFALTADA,,,,,EN PROCESO DE INVESTIGACIÓN,NO CUENTA CON CAUSA ESPECIFICA
A-2021-09-276,12/09/2021,05:00,CHOQUE,1,0,2,CAJAMARCA,JAEN,BELLAVISTA,URBANA,CARRETERA,PROVINCIAL,CA-744,-5.665039781651673,-78.6812549418639,DESPEJADO,RESIDENCIAL,TRAMO RECTO,PLANA ,ASFALTADA,,,,,EN PROCESO DE INVESTIGACIÓN,NO CUENTA CON CAUSA ESPECIFICA
A-2021-09-163,12/09/2021,12:30,FERROVIARIO,1,0,1,CUSCO,ANTA,ANTA,RURAL,CARRETERA,DEPARTAMENTAL,CU-110,-13.455011,-72.189688,DESPEJADO,RURAL,OTRO,PLANA ,CASCAJO/RIPIO,,,,,IMPRUDENCIA DEL PEATÓN,OTRO (IMPRUDENCIA DEL PEATÓN)
A-2021-09-41,12/09/2021,16:40,CHOQUE,1,10,2,PUNO,PUNO,PUNO,URBANA,AVENIDA,URBANO,NO CORRESPONDE,-15.851551,-70.015947,DESPEJADO,COMERCIAL,TRAMO RECTO,PLANA ,ASFALTADA,NO,,,SI,IMPRUDENCIA DEL CONDUCTOR,CONDUCIR EN ESTADO DE EBRIEDAD Y/O DROGADICCIÓN
A-2021-09-119,12/09/2021,19:58,CHOQUE,1,0,,LIMA,LIMA,VILLA EL SALVADOR,URBANA,AVENIDA,URBANO,NO CORRESPONDE,-12.192849867990839,-76.96236713957965,DESPEJADO,RESIDENCIAL,TRAMO RECTO,PLANA ,ASFALTADA,,,,,IMPRUDENCIA DEL CONDUCTOR,OTRO (IMPRUDENCIA DEL CONDUCTOR)
A-2021-09-59,12/09/2021,22:00,CHOQUE,1,1,2,CUSCO,URUBAMBA,YUCAY,RURAL,CARRETERA,NACIONAL,PE-28B,-13.330792,-72.071909,SOLEADO,RURAL,TRAMO RECTO,PLANA ,ASFALTADA,,,,,IMPRUDENCIA DEL CONDUCTOR,INVASIÓN DE CARRIL
A-2021-09-209,13/09/2021,01:40,DESPISTE,1,1,1,AYACUCHO,PAUCAR DEL SARA SARA,PAUSA,RURAL,CARRETERA,PROVINCIAL,AY-1251,-15.367685,-73.29724,DESPEJADO,RURAL,CURVA,INCLINADA,AFIRMADO,,,,,IMPRUDENCIA DEL CONDUCTOR,CONDUCIR EN ESTADO DE EBRIEDAD Y/O DROGADICCIÓN
A-2021-09-69,13/09/2021,02:00,CHOQUE,2,0,2,LA LIBERTAD,PACASMAYO,GUADALUPE,RURAL,CARRETERA,NACIONAL,PE-1N,-7.323069,-79.481149,DESPEJADO,RURAL,TRAMO RECTO,PLANA ,ASFALTADA,,,,,EN PROCESO DE INVESTIGACIÓN,NO CUENTA CON CAUSA ESPECIFICA
A-2021-09-42,13/09/2021,04:00,ATROPELLO FUGA,1,0,0,AREQUIPA,AREQUIPA,JOSE LUIS BUSTAMANTE Y RIVERO,URBANA,CARRETERA,NACIONAL,PE-34C,-16.425485761082975,-71.53318932425682,DESPEJADO,COMERCIAL,TRAMO RECTO,PLANA ,ASFALTADA,,,,,IMPRUDENCIA DEL CONDUCTOR,EXCESO DE VELOCIDAD
A-2021-09-196,13/09/2021,09:40,CHOQUE,1,0,1,PUNO,SAN ROMAN,JULIACA,URBANA,CARRETERA,NACIONAL,PE-3S,-15.495436,-70.120294,DESPEJADO,COMERCIAL,TRAMO RECTO,PLANA ,ASFALTADA,,,,,IMPRUDENCIA DEL CONDUCTOR,EXCESO DE VELOCIDAD
A-2021-09-100,13/09/2021,10:10,ATROPELLO,1,0,0,PUNO,LAMPA,LAMPA,RURAL,CARRETERA,DEPARTAMENTAL,PU-123,-15.410127983519631,-70.36522252959625,DESPEJADO,RURAL,TRAMO RECTO,PLANA ,CONCRETO,,,,,NEGLIGENCIA DEL CONDUCTOR,OTRO (NEGLIGENCIA DEL CONDUCTOR)
A-2021-09-199,13/09/2021,12:00,CHOQUE,1,4,2,LIMA,HUAURA,PACCHO,RURAL,CARRETERA,NACIONAL,PE-18,-10.913021559228133,-77.00273990850796,DESPEJADO,RURAL,CURVA,INCLINADA,ASFALTADA,,,,,IMPRUDENCIA DEL CONDUCTOR,INVASIÓN DE CARRIL
A-2021-09-255,13/09/2021,13:00,DESPISTE,1,0,1,JUNIN,CHANCHAMAYO,CHANCHAMAYO,RURAL,CARRETERA,NACIONAL,PE-22B,-11.022674418229407,-75.31631646869266,DESPEJADO,RURAL,TRAMO RECTO,PLANA ,ASFALTADA,,,,,EN PROCESO DE INVESTIGACIÓN,NO CUENTA CON CAUSA ESPECIFICA
A-2021-09-77,13/09/2021,18:50,ATROPELLO,1,2,1,AREQUIPA,AREQUIPA,YURA,URBANA,CARRETERA,DEPARTAMENTAL,AR-123,-16.3672817,-71.6395677,DESPEJADO,RESIDENCIAL,TRAMO RECTO,PLANA ,ASFALTADA,,,,,IMPRUDENCIA DEL CONDUCTOR,EXCESO DE VELOCIDAD
A-2021-09-239,13/09/2021,22:30,CHOQUE,1,0,2,MOQUEGUA,ILO,ILO,URBANA,CARRETERA,NACIONAL,PE-1SD,-17.64352615684302,-71.3391691409166,DESPEJADO,COMERCIAL,TRAMO RECTO,INCLINADA,ASFALTADA,SI,REGULADORA (R),REGULADORA (R),SI,IMPRUDENCIA DEL CONDUCTOR,OTRO (IMPRUDENCIA DEL CONDUCTOR)
A-2021-09-49,13/09/2021,22:30,ATROPELLO FUGA,1,0,0,PIURA,MORROPON,CHULUCANAS,RURAL,CARRETERA,NACIONAL,PE-1NS,-5.139167,-80.173203,DESPEJADO,RURAL,TRAMO RECTO,PLANA ,ASFALTADA,,,,,EN PROCESO DE INVESTIGACIÓN,NO CUENTA CON CAUSA ESPECIFICA
A-2021-09-78,14/09/2021,05:25,CHOQUE,1,2,2,AREQUIPA,CAYLLOMA,SAN ANTONIO DE CHUCA,RURAL,CARRETERA,NACIONAL,PE-34A,-15.7617292,-70.9896114,DESPEJADO,RURAL,CURVA,INCLINADA,ASFALTADA,SI,PREVENTIVA (P),PREVENTIVA (P),SI,IMPRUDENCIA DEL CONDUCTOR,INVASIÓN DE CARRIL
A-2021-09-268,14/09/2021,09:00,CHOQUE,1,0,,APURIMAC,COTABAMBAS,CHALLHUAHUACHO,RURAL,CARRETERA,NACIONAL,PE-3SF,-14.143804300351663,-72.30288533023071,,,,,,,,,,EN PROCESO DE INVESTIGACIÓN,NO CUENTA CON CAUSA ESPECIFICA
A-2021-09-130,14/09/2021,14:00,DESPISTE,1,0,1,LA LIBERTAD,SANTIAGO DE CHUCO,CACHICADAN,RURAL,CARRETERA,PROVINCIAL,LI-939,-8.039117,-78.09946,DESPEJADO,RURAL,TRAMO RECTO,PLANA ,TROCHA,,,,,EN PROCESO DE INVESTIGACIÓN,NO CUENTA CON CAUSA ESPECIFICA
A-2021-09-206,14/09/2021,14:45,CHOQUE,1,0,2,JUNIN,JAUJA,SAN LORENZO,RURAL,CARRETERA,NACIONAL,PE-3S,-11.845242,-75.386895,DESPEJADO,RESIDENCIAL,TRAMO RECTO,PLANA ,ASFALTADA,SI,PREVENTIVA (P),PREVENTIVA (P),NO,IMPRUDENCIA DEL CONDUCTOR,CONDUCIR EN ESTADO DE EBRIEDAD Y/O DROGADICCIÓN
A-2021-09-84,14/09/2021,19:30,CHOQUE,1,0,2,LA LIBERTAD,TRUJILLO,FLORENCIA DE MORA,URBANA,CALLE,URBANO,NO CORRESPONDE,-8.08727,-79.026687,DESPEJADO,COMERCIAL,INTERSECCIÓN,PLANA ,ASFALTADA,,,,,IMPRUDENCIA DEL CONDUCTOR,NO ESTABLECER EL DERECHO DE PASO
A-2021-09-121,14/09/2021,21:00,DESPISTE,1,0,0,LIMA,LIMA,LOS OLIVOS,URBANA,CARRETERA,NACIONAL,PE-1N,-11.9661888,-77.0678143,DESPEJADO,RESIDENCIAL,TRAMO RECTO,PLANA ,ASFALTADA,,,,,EN PROCESO DE INVESTIGACIÓN,NO CUENTA CON CAUSA ESPECIFICA
A-2021-09-273,15/09/2021,01:50,DESPISTE,1,0,1,SAN MARTIN,HUALLAGA,SAPOSOA,RURAL,CARRETERA,PROVINCIAL,SM-843,-6.93532,-76.7711,DESPEJADO,RURAL,CURVA,INCLINADA,ASFALTADA,NO,,,SI,IMPRUDENCIA DEL CONDUCTOR,CONDUCIR EN ESTADO DE EBRIEDAD Y/O DROGADICCIÓN
A-2021-09-212,15/09/2021,05:00,DESPISTE,2,71,1,LAMBAYEQUE,CHICLAYO,LAGUNAS,RURAL,CARRETERA,NACIONAL,PE-1N,-7.051415,-79.576526,DESPEJADO,RURAL,TRAMO RECTO,PLANA ,ASFALTADA,SI,REGULADORA (R),INFORMATIVA (I),SI,EN PROCESO DE INVESTIGACIÓN,NO CUENTA CON CAUSA ESPECIFICA
A-2021-09-210,15/09/2021,06:00,ATROPELLO,1,0,1,LAMBAYEQUE,LAMBAYEQUE,MOTUPE,RURAL,OTRO,URBANO,NO CORRESPONDE,-6.152058,-79.721485,DESPEJADO,RURAL,TRAMO RECTO,PLANA ,TROCHA,,,,,IMPRUDENCIA DEL CONDUCTOR,NO DAR PASO PREFERENTE AL PEATÓN
A-2021-09-124,15/09/2021,06:40,ATROPELLO,1,0,0,LIMA,LIMA,MIRAFLORES,URBANA,AVENIDA,URBANO,NO CORRESPONDE,-12.129439000029457,-77.02302743852582,DESPEJADO,COMERCIAL,INTERSECCIÓN,PLANA ,ASFALTADA,,,,,EN PROCESO DE INVESTIGACIÓN,NO CUENTA CON CAUSA ESPECIFICA
A-2021-09-85,15/09/2021,09:00,CHOQUE,1,0,3,LA LIBERTAD,CHEPEN,CHEPEN,RURAL,CARRETERA,NACIONAL,PE-1N,-7.214056,-79.429342,DESPEJADO,INDUSTRIAL,TRAMO RECTO,PLANA ,ASFALTADA,,,,,IMPRUDENCIA DEL CONDUCTOR,GIRAR IMPRUDENTEMENTE
A-2021-09-50,15/09/2021,19:40,ATROPELLO,1,0,0,PUNO,SAN ROMAN,JULIACA,URBANA,AVENIDA,URBANO,NO CORRESPONDE,-15.514318,-70.123775,DESPEJADO,RESIDENCIAL,TRAMO RECTO,PLANA ,ASFALTADA,SI,REGULADORA (R),REGULADORA (R),NO,IMPRUDENCIA DEL PEATÓN,CRUCE INDEBIDO POR LA CALZADA
A-2021-09-128,15/09/2021,20:30,ATROPELLO FUGA,1,0,1,LA LIBERTAD,ASCOPE,CHICAMA,RURAL,CARRETERA,NACIONAL,PE-1N,-7.974314,-79.081129,DESPEJADO,RURAL,TRAMO RECTO,PLANA ,ASFALTADA,,,,,IMPRUDENCIA DEL CONDUCTOR,CONDUCIR EN ESTADO DE EBRIEDAD Y/O DROGADICCIÓN
A-2021-09-45,16/09/2021,03:30,VOLCADURA,1,0,1,PUNO,PUNO,VILQUE,RURAL,CARRETERA,DEPARTAMENTAL,PU-122,-15.777412458103388,-70.30179249116372,DESPEJADO,RURAL,TRAMO RECTO,PLANA ,AFIRMADO,,,,,INFRAESTRUCTURA Y ENTORNO VIAL,OTRO (INFRAESTRUCTURA Y ENTORNO VIAL)
A-2021-09-44,16/09/2021,07:00,ATROPELLO,1,0,,PUNO,PUNO,ACORA,RURAL,CARRETERA,NACIONAL,PE-3S,-16.000244595944547,-69.76599430623706,DESPEJADO,RURAL,TRAMO RECTO,PLANA ,ASFALTADA,NO,,,SI,IMPRUDENCIA DEL PEATÓN,CRUCE INDEBIDO POR LA CALZADA
A-2021-09-65,17/09/2021,05:40,ESPECIAL,1,0,1,TACNA,TACNA,CIUDAD NUEVA,URBANA,AVENIDA,URBANO,NO CORRESPONDE,-17.976328,-70.23725,DESPEJADO,RESIDENCIAL,TRAMO RECTO,INCLINADA,ASFALTADA,,,,,IMPRUDENCIA DEL CONDUCTOR,OTRO (IMPRUDENCIA DEL CONDUCTOR)
A-2021-09-278,17/09/2021,14:00,CHOQUE,1,0,2,ANCASH,SANTA,CHIMBOTE,URBANA,JIRÓN,URBANO,NO CORRESPONDE,-9.083483826740993,-78.57346631162113,DESPEJADO,RESIDENCIAL,INTERSECCIÓN,PLANA ,ASFALTADA,,,,,EN PROCESO DE INVESTIGACIÓN,NO CUENTA CON CAUSA ESPECIFICA
A-2021-09-231,17/09/2021,17:15,CHOQUE,1,0,2,ICA,PISCO,PISCO,RURAL,CARRETERA,NACIONAL,PE-1SE,-13.699175,-76.165262,DESPEJADO,RURAL,TRAMO RECTO,PLANA ,ASFALTADA,,,,,EN PROCESO DE INVESTIGACIÓN,NO CUENTA CON CAUSA ESPECIFICA
A-2021-09-62,17/09/2021,22:45,CHOQUE,1,1,2,CUSCO,CALCA,LARES,URBANA,CARRETERA,SIN CLASIFICAR,SIN CLASIFICAR,-13.184115,-72.062108,DESPEJADO,RESIDENCIAL,TRAMO RECTO,PLANA ,ASFALTADA,,,,,IMPRUDENCIA DEL CONDUCTOR,EXCESO DE VELOCIDAD
A-2021-09-71,18/09/2021,04:50,DESPISTE,1,2,1,CAJAMARCA,SAN MARCOS,GREGORIO PITA,RURAL,CARRETERA,NACIONAL,PE-3N,-7.286192,-78.213168,DESPEJADO,RURAL,TRAMO RECTO,INCLINADA,ASFALTADA,SI,PREVENTIVA (P),,SI,EN PROCESO DE INVESTIGACIÓN,NO CUENTA CON CAUSA ESPECIFICA
A-2021-09-125,18/09/2021,06:45,DESPISTE,1,0,1,CUSCO,CANAS,LAYO,URBANA,CALLE,URBANO,NO CORRESPONDE,-14.49696,-71.155116,DESPEJADO,RESIDENCIAL,TRAMO RECTO,PLANA ,ASFALTADA,,,,,IMPRUDENCIA DEL CONDUCTOR,CONDUCIR EN ESTADO DE EBRIEDAD Y/O DROGADICCIÓN
A-2021-09-66,18/09/2021,07:20,CAÍDA DE PASAJERO,1,1,2,ICA,CHINCHA,CHINCHA BAJA,RURAL,CARRETERA,NACIONAL,PE-1S,-13.4609451,-76.136483,DESPEJADO,RURAL,TRAMO RECTO,PLANA ,ASFALTADA,,,,,EN PROCESO DE INVESTIGACIÓN,NO CUENTA CON CAUSA ESPECIFICA
A-2021-09-157,18/09/2021,11:05,CHOQUE,1,0,,LORETO,MAYNAS,BELEN,URBANA,AVENIDA,URBANO,NO CORRESPONDE,-3.7650069535268007,-73.25943265263824,,,,,,,,,,EN PROCESO DE INVESTIGACIÓN,NO CUENTA CON CAUSA ESPECIFICA
A-2021-09-195,18/09/2021,12:20,CHOQUE,1,0,2,PUNO,AZANGARO,AZANGARO,RURAL,CARRETERA,NACIONAL,PE-34B,-14.812665868258437,-70.24852685644093,DESPEJADO,RURAL,TRAMO RECTO,PLANA ,ASFALTADA,,,,,IMPRUDENCIA DEL CONDUCTOR,CONDUCIR EN SENTIDO CONTRARIO
A-2021-09-131,18/09/2021,15:00,CAÍDA DE PASAJERO,1,0,2,LA LIBERTAD,OTUZCO,USQUIL,RURAL,CARRETERA,PROVINCIAL,LI-777,-7.774257,-78.354444,DESPEJADO,RURAL,CURVA,INCLINADA,TROCHA,,,,,EN PROCESO DE INVESTIGACIÓN,NO CUENTA CON CAUSA ESPECIFICA
A-2021-09-272,18/09/2021,18:30,CHOQUE,1,1,2,SAN MARTIN,SAN MARTIN,CACATACHI,RURAL,CARRETERA,NACIONAL,PE-5N,-6.46943,-76.40892,DESPEJADO,RURAL,TRAMO RECTO,PLANA ,ASFALTADA,SI,REGULADORA (R),,SI,IMPRUDENCIA DEL CONDUCTOR,INVASIÓN DE CARRIL
A-2021-09-67,18/09/2021,19:20,DESPISTE,1,2,1,ANCASH,BOLOGNESI,PACLLON,RURAL,CARRETERA,PROVINCIAL,AN-1263,-10.197130278814091,-77.03216312157124,DESPEJADO,RURAL,CURVA,INCLINADA,AFIRMADO,,,,,IMPRUDENCIA DEL CONDUCTOR,EXCESO DE PASAJEROS O CARGA
A-2021-09-243,18/09/2021,19:51,DESPISTE,1,2,1,LIMA,BARRANCA,SUPE,RURAL,CARRETERA,NACIONAL,PE-1N,-10.788557,-77.711797,DESPEJADO,RURAL,TRAMO RECTO,PLANA ,ASFALTADA,,,,,EN PROCESO DE INVESTIGACIÓN,NO CUENTA CON CAUSA ESPECIFICA
A-2021-09-89,18/09/2021,20:35,ATROPELLO,1,0,1,AREQUIPA,AREQUIPA,LA JOYA,RURAL,CARRETERA,NACIONAL,PE-1S,-16.678236572097173,-71.8708634030674,DESPEJADO,RURAL,INTERSECCIÓN,PLANA ,ASFALTADA,SI,INFORMATIVA (I),INFORMATIVA (I),SI,EN PROCESO DE INVESTIGACIÓN,NO CUENTA CON CAUSA ESPECIFICA
A-2021-09-173,18/09/2021,22:00,CHOQUE,1,1,2,LORETO,MAYNAS,SAN JUAN BAUTISTA,URBANA,AVENIDA,URBANO,NO CORRESPONDE,-3.792249472553042,-73.29888612653801,SOLEADO,COMERCIAL,TRAMO RECTO,PLANA ,ASFALTADA,,,,,EN PROCESO DE INVESTIGACIÓN,NO CUENTA CON CAUSA ESPECIFICA
A-2021-09-129,19/09/2021,00:10,ATROPELLO FUGA,1,0,0,PUNO,SAN ROMAN,SAN MIGUEL,RURAL,CARRETERA,NACIONAL,PE-3S,-15.4497307,-70.1411055,DESPEJADO,RURAL,TRAMO RECTO,PLANA ,ASFALTADA,,,,,EN PROCESO DE INVESTIGACIÓN,NO CUENTA CON CAUSA ESPECIFICA
A-2021-09-171,19/09/2021,01:35,DESPISTE,1,0,1,CUSCO,CUSCO,SANTIAGO,RURAL,CARRETERA,PROVINCIAL,CU-1259,-13.55119,-72.018122,DESPEJADO,RURAL,SINUOSA,INCLINADA,TROCHA,,,,,IMPRUDENCIA DEL CONDUCTOR,FATIGA Y/O CANSANCIO
A-2021-09-126,19/09/2021,09:00,ATROPELLO,1,0,0,LIMA,LIMA,VILLA EL SALVADOR,URBANA,AVENIDA,URBANO,NO CORRESPONDE,-12.223894272996022,-76.91989657734099,SOLEADO,COMERCIAL,INTERSECCIÓN,PLANA ,ASFALTADA,,,,,EN PROCESO DE INVESTIGACIÓN,NO CUENTA CON CAUSA ESPECIFICA
A-2021-09-83,19/09/2021,10:00,CHOQUE,1,1,2,CAJAMARCA,CAJAMARCA,CAJAMARCA,URBANA,CARRETERA,NACIONAL,PE-3N,-7.14659055,-78.50834705,SOLEADO,RESIDENCIAL,TRAMO RECTO,PLANA ,ASFALTADA,,,,,IMPRUDENCIA DEL CONDUCTOR,EXCESO DE VELOCIDAD
A-2021-09-123,19/09/2021,10:30,CHOQUE,1,2,2,CUSCO,QUISPICANCHI,OCONGATE,RURAL,CARRETERA,NACIONAL,PE-30C,-13.621524,-71.397627,SOLEADO,RURAL,TRAMO RECTO,PLANA ,ASFALTADA,,,,,IMPRUDENCIA DEL CONDUCTOR,OTRO (IMPRUDENCIA DEL CONDUCTOR)
A-2021-09-64,19/09/2021,19:40,CHOQUE,2,2,3,TUMBES,TUMBES,TUMBES,RURAL,CARRETERA,NACIONAL,PE-1N,-3.5515163619640027,-80.41422487721141,DESPEJADO,RURAL,TRAMO RECTO,PLANA ,ASFALTADA,,,,,IMPRUDENCIA DEL CONDUCTOR,CONDUCIR EN ESTADO DE EBRIEDAD Y/O DROGADICCIÓN
A-2021-09-174,19/09/2021,23:30,CHOQUE,1,0,2,LORETO,MAYNAS,IQUITOS,URBANA,CALLE,URBANO,NO CORRESPONDE,-3.747080107033987,-73.24988936805082,DESPEJADO,COMERCIAL,INTERSECCIÓN,PLANA ,ASFALTADA,,,,,EN PROCESO DE INVESTIGACIÓN,NO CUENTA CON CAUSA ESPECIFICA
A-2021-09-80,20/09/2021,01:30,DESPISTE,1,6,1,APURIMAC,ANDAHUAYLAS,SAN JERONIMO,RURAL,CARRETERA,NACIONAL,PE-3S,-13.65386872563591,-73.31742164664246,DESPEJADO,RURAL,CURVA,PLANA ,ASFALTADA,SI,PREVENTIVA (P),PREVENTIVA (P),NO,IMPRUDENCIA DEL CONDUCTOR,CONDUCIR EN ESTADO DE EBRIEDAD Y/O DROGADICCIÓN
A-2021-09-81,20/09/2021,03:50,DESPISTE,1,1,1,PIURA,PIURA,VEINTISEIS DE OCTUBRE,URBANA,AVENIDA,URBANO,NO CORRESPONDE,-5.1716666,-80.6672373,DESPEJADO,RESIDENCIAL,INTERSECCIÓN,PLANA ,ASFALTADA,SI,REGULADORA (R),,NO,EN PROCESO DE INVESTIGACIÓN,NO CUENTA CON CAUSA ESPECIFICA
A-2021-09-82,20/09/2021,06:20,CHOQUE,2,19,2,PIURA,PIURA,TAMBO GRANDE,RURAL,CARRETERA,NACIONAL,PE-1NU,-5.077639,-80.430419,DESPEJADO,RURAL,TRAMO RECTO,INCLINADA,ASFALTADA,,,,,EN PROCESO DE INVESTIGACIÓN,NO CUENTA CON CAUSA ESPECIFICA
A-2021-09-117,20/09/2021,14:00,ESPECIAL,1,0,0,ICA,ICA,SAN JOSE DE LOS MOLINOS,RURAL,CARRETERA,SIN CLASIFICAR,SIN CLASIFICAR,-13.946955,-75.686347,DESPEJADO,RURAL,OTRO,PLANA ,TROCHA,,,,,EN PROCESO DE INVESTIGACIÓN,NO CUENTA CON CAUSA ESPECIFICA
A-2021-09-185,20/09/2021,14:00,ATROPELLO,1,0,1,PUNO,SAN ROMAN,JULIACA,URBANA,AVENIDA,URBANO,NO CORRESPONDE,-15.50232769756263,-70.12881421400706,DESPEJADO,RESIDENCIAL,INTERSECCIÓN,PLANA ,ASFALTADA,,,,,IMPRUDENCIA DEL PEATÓN,CRUCE INDEBIDO POR LA CALZADA
A-2021-09-228,20/09/2021,19:00,CHOQUE,2,0,2,PUNO,MELGAR,NUÑOA,RURAL,CARRETERA,DEPARTAMENTAL,PU-100,-14.622880234502432,-70.66671020275838,DESPEJADO,RURAL,TRAMO RECTO,PLANA ,ASFALTADA,,,,,IMPRUDENCIA DEL CONDUCTOR,CONDUCIR EN SENTIDO CONTRARIO
A-2021-09-127,20/09/2021,23:30,VOLCADURA,1,0,0,LIMA,LIMA,RIMAC,URBANA,AVENIDA,URBANO,NO CORRESPONDE,-12.037242898540958,-77.0134369893703,SOLEADO,COMERCIAL,TRAMO RECTO,PLANA ,ASFALTADA,,,,,EN PROCESO DE INVESTIGACIÓN,NO CUENTA CON CAUSA ESPECIFICA
A-2021-09-187,21/09/2021,02:00,DESPISTE,1,7,1,LIMA,HUARAL,AUCALLAMA,RURAL,CARRETERA,NACIONAL,PE-1N,-11.602196,-77.197035,DESPEJADO,RURAL,CURVA,INCLINADA,ASFALTADA,SI,INFORMATIVA (I),INFORMATIVA (I),SI,IMPRUDENCIA DEL CONDUCTOR,EXCESO DE VELOCIDAD
A-2021-09-102,21/09/2021,08:20,CHOQUE,1,0,3,JUNIN,HUANCAYO,SAN AGUSTIN,RURAL,CARRETERA,NACIONAL,PE-3S,-12.025156,-75.237934,DESPEJADO,COMERCIAL,TRAMO RECTO,PLANA ,ASFALTADA,,,,,EN PROCESO DE INVESTIGACIÓN,NO CUENTA CON CAUSA ESPECIFICA
A-2021-09-190,21/09/2021,13:30,CHOQUE,1,0,2,CUSCO,CHUMBIVILCAS,LLUSCO,RURAL,CARRETERA,NACIONAL,PE-3SG,-14.347746,-72.111246,DESPEJADO,RURAL,CURVA,INCLINADA,ASFALTADA,,,,,IMPRUDENCIA DEL CONDUCTOR,INVASIÓN DE CARRIL
A-2021-09-225,21/09/2021,17:00,DESPISTE,1,0,1,AREQUIPA,CONDESUYOS,CHICHAS,RURAL,CARRETERA,SIN CLASIFICAR,SIN CLASIFICAR,-15.600563,-73.00074,DESPEJADO,RURAL,SINUOSA,INCLINADA,TROCHA,,,,,EN PROCESO DE INVESTIGACIÓN,NO CUENTA CON CAUSA ESPECIFICA
A-2021-09-134,22/09/2021,02:30,DESPISTE,1,2,1,PIURA,MORROPON,SANTO DOMINGO,RURAL,CARRETERA,SIN CLASIFICAR,SIN CLASIFICAR,-5.003616,-79.850205,DESPEJADO,RURAL,TRAMO RECTO,PLANA ,ASFALTADA,,,,,EN PROCESO DE INVESTIGACIÓN,NO CUENTA CON CAUSA ESPECIFICA
A-2021-09-132,22/09/2021,04:40,DESPISTE,2,0,1,LA LIBERTAD,TRUJILLO,TRUJILLO,URBANA,AVENIDA,URBANO,NO CORRESPONDE,-8.123396,-79.022813,DESPEJADO,COMERCIAL,PUENTE,INCLINADA,ASFALTADA,,,,,IMPRUDENCIA DEL CONDUCTOR,CONDUCIR EN ESTADO DE EBRIEDAD Y/O DROGADICCIÓN
A-2021-09-88,22/09/2021,05:30,ATROPELLO FUGA,1,0,0,AREQUIPA,ISLAY,COCACHACRA,RURAL,CARRETERA,NACIONAL,PE-1S,-16.981594,-71.776746,NIEBLA,RURAL,CURVA,INCLINADA,ASFALTADA,SI,REGULADORA (R),PREVENTIVA (P),SI,EN PROCESO DE INVESTIGACIÓN,NO CUENTA CON CAUSA ESPECIFICA
A-2021-09-136,22/09/2021,06:10,CHOQUE FUGA,1,0,1,LA LIBERTAD,TRUJILLO,SALAVERRY,URBANA,CARRETERA,NACIONAL,PE-1N,-8.324195,-78.897364,DESPEJADO,RURAL,TRAMO RECTO,PLANA ,ASFALTADA,,,,,EN PROCESO DE INVESTIGACIÓN,NO CUENTA CON CAUSA ESPECIFICA
A-2021-09-110,22/09/2021,06:40,CHOQUE,2,3,2,AREQUIPA,CAYLLOMA,MAJES,RURAL,CARRETERA,NACIONAL,PE-1S,-16.372293,-72.171032,DESPEJADO,RURAL,TRAMO RECTO,PLANA ,ASFALTADA,SI,INFORMATIVA (I),INFORMATIVA (I),SI,EN PROCESO DE INVESTIGACIÓN,NO CUENTA CON CAUSA ESPECIFICA
A-2021-09-101,22/09/2021,14:30,CHOQUE,1,0,2,PUNO,HUANCANE,HUANCANE,RURAL,CARRETERA,NACIONAL,PE-34H,-15.2162068,-69.8305542,DESPEJADO,RURAL,CURVA,PLANA ,ASFALTADA,,,,,IMPRUDENCIA DEL CONDUCTOR,CONDUCIR EN SENTIDO CONTRARIO
A-2021-09-137,22/09/2021,15:00,CAÍDA DE PASAJERO,1,1,2,LA LIBERTAD,ASCOPE,PAIJAN,RURAL,CALLE,URBANO,NO CORRESPONDE,-7.74059,-79.29443,DESPEJADO,RURAL,CURVA,PLANA ,AFIRMADO,,,,,IMPRUDENCIA DEL CONDUCTOR,ADELANTAR INDEBIDAMENTE