CÓDIGO SINIESTRO,FECHA SINIESTRO,HORA SINIESTRO,CLASE SINIESTRO,CANTIDAD DE FALLECIDOS,CANTIDAD DE LESIONADOS,CANTIDAD DE VEHICULOS DAÑADOS,DEPARTAMENTO,PROVINCIA,DISTRITO,ZONA,TIPO DE VÍA,RED VIAL,COD CARRETERA,COORDENADAS LATITUD,COORDENADAS  LONGITUD,CONDICIÓN CLIMÁTICA,ZONIFICACIÓN,CARACTERÍSTICAS DE VÍA,PERFIL LONGITUDINAL VÍA,SUPERFICIE DE CALZADA,¿EXISTE SEÑAL VERTICAL?,CLASIFICACIÓN DE LA SEÑAL VERTICAL Nº 1,CLASIFICACIÓN DE LA SEÑAL VERTICAL Nº 2,¿EXISTE SEÑAL HORIZONTAL?,CAUSA FACTOR PRINCIPAL,CAUSA ESPECÍFICA
A-2021-10-112,13/10/2021,07:00,DESPISTE,1,0,1,PASCO,PASCO,HUARIACA,URBANA,CARRETERA,NACIONAL,PE-3N,-10.456805066766291,-76.17842262552362,DESPEJADO,COMERCIAL,CURVA,PLANA ,ASFALTADA,,,,,IMPRUDENCIA DEL CONDUCTOR,EXCESO DE VELOCIDAD
A-2021-10-187,13/10/2021,07:10,VOLCADURA,1,0,1,LIMA,LIMA,LOS OLIVOS,URBANA,AVENIDA,URBANO,NO CORRESPONDE,-12.002560601244666,-77.08321624201264,DESPEJADO,ESCOLAR,TRAMO RECTO,PLANA ,ASFALTADA,,,,,EN PROCESO DE INVESTIGACIÓN,NO CUENTA CON CAUSA ESPECIFICA
A-2021-10-95,13/10/2021,07:15,CHOQUE,1,0,2,PUNO,PUNO,ACORA,RURAL,CARRETERA,PROVINCIAL,PU-1099,-16.502025218297213,-70.1284413810243,DESPEJADO,RURAL,TRAMO RECTO,PLANA ,TROCHA,,,,,IMPRUDENCIA DEL CONDUCTOR,EXCESO DE VELOCIDAD
A-2021-10-188,13/10/2021,08:00,CHOQUE,1,0,1,LIMA,LIMA,ATE,URBANA,CARRETERA,NACIONAL,PE-1S,-12.064065824660597,-76.97142736402085,DESPEJADO,INDUSTRIAL,OTRO,PLANA ,ASFALTADA,,,,,EN PROCESO DE INVESTIGACIÓN,NO CUENTA CON CAUSA ESPECIFICA
A-2021-10-282,13/10/2021,11:00,CHOQUE,1,0,2,ANCASH,CASMA,COMANDANTE NOEL,RURAL,CARRETERA,NACIONAL,PE-1N,-9.408976122088768,-78.37199728459997,DESPEJADO,RURAL,TRAMO RECTO,PLANA ,ASFALTADA,,,,,EN PROCESO DE INVESTIGACIÓN,NO CUENTA CON CAUSA ESPECIFICA
A-2021-10-273,13/10/2021,13:45,CHOQUE,1,1,,TACNA,TACNA,PALCA,RURAL,CARRETERA,NACIONAL,PE-40,-17.78209,-69.96217,,,,,,,,,,EN PROCESO DE INVESTIGACIÓN,NO CUENTA CON CAUSA ESPECIFICA
A-2021-10-219,13/10/2021,17:00,DESPISTE,1,0,1,ANCASH,CARHUAZ,SHILLA,RURAL,CARRETERA,DEPARTAMENTAL,AN-107,-9.134660407262261,-77.53918638598626,DESPEJADO,RURAL,TRAMO RECTO,INCLINADA,ASFALTADA,,,,,EN PROCESO DE INVESTIGACIÓN,NO CUENTA CON CAUSA ESPECIFICA
A-2021-10-35,13/10/2021,17:00,CHOQUE,3,4,2,PUNO,PUNO,PUNO,URBANA,AVENIDA,URBANO,NO CORRESPONDE,-15.826448514566735,-70.0300204229295,DESPEJADO,COMERCIAL,TRAMO RECTO,PLANA ,ASFALTADA,,,,,IMPRUDENCIA DEL CONDUCTOR,CONDUCIR EN ESTADO DE EBRIEDAD Y/O DROGADICCIÓN
A-2021-10-245,13/10/2021,21:30,CHOQUE,1,0,2,LAMBAYEQUE,CHICLAYO,CHICLAYO,URBANA,CARRETERA,NACIONAL,PE-1N,-6.792700197413746,-79.86458647590561,DESPEJADO,COMERCIAL,INTERSECCIÓN,PLANA ,ASFALTADA,,,,,EN PROCESO DE INVESTIGACIÓN,NO CUENTA CON CAUSA ESPECIFICA
A-2021-10-276,14/10/2021,02:00,DESPISTE,1,1,1,SAN MARTIN,HUALLAGA,TINGO DE SAPOSOA,RURAL,CARRETERA,NACIONAL,PE-5N,-7.08634749784297,-76.6335848255816,DESPEJADO,RURAL,CURVA,INCLINADA,ASFALTADA,NO,,,SI,IMPRUDENCIA DEL CONDUCTOR,EXCESO DE VELOCIDAD
A-2021-10-189,14/10/2021,08:15,ESPECIAL,1,1,,LIMA,LIMA,LURIN,URBANA,CARRETERA,NACIONAL,PE-1S,-12.264945438692559,-76.90744130881495,DESPEJADO,RESIDENCIAL,TRAMO RECTO,PLANA ,ASFALTADA,,,,,EN PROCESO DE INVESTIGACIÓN,NO CUENTA CON CAUSA ESPECIFICA
A-2021-10-56,14/10/2021,15:30,CHOQUE,1,6,2,AREQUIPA,AREQUIPA,YURA,RURAL,CARRETERA,NACIONAL,PE-34A,-16.290627,-71.654266,DESPEJADO,RURAL,TRAMO RECTO,PLANA ,ASFALTADA,SI,PREVENTIVA (P),PREVENTIVA (P),SI,EN PROCESO DE INVESTIGACIÓN,NO CUENTA CON CAUSA ESPECIFICA
A-2021-10-121,14/10/2021,18:00,CHOQUE,1,0,2,PUNO,CARABAYA,MACUSANI,URBANA,CARRETERA,NACIONAL,PE-34B,-14.0653303,-70.43374,DESPEJADO,COMERCIAL,TRAMO RECTO,PLANA ,ASFALTADA,,,,,IMPRUDENCIA DEL CONDUCTOR,NO DAR PASO PREFERENTE AL PEATÓN
A-2021-10-63,14/10/2021,18:10,ATROPELLO,1,0,1,PIURA,HUANCABAMBA,HUARMACA,URBANA,CARRETERA,PROVINCIAL,PI-965,-5.567807679145014,-79.52669794244525,DESPEJADO,COMERCIAL,TRAMO RECTO,INCLINADA,ASFALTADA,,,,,EN PROCESO DE INVESTIGACIÓN,NO CUENTA CON CAUSA ESPECIFICA
A-2021-10-190,14/10/2021,22:00,CHOQUE,2,0,0,LIMA,LIMA,LA VICTORIA,URBANA,AVENIDA,URBANO,NO CORRESPONDE,-12.0770213,-77.0103256,DESPEJADO,INDUSTRIAL,ÓVALO,INCLINADA,ASFALTADA,,,,,EN PROCESO DE INVESTIGACIÓN,NO CUENTA CON CAUSA ESPECIFICA
A-2021-10-124,15/10/2021,01:20,DESPISTE,1,0,1,PUNO,SAN ROMAN,JULIACA,URBANA,CARRETERA,NACIONAL,PE-3S,-15.486112067198363,-70.12419282206257,DESPEJADO,COMERCIAL,TRAMO RECTO,PLANA ,ASFALTADA,,,,,IMPRUDENCIA DEL CONDUCTOR,EXCESO DE VELOCIDAD
A-2021-10-58,15/10/2021,08:00,CHOQUE,1,0,1,AREQUIPA,CAYLLOMA,MAJES,RURAL,CARRETERA,NACIONAL,PE-1S,-16.411364,-72.235137,SOLEADO,RURAL,TRAMO RECTO,PLANA ,ASFALTADA,NO,,,SI,EN PROCESO DE INVESTIGACIÓN,NO CUENTA CON CAUSA ESPECIFICA
A-2021-10-87,15/10/2021,10:30,CHOQUE,1,0,2,PUNO,HUANCANE,TARACO,RURAL,CARRETERA,NACIONAL,PE-34H,-15.2963057,-69.9679999,DESPEJADO,RURAL,TRAMO RECTO,PLANA ,ASFALTADA,NO,,,SI,IMPRUDENCIA DEL CONDUCTOR,CONDUCIR EN SENTIDO CONTRARIO
A-2021-10-78,15/10/2021,16:15,CHOQUE,1,4,2,LA LIBERTAD,OTUZCO,OTUZCO,RURAL,CARRETERA,NACIONAL,PE-10A,-7.966566,-78.638102,DESPEJADO,RURAL,CURVA,INCLINADA,ASFALTADA,,,,,IMPRUDENCIA DEL CONDUCTOR,ADELANTAR INDEBIDAMENTE
A-2021-10-93,16/10/2021,05:00,CHOQUE,7,30,3,AREQUIPA,AREQUIPA,YURA,RURAL,CARRETERA,NACIONAL,PE-34A,-16.110026,-71.624234,SOLEADO,RURAL,CURVA,INCLINADA,ASFALTADA,NO,,,SI,EN PROCESO DE INVESTIGACIÓN,NO CUENTA CON CAUSA ESPECIFICA
A-2021-10-46,16/10/2021,05:30,CHOQUE,1,1,2,ICA,ICA,SUBTANJALLA,URBANA,CARRETERA,NACIONAL,PE-1S,-14.0179962526892,-75.76281890181394,DESPEJADO,COMERCIAL,TRAMO RECTO,PLANA ,ASFALTADA,,,,,EN PROCESO DE INVESTIGACIÓN,NO CUENTA CON CAUSA ESPECIFICA
A-2021-10-165,16/10/2021,06:30,DESPISTE,1,0,1,CUSCO,QUISPICANCHI,OCONGATE,RURAL,CARRETERA,PROVINCIAL,CU-1363,-13.665055165262121,-71.36640668138864,DESPEJADO,RURAL,CURVA,PLANA ,TROCHA,,,,,IMPRUDENCIA DEL CONDUCTOR,EXCESO DE VELOCIDAD
A-2021-10-128,16/10/2021,09:00,DESPISTE,1,0,1,HUANCAVELICA,HUANCAVELICA,ASCENSION,RURAL,CARRETERA,DEPARTAMENTAL,HV-128,-12.778194,-74.989667,DESPEJADO,RURAL,SINUOSA,INCLINADA,AFIRMADO,,,,,EN PROCESO DE INVESTIGACIÓN,NO CUENTA CON CAUSA ESPECIFICA
A-2021-10-47,16/10/2021,10:15,ATROPELLO,1,0,0,TACNA,TACNA,CORONEL GREGORIO ALBARRACIN LANCHIPA,URBANA,CALLE,URBANO,NO CORRESPONDE,-18.056791,-70.250396,DESPEJADO,RESIDENCIAL,TRAMO RECTO,INCLINADA,ASFALTADA,,,,,IMPRUDENCIA DEL PEATÓN,CRUCE INDEBIDO POR LA CALZADA
A-2021-10-131,16/10/2021,16:56,ATROPELLO,1,0,1,PIURA,PIURA,VEINTISEIS DE OCTUBRE,URBANA,CARRETERA,NACIONAL,PE-1N,-5.195031,-80.647883,DESPEJADO,ESCOLAR,TRAMO RECTO,PLANA ,ASFALTADA,,,,,EN PROCESO DE INVESTIGACIÓN,NO CUENTA CON CAUSA ESPECIFICA
A-2021-10-148,16/10/2021,17:00,VOLCADURA,1,0,1,CUSCO,ANTA,CACHIMAYO,RURAL,CARRETERA,PROVINCIAL,CU-1150,-13.480072231464275,-72.06074094448556,DESPEJADO,RURAL,CURVA,PLANA ,TROCHA,,,,,IMPERICIA DEL CONDUCTOR,
A-2021-10-132,16/10/2021,17:30,CHOQUE,1,1,,PIURA,PIURA,PIURA,URBANA,CALLE,URBANO,NO CORRESPONDE,-5.187621,-80.646175,DESPEJADO,COMERCIAL,INTERSECCIÓN,PLANA ,CONCRETO,SI,REGULADORA (R),,NO,EN PROCESO DE INVESTIGACIÓN,NO CUENTA CON CAUSA ESPECIFICA
A-2021-10-79,16/10/2021,19:00,ATROPELLO FUGA,1,0,,LA LIBERTAD,ASCOPE,CHICAMA,RURAL,CARRETERA,NACIONAL,PE-1N,-7.984490824747274,-79.07726218234363,DESPEJADO,RURAL,TRAMO RECTO,PLANA ,ASFALTADA,,,,,EN PROCESO DE INVESTIGACIÓN,NO CUENTA CON CAUSA ESPECIFICA
A-2021-10-256,16/10/2021,22:50,DESPISTE,1,0,1,CAJAMARCA,JAEN,POMAHUACA,RURAL,CARRETERA,PROVINCIAL,CA-685,-5.948121339055347,-79.22781799156381,DESPEJADO,RURAL,CURVA,INCLINADA,ASFALTADA,,,,,EN PROCESO DE INVESTIGACIÓN,NO CUENTA CON CAUSA ESPECIFICA
A-2021-10-64,17/10/2021,01:30,ATROPELLO FUGA,1,0,1,CAJAMARCA,SAN MARCOS,GREGORIO PITA,RURAL,CARRETERA,NACIONAL,PE-3N,-7.29288983,-78.20605241,LLUVIOSO,RURAL,TRAMO RECTO,INCLINADA,ASFALTADA,,,,,EN PROCESO DE INVESTIGACIÓN,NO CUENTA CON CAUSA ESPECIFICA
A-2021-10-157,17/10/2021,03:30,CHOQUE,1,1,2,PIURA,PIURA,VEINTISEIS DE OCTUBRE,URBANA,CARRETERA,NACIONAL,PE-1N,-5.185351,-80.692227,DESPEJADO,INDUSTRIAL,TRAMO RECTO,PLANA ,ASFALTADA,,,,,IMPERICIA DEL CONDUCTOR,
A-2021-10-55,17/10/2021,05:15,DESPISTE,1,4,1,AREQUIPA,AREQUIPA,JACOBO HUNTER,URBANA,CARRETERA,PROVINCIAL,AR-561,-16.454473,-71.563586,DESPEJADO,RESIDENCIAL,CURVA,INCLINADA,ASFALTADA,,,,,EN PROCESO DE INVESTIGACIÓN,NO CUENTA CON CAUSA ESPECIFICA
A-2021-10-134,17/10/2021,05:45,CHOQUE,1,0,2,CALLAO,CALLAO,VENTANILLA,URBANA,CARRETERA,NACIONAL,PE-20,-11.871167460788834,-77.12763899304517,DESPEJADO,RESIDENCIAL,TRAMO RECTO,PLANA ,ASFALTADA,NO,,,SI,IMPRUDENCIA DEL CONDUCTOR,OTRO (IMPRUDENCIA DEL CONDUCTOR)
A-2021-10-168,17/10/2021,06:30,CHOQUE,1,0,,CUSCO,ANTA,HUAROCONDO,RURAL,CARRETERA,DEPARTAMENTAL,CU-110,-13.448742484212865,-72.20420027244724,DESPEJADO,RURAL,TRAMO RECTO,PLANA ,ASFALTADA,,,,,IMPRUDENCIA DEL CONDUCTOR,EXCESO DE VELOCIDAD
A-2021-10-154,17/10/2021,07:00,DESPISTE,1,0,1,AYACUCHO,HUAMANGA,SAN JUAN BAUTISTA,RURAL,CARRETERA,NACIONAL,PE-3S,-13.205522,-74.214854,DESPEJADO,RURAL,TRAMO RECTO,INCLINADA,ASFALTADA,,,,,IMPRUDENCIA DEL CONDUCTOR,CONDUCIR EN ESTADO DE EBRIEDAD Y/O DROGADICCIÓN
A-2021-10-65,17/10/2021,08:00,DESPISTE,1,1,1,AYACUCHO,LUCANAS,LUCANAS,RURAL,CARRETERA,NACIONAL,PE-30A,-14.6416945,-74.286133,DESPEJADO,RURAL,SINUOSA,PLANA ,ASFALTADA,,,,,EN PROCESO DE INVESTIGACIÓN,NO CUENTA CON CAUSA ESPECIFICA
A-2021-10-183,17/10/2021,08:30,DESPISTE,1,0,1,PIURA,PIURA,CASTILLA,URBANA,AVENIDA,URBANO,NO CORRESPONDE,-5.1967605,-80.623645,DESPEJADO,COMERCIAL,TRAMO RECTO,PLANA ,ASFALTADA,,,,,EN PROCESO DE INVESTIGACIÓN,NO CUENTA CON CAUSA ESPECIFICA
A-2021-10-191,17/10/2021,13:55,ATROPELLO,1,0,0,LIMA,LIMA,LA VICTORIA,URBANA,AVENIDA,URBANO,NO CORRESPONDE,-12.065986,-77.028915,DESPEJADO,COMERCIAL,TRAMO RECTO,PLANA ,ASFALTADA,,,,,EN PROCESO DE INVESTIGACIÓN,NO CUENTA CON CAUSA ESPECIFICA
A-2021-10-66,17/10/2021,15:50,CHOQUE,1,1,2,SAN MARTIN,RIOJA,NUEVA CAJAMARCA,URBANA,CARRETERA,NACIONAL,PE-5N,-5.813047,-77.388991,DESPEJADO,COMERCIAL,TRAMO RECTO,PLANA ,ASFALTADA,,,,,IMPRUDENCIA DEL CONDUCTOR,OTRO (IMPRUDENCIA DEL CONDUCTOR)
A-2021-10-192,17/10/2021,16:45,CHOQUE,1,1,0,LIMA,LIMA,CARABAYLLO,URBANA,AVENIDA,URBANO,NO CORRESPONDE,-11.861128889695754,-77.03202892594477,DESPEJADO,RESIDENCIAL,TRAMO RECTO,PLANA ,ASFALTADA,,,,,EN PROCESO DE INVESTIGACIÓN,NO CUENTA CON CAUSA ESPECIFICA
A-2021-10-144,17/10/2021,21:40,CHOQUE,1,0,1,CUSCO,ANTA,LIMATAMBO,URBANA,CARRETERA,NACIONAL,PE-3S,-13.480359146160579,-72.44639397031499,DESPEJADO,RESIDENCIAL,TRAMO RECTO,PLANA ,ASFALTADA,,,,,IMPRUDENCIA DEL CONDUCTOR,EXCESO DE VELOCIDAD
A-2021-10-80,18/10/2021,02:45,ATROPELLO,1,0,1,LA LIBERTAD,VIRU,GUADALUPITO,RURAL,CARRETERA,NACIONAL,PE-1N,-8.9568,-78.629543,DESPEJADO,RURAL,TRAMO RECTO,PLANA ,ASFALTADA,,,,,IMPRUDENCIA DEL CONDUCTOR,CONDUCIR EN ESTADO DE EBRIEDAD Y/O DROGADICCIÓN
A-2021-10-161,18/10/2021,06:00,DESPISTE,1,0,,CUSCO,PAUCARTAMBO,PAUCARTAMBO,RURAL,CARRETERA,DEPARTAMENTAL,CU-113,-13.32715005631293,-71.59099661653804,DESPEJADO,RURAL,TRAMO RECTO,PLANA ,TROCHA,,,,,NEGLIGENCIA DEL CONDUCTOR,OTRO (NEGLIGENCIA DEL CONDUCTOR)
A-2021-10-184,18/10/2021,14:30,DESPISTE,4,14,1,PIURA,SECHURA,SECHURA,RURAL,CARRETERA,NACIONAL,PE-1NK,-5.5168821,-80.8173725,DESPEJADO,RURAL,TRAMO RECTO,PLANA ,ASFALTADA,SI,PREVENTIVA (P),,NO,EN PROCESO DE INVESTIGACIÓN,NO CUENTA CON CAUSA ESPECIFICA
A-2021-10-193,18/10/2021,14:52,ATROPELLO,1,0,0,LIMA,LIMA,BREÑA,URBANA,AVENIDA,URBANO,NO CORRESPONDE,-12.065391,-77.045953,DESPEJADO,COMERCIAL,TRAMO RECTO,PLANA ,ASFALTADA,,,,,EN PROCESO DE INVESTIGACIÓN,NO CUENTA CON CAUSA ESPECIFICA
A-2021-10-220,18/10/2021,16:30,ESPECIAL,1,0,,ANCASH,POMABAMBA,POMABAMBA,URBANA,CARRETERA,NACIONAL,PE-14C,-8.817023375448127,-77.46082265358588,DESPEJADO,COMERCIAL,INTERSECCIÓN,PLANA ,CONCRETO,,,,,NEGLIGENCIA DEL CONDUCTOR,OTRO (NEGLIGENCIA DEL CONDUCTOR)
A-2021-10-194,18/10/2021,18:00,ATROPELLO,1,0,0,LIMA,LIMA,SANTIAGO DE SURCO,URBANA,AVENIDA,URBANO,NO CORRESPONDE,-12.1485184,-77.0094428,DESPEJADO,RESIDENCIAL,INTERSECCIÓN,PLANA ,ASFALTADA,,,,,EN PROCESO DE INVESTIGACIÓN,NO CUENTA CON CAUSA ESPECIFICA
A-2021-10-106,18/10/2021,19:00,ATROPELLO,1,1,1,AREQUIPA,AREQUIPA,CERRO COLORADO,URBANA,AVENIDA,URBANO,NO CORRESPONDE,-16.322252,-71.591631,DESPEJADO,RESIDENCIAL,INTERSECCIÓN,INCLINADA,ASFALTADA,SI,PREVENTIVA (P),PREVENTIVA (P),NO,EN PROCESO DE INVESTIGACIÓN,NO CUENTA CON CAUSA ESPECIFICA
A-2021-10-170,19/10/2021,05:00,ATROPELLO FUGA,1,0,0,CUSCO,CUSCO,SAN JERONIMO,URBANA,AVENIDA,URBANO,NO CORRESPONDE,-13.542680787112932,-71.8980647071465,DESPEJADO,COMERCIAL,TRAMO RECTO,PLANA ,ASFALTADA,,,,,IMPRUDENCIA DEL PEATÓN,CRUCE INDEBIDO POR LA CALZADA
A-2021-10-96,19/10/2021,05:00,ATROPELLO FUGA,1,0,0,PUNO,EL COLLAO,PILCUYO,RURAL,CARRETERA,NACIONAL,PE-3S,-16.120120186865673,-69.59073203994765,DESPEJADO,RURAL,TRAMO RECTO,PLANA ,ASFALTADA,,,,,EN PROCESO DE INVESTIGACIÓN,NO CUENTA CON CAUSA ESPECIFICA
A-2021-10-81,19/10/2021,09:00,CHOQUE,1,0,2,LA LIBERTAD,SANTIAGO DE CHUCO,MOLLEPATA,RURAL,CARRETERA,NACIONAL,PE-3N,-8.192991,-77.95382,DESPEJADO,RURAL,TRAMO RECTO,PLANA ,AFIRMADO,,,,,EN PROCESO DE INVESTIGACIÓN,NO CUENTA CON CAUSA ESPECIFICA
A-2021-10-146,19/10/2021,15:10,DESPISTE,1,0,1,CUSCO,LA CONVENCION,ECHARATE,RURAL,CARRETERA,DEPARTAMENTAL,CU-101,-12.754553479770372,-72.56720878145326,DESPEJADO,RURAL,CURVA,PLANA ,AFIRMADO,,,,,IMPRUDENCIA DEL CONDUCTOR,EXCESO DE VELOCIDAD
A-2021-10-227,19/10/2021,19:30,CHOQUE FUGA,1,0,1,PIURA,PIURA,TAMBO GRANDE,RURAL,CARRETERA,NACIONAL,PE-1NL,-4.8232,-80.2824,DESPEJADO,RURAL,TRAMO RECTO,PLANA ,ASFALTADA,,,,,EN PROCESO DE INVESTIGACIÓN,NO CUENTA CON CAUSA ESPECIFICA
A-2021-10-195,19/10/2021,23:40,DESPISTE,1,0,0,LIMA,LIMA,LURIN,URBANA,CARRETERA,NACIONAL,PE-1S,-12.272783,-76.895042,DESPEJADO,INDUSTRIAL,TRAMO RECTO,PLANA ,ASFALTADA,,,,,EN PROCESO DE INVESTIGACIÓN,NO CUENTA CON CAUSA ESPECIFICA
A-2021-10-156,20/10/2021,04:15,DESPISTE,2,0,1,HUANCAVELICA,ANGARAES,LIRCAY,RURAL,CARRETERA,SIN CLASIFICAR,SIN CLASIFICAR,-13.012211,-74.724287,DESPEJADO,RURAL,SINUOSA,INCLINADA,AFIRMADO,,,,,EN PROCESO DE INVESTIGACIÓN,NO CUENTA CON CAUSA ESPECIFICA
A-2021-10-82,20/10/2021,06:30,DESPISTE,1,0,1,LA LIBERTAD,VIRU,GUADALUPITO,RURAL,CARRETERA,NACIONAL,PE-1N,-8.7090699,-78.638141,DESPEJADO,RURAL,TRAMO RECTO,PLANA ,ASFALTADA,,,,,IMPRUDENCIA DEL CONDUCTOR,FRENAR INTEMPESTIVAMENTE
A-2021-10-196,20/10/2021,14:30,ATROPELLO,1,0,0,LIMA,LIMA,COMAS,URBANA,AVENIDA,URBANO,NO CORRESPONDE,-11.936842,-77.048987,DESPEJADO,COMERCIAL,INTERSECCIÓN,PLANA ,ASFALTADA,,,,,EN PROCESO DE INVESTIGACIÓN,NO CUENTA CON CAUSA ESPECIFICA
A-2021-10-67,20/10/2021,17:55,CHOQUE,1,1,2,ICA,ICA,SANTIAGO,RURAL,CARRETERA,NACIONAL,PE-1S,-14.20346,-75.71473,DESPEJADO,RURAL,INTERSECCIÓN,PLANA ,ASFALTADA,,,,,EN PROCESO DE INVESTIGACIÓN,NO CUENTA CON CAUSA ESPECIFICA
A-2021-10-97,21/10/2021,18:30,CHOQUE,1,1,2,PUNO,PUNO,ACORA,RURAL,CARRETERA,SIN CLASIFICAR,SIN CLASIFICAR,-15.958611004595587,-69.75700928299251,DESPEJADO,RURAL,TRAMO RECTO,PLANA ,ASFALTADA,,,,,IMPRUDENCIA DEL CONDUCTOR,INVASIÓN DE CARRIL
A-2021-10-108,21/10/2021,19:10,CHOQUE,1,0,2,AREQUIPA,AREQUIPA,ALTO SELVA ALEGRE,URBANA,AVENIDA,URBANO,NO CORRESPONDE,-16.365746,-71.524349,DESPEJADO,COMERCIAL,INTERSECCIÓN,INCLINADA,ASFALTADA,,,,,EN PROCESO DE INVESTIGACIÓN,NO CUENTA CON CAUSA ESPECIFICA
A-2021-10-123,21/10/2021,19:30,CHOQUE,1,1,2,PUNO,SAN ANTONIO DE PUTINA,PUTINA,RURAL,CARRETERA,NACIONAL,PE-34H,-14.911956,-69.843649,DESPEJADO,RURAL,TRAMO RECTO,PLANA ,ASFALTADA,,,,,IMPRUDENCIA DEL CONDUCTOR,OTRO (IMPRUDENCIA DEL CONDUCTOR)
A-2021-10-197,21/10/2021,21:30,ATROPELLO,1,0,0,LIMA,LIMA,PUENTE PIEDRA,URBANA,CARRETERA,NACIONAL,PE-1N,-11.843605,-77.1009174,DESPEJADO,COMERCIAL,TRAMO RECTO,PLANA ,ASFALTADA,,,,,EN PROCESO DE INVESTIGACIÓN,NO CUENTA CON CAUSA ESPECIFICA
A-2021-10-198,22/10/2021,13:26,CHOQUE,1,0,0,LIMA,LIMA,SANTIAGO DE SURCO,URBANA,JIRÓN,URBANO,,-12.1619604793638,-76.9843424183075,DESPEJADO,COMERCIAL,INTERSECCIÓN,PLANA ,ASFALTADA,,,,,EN PROCESO DE INVESTIGACIÓN,NO CUENTA CON CAUSA ESPECIFICA
A-2021-10-200,22/10/2021,16:00,CHOQUE,1,0,0,LIMA,LIMA,LOS OLIVOS,URBANA,AVENIDA,URBANO,NO CORRESPONDE,-11.97158,-77.07601,DESPEJADO,ESCOLAR,INTERSECCIÓN,PLANA ,ASFALTADA,,,,,EN PROCESO DE INVESTIGACIÓN,NO CUENTA CON CAUSA ESPECIFICA
A-2021-10-88,22/10/2021,19:45,CHOQUE,1,2,2,ICA,PISCO,INDEPENDENCIA,RURAL,CARRETERA,NACIONAL,PE-28A,-13.68554280002415,-76.04584596729649,DESPEJADO,RURAL,TRAMO RECTO,PLANA ,ASFALTADA,,,,,EN PROCESO DE INVESTIGACIÓN,NO CUENTA CON CAUSA ESPECIFICA
A-2021-10-109,23/10/2021,04:00,ATROPELLO,1,2,1,AREQUIPA,AREQUIPA,CERRO COLORADO,URBANA,CARRETERA,NACIONAL,PE-34A,-16.3417439,-71.5864711,DESPEJADO,COMERCIAL,TRAMO RECTO,INCLINADA,ASFALTADA,SI,REGULADORA (R),PREVENTIVA (P),SI,EN PROCESO DE INVESTIGACIÓN,NO CUENTA CON CAUSA ESPECIFICA
A-2021-10-98,23/10/2021,05:35,CHOQUE CON OBJETO FIJO,1,1,1,PUNO,EL COLLAO,ILAVE,RURAL,CARRETERA,NACIONAL,PE-3S,-16.126179,-69.5841,DESPEJADO,RURAL,CURVA,PLANA ,ASFALTADA,NO,,,SI,IMPRUDENCIA DEL PEATÓN,CRUCE INDEBIDO POR LA CALZADA
A-2021-10-99,23/10/2021,10:30,CHOQUE,1,0,2,PUNO,CHUCUITO,POMATA,RURAL,CARRETERA,DEPARTAMENTAL,PU-130,-16.296059526311552,-69.23674113700632,DESPEJADO,RURAL,TRAMO RECTO,PLANA ,ASFALTADA,,,,,IMPRUDENCIA DEL CONDUCTOR,INVASIÓN DE CARRIL
A-2021-10-110,23/10/2021,14:00,ATROPELLO,1,1,1,AREQUIPA,AREQUIPA,CERRO COLORADO,URBANA,CARRETERA,NACIONAL,PE-34A,-16.312718,-71.609441,SOLEADO,RESIDENCIAL,TRAMO RECTO,PLANA ,ASFALTADA,NO,,,SI,EN PROCESO DE INVESTIGACIÓN,NO CUENTA CON CAUSA ESPECIFICA
A-2021-10-101,23/10/2021,17:30,DESPISTE,1,0,1,SAN MARTIN,MOYOBAMBA,SORITOR,URBANA,CARRETERA,PROVINCIAL,SM-623,-6.214015,-77.078999,DESPEJADO,RURAL,OTRO,INCLINADA,CASCAJO/RIPIO,,,,,IMPRUDENCIA DEL CONDUCTOR,VEHÍCULO MAL ESTACIONADO
A-2021-10-201,23/10/2021,17:35,ATROPELLO,1,0,0,LIMA,LIMA,PUENTE PIEDRA,URBANA,CARRETERA,NACIONAL,PE-1N,-11.867990397187137,-77.07250888776531,DESPEJADO,COMERCIAL,TRAMO RECTO,PLANA ,ASFALTADA,,,,,EN PROCESO DE INVESTIGACIÓN,NO CUENTA CON CAUSA ESPECIFICA
A-2021-10-100,23/10/2021,18:50,ATROPELLO,1,0,1,PUNO,CHUCUITO,POMATA,RURAL,CARRETERA,NACIONAL,PE-3S,-16.302485,-69.272968,DESPEJADO,RURAL,TRAMO RECTO,PLANA ,ASFALTADA,,,,,IMPRUDENCIA DEL PEATÓN,CRUCE INDEBIDO POR LA CALZADA
A-2021-10-246,23/10/2021,19:40,ATROPELLO,1,0,1,LAMBAYEQUE,LAMBAYEQUE,PACORA,RURAL,CARRETERA,NACIONAL,PE-1NJ,-6.428107430525241,-79.83996384542908,DESPEJADO,RURAL,CURVA,PLANA ,ASFALTADA,SI,PREVENTIVA (P),,NO,IMPRUDENCIA DEL PEATÓN,ESTADO DE EBRIEDAD Y/O DROGADICCIÓN