CÓDIGO SINIESTRO,FECHA SINIESTRO,HORA SINIESTRO,CLASE SINIESTRO,CANTIDAD DE FALLECIDOS,CANTIDAD DE LESIONADOS,CANTIDAD DE VEHICULOS DAÑADOS,DEPARTAMENTO,PROVINCIA,DISTRITO,ZONA,TIPO DE VÍA,RED VIAL,COD CARRETERA,COORDENADAS LATITUD,COORDENADAS  LONGITUD,CONDICIÓN CLIMÁTICA,ZONIFICACIÓN,CARACTERÍSTICAS DE VÍA,PERFIL LONGITUDINAL VÍA,SUPERFICIE DE CALZADA,¿EXISTE SEÑAL VERTICAL?,CLASIFICACIÓN DE LA SEÑAL VERTICAL Nº 1,CLASIFICACIÓN DE LA SEÑAL VERTICAL Nº 2,¿EXISTE SEÑAL HORIZONTAL?,CAUSA FACTOR PRINCIPAL,CAUSA ESPECÍFICA
A-2021-11-200,15/11/2021,13:30,CHOQUE,1,0,2,CAJAMARCA,JAEN,JAEN,RURAL,CARRETERA,NACIONAL,PE-5N,-5.780846072599503,-78.78300712393961,DESPEJADO,RURAL,TRAMO RECTO,PLANA ,ASFALTADA,,,,,EN PROCESO DE INVESTIGACIÓN,NO CUENTA CON CAUSA ESPECIFICA
A-2021-11-139,15/11/2021,15:00,CHOQUE,1,0,,CUSCO,QUISPICANCHI,OCONGATE,RURAL,CARRETERA,NACIONAL,PE-30C,-13.66458707670798,-71.32957751137612,,,,,,,,,,EN PROCESO DE INVESTIGACIÓN,NO CUENTA CON CAUSA ESPECIFICA
A-2021-11-42,15/11/2021,15:20,DESPISTE,2,1,1,AREQUIPA,AREQUIPA,LA JOYA,RURAL,CARRETERA,DEPARTAMENTAL,AR-115,-16.539718,-71.720228,DESPEJADO,RURAL,TRAMO RECTO,PLANA ,ASFALTADA,NO,,,SI,EN PROCESO DE INVESTIGACIÓN,NO CUENTA CON CAUSA ESPECIFICA
A-2021-11-83,15/11/2021,18:50,ATROPELLO,1,0,1,LA LIBERTAD,VIRU,VIRU,RURAL,CARRETERA,NACIONAL,PE-1N,-8.408359,-78.815551,DESPEJADO,RURAL,TRAMO RECTO,PLANA ,ASFALTADA,,,,,EN PROCESO DE INVESTIGACIÓN,NO CUENTA CON CAUSA ESPECIFICA
A-2021-11-27,15/11/2021,19:45,CHOQUE,1,1,2,ANCASH,POMABAMBA,POMABAMBA,URBANA,CARRETERA,PROVINCIAL,AN-541,-8.824852907960576,-77.46073664788173,NUBLADO,RURAL,TRAMO RECTO,INCLINADA,TROCHA,,,,,EN PROCESO DE INVESTIGACIÓN,NO CUENTA CON CAUSA ESPECIFICA
A-2021-11-211,15/11/2021,20:30,ATROPELLO,1,1,1,SAN MARTIN,SAN MARTIN,LA BANDA DE SHILCAYO,RURAL,CARRETERA,NACIONAL,PE-5NB,-6.5047,-76.34368,DESPEJADO,RURAL,TRAMO RECTO,PLANA ,ASFALTADA,SI,PREVENTIVA (P),,SI,IMPRUDENCIA DEL PEATÓN,ESTADO DE EBRIEDAD Y/O DROGADICCIÓN
A-2021-11-25,16/11/2021,08:00,CHOQUE,1,0,2,PUNO,PUNO,MAÑAZO,RURAL,AVENIDA,URBANO,NO CORRESPONDE,-15.80072,-70.353875,DESPEJADO,RURAL,INTERSECCIÓN,PLANA ,ASFALTADA,,,,,IMPRUDENCIA DEL CONDUCTOR,OTRO (IMPRUDENCIA DEL CONDUCTOR)
A-2021-11-166,16/11/2021,08:10,CHOQUE,2,2,0,LIMA,HUAROCHIRI,RICARDO PALMA,RURAL,CARRETERA,NACIONAL,PE-22,-11.9141255,-76.614149,DESPEJADO,RURAL,TRAMO RECTO,PLANA ,ASFALTADA,,,,,EN PROCESO DE INVESTIGACIÓN,NO CUENTA CON CAUSA ESPECIFICA
A-2021-11-67,16/11/2021,12:30,CHOQUE,2,0,3,LIMA,HUAURA,HUAURA,URBANA,CARRETERA,NACIONAL,PE-1NE,-11.061715,-77.554551,DESPEJADO,RESIDENCIAL,TRAMO RECTO,PLANA ,ASFALTADA,,,,,IMPRUDENCIA DEL CONDUCTOR,INVASIÓN DE CARRIL
A-2021-11-129,16/11/2021,19:29,CHOQUE,1,0,1,CUSCO,CHUMBIVILCAS,SANTO TOMAS,RURAL,CARRETERA,NACIONAL,PE-3SG,-14.416293415833662,-72.08515990840874,DESPEJADO,RURAL,CURVA,PLANA ,AFIRMADO,,,,,IMPRUDENCIA DEL CONDUCTOR,EXCESO DE VELOCIDAD
A-2021-11-132,16/11/2021,19:30,CHOQUE,1,0,2,CUSCO,CANAS,KUNTURKANKI,RURAL,CARRETERA,NACIONAL,PE-34G,-14.519610843746895,-71.29822375344027,LLUVIOSO,RURAL,CURVA,PLANA ,ASFALTADA,,,,,IMPRUDENCIA DEL CONDUCTOR,EXCESO DE VELOCIDAD
A-2021-11-165,17/11/2021,05:40,CHOQUE,1,1,0,LIMA,LIMA,LURIN,URBANA,CARRETERA,NACIONAL,PE-1S,-12.276698676526445,-76.88912629060971,DESPEJADO,RESIDENCIAL,TRAMO RECTO,PLANA ,ASFALTADA,,,,,EN PROCESO DE INVESTIGACIÓN,NO CUENTA CON CAUSA ESPECIFICA
A-2021-11-43,17/11/2021,08:00,CHOQUE,1,0,1,CAJAMARCA,CAJAMARCA,CAJAMARCA,URBANA,CARRETERA,NACIONAL,PE-08,-7.17477274507342,-78.491620090553,DESPEJADO,INDUSTRIAL,INTERSECCIÓN,INCLINADA,AFIRMADO,,,,,IMPRUDENCIA DEL CONDUCTOR,CONDUCIR EN ESTADO DE EBRIEDAD Y/O DROGADICCIÓN
A-2021-11-85,17/11/2021,09:10,DESPISTE,2,2,1,LA LIBERTAD,SANCHEZ CARRION,HUAMACHUCO,RURAL,CARRETERA,NACIONAL,PE-3N,-7.821043,-78.052167,DESPEJADO,RURAL,TRAMO RECTO,PLANA ,AFIRMADO,,,,,IMPRUDENCIA DEL CONDUCTOR,INVASIÓN DE CARRIL
A-2021-11-84,17/11/2021,10:00,CHOQUE,1,0,2,LA LIBERTAD,TRUJILLO,VICTOR LARCO HERRERA,RURAL,AVENIDA,URBANO,NO CORRESPONDE,-8.141297,-79.059369,DESPEJADO,RURAL,INTERSECCIÓN,PLANA ,ASFALTADA,,,,,IMPRUDENCIA DEL CONDUCTOR,NO ESTABLECER EL DERECHO DE PASO
A-2021-11-168,17/11/2021,10:30,ATROPELLO,1,0,0,LIMA,LIMA,PUEBLO LIBRE,URBANA,AVENIDA,URBANO,NO CORRESPONDE,-12.080674888187314,-77.05846725922301,DESPEJADO,RESIDENCIAL,INTERSECCIÓN,PLANA ,ASFALTADA,,,,,EN PROCESO DE INVESTIGACIÓN,NO CUENTA CON CAUSA ESPECIFICA
A-2021-11-86,17/11/2021,13:00,CHOQUE,1,0,2,LA LIBERTAD,TRUJILLO,POROTO,RURAL,CARRETERA,NACIONAL,PE-10A,-8.002149,-78.76972,DESPEJADO,RURAL,TRAMO RECTO,PLANA ,ASFALTADA,,,,,IMPRUDENCIA DEL CONDUCTOR,INVASIÓN DE CARRIL
A-2021-11-232,17/11/2021,19:30,ATROPELLO FUGA,1,0,1,AREQUIPA,CAMANA,SAMUEL PASTOR,RURAL,CARRETERA,NACIONAL,PE-1S,-16.62827020553261,-72.6930890789305,DESPEJADO,RURAL,TRAMO RECTO,PLANA ,ASFALTADA,,,,,EN PROCESO DE INVESTIGACIÓN,NO CUENTA CON CAUSA ESPECIFICA
A-2021-11-87,17/11/2021,23:30,ATROPELLO FUGA,1,0,1,LA LIBERTAD,TRUJILLO,SALAVERRY,RURAL,CARRETERA,NACIONAL,PE-1N,-8.25924,-78.931955,DESPEJADO,RURAL,TRAMO RECTO,PLANA ,ASFALTADA,,,,,EN PROCESO DE INVESTIGACIÓN,NO CUENTA CON CAUSA ESPECIFICA
A-2021-11-240,18/11/2021,02:00,DESPISTE,1,0,1,HUANUCO,HUANUCO,MARGOS,RURAL,CARRETERA,DEPARTAMENTAL,HU-111,-10.009498,-76.535212,DESPEJADO,RURAL,CURVA,PLANA ,TROCHA,,,,,IMPRUDENCIA DEL CONDUCTOR,CONDUCIR EN ESTADO DE EBRIEDAD Y/O DROGADICCIÓN
A-2021-11-48,18/11/2021,05:40,ATROPELLO,1,0,1,AREQUIPA,AREQUIPA,JOSE LUIS BUSTAMANTE Y RIVERO,URBANA,CARRETERA,DEPARTAMENTAL,AR-117,-16.4300227,-71.5361144,DESPEJADO,COMERCIAL,TRAMO RECTO,PLANA ,ASFALTADA,,,,,EN PROCESO DE INVESTIGACIÓN,NO CUENTA CON CAUSA ESPECIFICA
A-2021-11-182,18/11/2021,06:45,DESPISTE,1,1,1,PUNO,AZANGARO,POTONI,RURAL,CARRETERA,NACIONAL,PE-34B,-14.3529749,-70.2682848,DESPEJADO,RURAL,TRAMO RECTO,PLANA ,ASFALTADA,,,,,IMPRUDENCIA DEL CONDUCTOR,OTRO (IMPRUDENCIA DEL CONDUCTOR)
A-2021-11-102,18/11/2021,08:10,CHOQUE,2,2,2,CUSCO,PAUCARTAMBO,PAUCARTAMBO,RURAL,CARRETERA,SIN CLASIFICAR,SIN CLASIFICAR,-13.3468,-71.6011,DESPEJADO,RURAL,CURVA,INCLINADA,AFIRMADO,,,,,IMPRUDENCIA DEL CONDUCTOR,EXCESO DE VELOCIDAD
A-2021-11-31,18/11/2021,09:00,DESPISTE,1,1,1,HUANCAVELICA,ANGARAES,LIRCAY,RURAL,CARRETERA,PROVINCIAL,HV-880,-12.979848,-74.712108,DESPEJADO,RURAL,SINUOSA,INCLINADA,AFIRMADO,,,,,EN PROCESO DE INVESTIGACIÓN,NO CUENTA CON CAUSA ESPECIFICA
A-2021-11-36,18/11/2021,15:10,CHOQUE,1,1,,LORETO,MAYNAS,PUNCHANA,URBANA,CARRETERA,NACIONAL,PE-5NI,-3.720411303265196,-73.2425450347904,,,,,,,,,,EN PROCESO DE INVESTIGACIÓN,NO CUENTA CON CAUSA ESPECIFICA
A-2021-11-212,18/11/2021,17:00,ATROPELLO,1,0,1,SAN MARTIN,HUALLAGA,SACANCHE,RURAL,CARRETERA,DEPARTAMENTAL,SM-103,-7.07277,-76.71877,DESPEJADO,RURAL,CURVA,INCLINADA,ASFALTADA,NO,,,SI,IMPRUDENCIA DEL CONDUCTOR,CONDUCIR EN ESTADO DE EBRIEDAD Y/O DROGADICCIÓN
A-2021-11-202,18/11/2021,18:50,ATROPELLO FUGA,1,0,,LIMA,BARRANCA,SUPE,RURAL,CARRETERA,NACIONAL,PE-1N,-10.791308617020889,-77.70925909555447,DESPEJADO,RURAL,TRAMO RECTO,PLANA ,ASFALTADA,,,,,EN PROCESO DE INVESTIGACIÓN,NO CUENTA CON CAUSA ESPECIFICA
A-2021-11-51,18/11/2021,23:30,CHOQUE FUGA,1,1,2,AREQUIPA,ISLAY,DEAN VALDIVIA,RURAL,CARRETERA,NACIONAL,PE-1SD,-17.1411545,-71.8357064,DESPEJADO,RURAL,TRAMO RECTO,PLANA ,ASFALTADA,SI,REGULADORA (R),REGULADORA (R),SI,EN PROCESO DE INVESTIGACIÓN,NO CUENTA CON CAUSA ESPECIFICA
A-2021-11-134,19/11/2021,03:00,DESPISTE,1,0,1,CUSCO,LA CONVENCION,HUAYOPATA,RURAL,CARRETERA,NACIONAL,PE-28B,-13.093662331396777,-72.38584510102147,NUBLADO,RURAL,CURVA,PLANA ,ASFALTADA,,,,,IMPRUDENCIA DEL CONDUCTOR,EXCESO DE VELOCIDAD
A-2021-11-52,19/11/2021,08:30,DESPISTE,1,0,1,AREQUIPA,CAYLLOMA,SAN ANTONIO DE CHUCA,RURAL,CARRETERA,NACIONAL,PE-34A,-15.8920264,-71.1723788,DESPEJADO,RURAL,TRAMO RECTO,PLANA ,ASFALTADA,NO,,,SI,EN PROCESO DE INVESTIGACIÓN,NO CUENTA CON CAUSA ESPECIFICA
A-2021-11-169,19/11/2021,14:00,ATROPELLO FUGA,1,0,0,LIMA,LIMA,CHORRILLOS,URBANA,AVENIDA,URBANO,NO CORRESPONDE,-12.182938656902534,-76.99432249652605,DESPEJADO,RESIDENCIAL,TRAMO RECTO,PLANA ,ASFALTADA,,,,,EN PROCESO DE INVESTIGACIÓN,NO CUENTA CON CAUSA ESPECIFICA
A-2021-11-130,19/11/2021,17:00,CHOQUE,3,0,2,PIURA,SECHURA,SECHURA,RURAL,CARRETERA,NACIONAL,PE-1N,-5.957526,-80.531208,DESPEJADO,RURAL,TRAMO RECTO,PLANA ,ASFALTADA,,,,,EN PROCESO DE INVESTIGACIÓN,NO CUENTA CON CAUSA ESPECIFICA
A-2021-11-88,19/11/2021,19:30,DESPISTE,1,0,1,LA LIBERTAD,TRUJILLO,EL PORVENIR,RURAL,AVENIDA,URBANO,NO CORRESPONDE,-8.066139,-78.995617,DESPEJADO,RURAL,TRAMO RECTO,PLANA ,ASFALTADA,,,,,EN PROCESO DE INVESTIGACIÓN,NO CUENTA CON CAUSA ESPECIFICA
A-2021-11-47,19/11/2021,23:55,CHOQUE,1,0,1,HUANCAVELICA,HUAYTARA,PILPICHACA,RURAL,CARRETERA,NACIONAL,PE-28A,-13.447842,-74.979233,DESPEJADO,RURAL,CURVA,INCLINADA,ASFALTADA,,,,,EN PROCESO DE INVESTIGACIÓN,NO CUENTA CON CAUSA ESPECIFICA
A-2021-11-50,20/11/2021,02:00,DESPISTE,1,3,1,HUANCAVELICA,CHURCAMPA,ANCO,RURAL,CARRETERA,NACIONAL,PE-3S,-12.6737149,-74.5938041,DESPEJADO,RURAL,SINUOSA,PLANA ,ASFALTADA,SI,PREVENTIVA (P),,NO,EN PROCESO DE INVESTIGACIÓN,NO CUENTA CON CAUSA ESPECIFICA
A-2021-11-131,20/11/2021,03:00,ATROPELLO FUGA,1,0,0,PASCO,PASCO,HUARIACA,URBANA,CARRETERA,NACIONAL,PE-3N,-10.432468046334193,-76.19413896976683,LLUVIOSO,RURAL,CURVA,PLANA ,ASFALTADA,SI,PREVENTIVA (P),REGULADORA (R),NO,EN PROCESO DE INVESTIGACIÓN,NO CUENTA CON CAUSA ESPECIFICA
A-2021-11-135,20/11/2021,05:30,DESPISTE,1,2,1,CUSCO,LA CONVENCION,HUAYOPATA,RURAL,CARRETERA,NACIONAL,PE-28B,-13.03181522295676,-72.47147570753424,LLUVIOSO,RURAL,CURVA,PLANA ,ASFALTADA,,,,,IMPRUDENCIA DEL CONDUCTOR,EXCESO DE VELOCIDAD
A-2021-11-98,20/11/2021,10:00,DESPISTE,3,3,1,PUNO,CARABAYA,OLLACHEA,RURAL,CARRETERA,NACIONAL,PE-34B,-13.856241052365581,-70.50906033566767,NUBLADO,RURAL,CURVA,PLANA ,ASFALTADA,,,,,IMPRUDENCIA DEL CONDUCTOR,ADELANTAR INDEBIDAMENTE
A-2021-11-38,20/11/2021,16:30,DESPISTE,1,1,1,ANCASH,HUAYLAS,PAMPAROMAS,RURAL,CARRETERA,DEPARTAMENTAL,AN-104,-9.09869513924873,-77.88210152257754,NUBLADO,RURAL,TRAMO RECTO,PLANA ,AFIRMADO,,,,,IMPRUDENCIA DEL CONDUCTOR,FATIGA Y/O CANSANCIO
A-2021-11-89,20/11/2021,22:00,CHOQUE,1,0,2,LA LIBERTAD,PACASMAYO,GUADALUPE,RURAL,CARRETERA,NACIONAL,PE-1N,-7.268483,-79.481162,DESPEJADO,RURAL,TRAMO RECTO,PLANA ,ASFALTADA,,,,,IMPRUDENCIA DEL CONDUCTOR,CONDUCIR EN ESTADO DE EBRIEDAD Y/O DROGADICCIÓN
A-2021-11-34,20/11/2021,23:00,DESPISTE,1,1,1,ICA,ICA,PUEBLO NUEVO,RURAL,CARRETERA,NACIONAL,PE-1S,-14.1152592,-75.717401,DESPEJADO,RURAL,TRAMO RECTO,PLANA ,ASFALTADA,,,,,EN PROCESO DE INVESTIGACIÓN,NO CUENTA CON CAUSA ESPECIFICA
A-2021-11-63,21/11/2021,00:30,CHOQUE,1,2,2,AREQUIPA,AREQUIPA,YURA,RURAL,CARRETERA,NACIONAL,PE-34A,-16.0768203,-71.498348,DESPEJADO,RURAL,TRAMO RECTO,PLANA ,ASFALTADA,,,,,EN PROCESO DE INVESTIGACIÓN,NO CUENTA CON CAUSA ESPECIFICA
A-2021-11-179,21/11/2021,03:00,ATROPELLO FUGA,1,0,0,LIMA,LIMA,SANTA ANITA,URBANA,CARRETERA,NACIONAL,PE-1N,-12.054748568596857,-76.9747883993657,DESPEJADO,RESIDENCIAL,TRAMO RECTO,PLANA ,ASFALTADA,,,,,EN PROCESO DE INVESTIGACIÓN,NO CUENTA CON CAUSA ESPECIFICA
A-2021-11-33,21/11/2021,03:30,DESPISTE,1,0,1,TACNA,TACNA,CORONEL GREGORIO ALBARRACIN LANCHIPA,URBANA,AVENIDA,URBANO,NO CORRESPONDE,-18.037486,-70.260703,DESPEJADO,RESIDENCIAL,TRAMO RECTO,PLANA ,ASFALTADA,,,,,IMPRUDENCIA DEL CONDUCTOR,CONDUCIR EN ESTADO DE EBRIEDAD Y/O DROGADICCIÓN
A-2021-11-214,21/11/2021,04:35,CHOQUE FUGA,1,0,2,CAJAMARCA,JAEN,JAEN,URBANA,CARRETERA,NACIONAL,PE-5N,-5.72867,-78.79662,DESPEJADO,COMERCIAL,INTERSECCIÓN,PLANA ,ASFALTADA,,,,,EN PROCESO DE INVESTIGACIÓN,NO CUENTA CON CAUSA ESPECIFICA
A-2021-11-61,21/11/2021,05:40,ATROPELLO FUGA,1,0,1,SAN MARTIN,RIOJA,NUEVA CAJAMARCA,URBANA,CARRETERA,NACIONAL,PE-5N,-5.93185,-77.311865,DESPEJADO,RESIDENCIAL,TRAMO RECTO,PLANA ,ASFALTADA,SI,REGULADORA (R),,NO,IMPRUDENCIA DEL CONDUCTOR,NO DAR PASO PREFERENTE AL PEATÓN
A-2021-11-170,21/11/2021,05:45,DESPISTE,1,1,1,LIMA,LIMA,SAN MARTIN DE PORRES,URBANA,CARRETERA,NACIONAL,PE-1N,-12.023133862305114,-77.05883491680459,DESPEJADO,COMERCIAL,TRAMO RECTO,PLANA ,ASFALTADA,,,,,EN PROCESO DE INVESTIGACIÓN,NO CUENTA CON CAUSA ESPECIFICA
A-2021-11-35,21/11/2021,06:30,CHOQUE,1,0,2,PUNO,PUNO,CHUCUITO,RURAL,CARRETERA,NACIONAL,PE-3S,-15.915259,-69.882214,DESPEJADO,RURAL,TRAMO RECTO,PLANA ,ASFALTADA,,,,,IMPRUDENCIA DEL CONDUCTOR,INVASIÓN DE CARRIL
A-2021-11-37,21/11/2021,07:10,DESPISTE,1,1,1,PUNO,EL COLLAO,ILAVE,RURAL,CARRETERA,NACIONAL,PE-38A,-16.120117,-69.6431889,LLUVIOSO,RURAL,CURVA,INCLINADA,ASFALTADA,NO,,,SI,IMPRUDENCIA DEL CONDUCTOR,OTRO (IMPRUDENCIA DEL CONDUCTOR)
A-2021-11-150,21/11/2021,14:20,CHOQUE,2,2,,PIURA,PIURA,CATACAOS,RURAL,CARRETERA,SIN CLASIFICAR,SIN CLASIFICAR,-5.283704,-80.6313,DESPEJADO,RURAL,INTERSECCIÓN,PLANA ,AFIRMADO,,,,,EN PROCESO DE INVESTIGACIÓN,NO CUENTA CON CAUSA ESPECIFICA
A-2021-11-201,21/11/2021,15:50,CHOQUE FUGA,1,0,1,LAMBAYEQUE,CHICLAYO,CHONGOYAPE,RURAL,CARRETERA,NACIONAL,PE-06A,-6.67677,-79.44425,DESPEJADO,RURAL,CURVA,INCLINADA,ASFALTADA,SI,PREVENTIVA (P),INFORMATIVA (I),NO,EN PROCESO DE INVESTIGACIÓN,NO CUENTA CON CAUSA ESPECIFICA
A-2021-11-49,21/11/2021,18:00,CAÍDA DE PASAJERO,1,0,,APURIMAC,ANDAHUAYLAS,SANTA MARIA DE CHICMO,RURAL,CARRETERA,NACIONAL,PE-3S,-13.653259,-73.512845,DESPEJADO,RURAL,CURVA,PLANA ,ASFALTADA,NO,,,SI,IMPRUDENCIA DEL PASAJERO/OCUPANTE,OTRO (IMPRUDENCIA DEL PASAJERO/OCUPANTE)
A-2021-11-40,21/11/2021,21:00,VOLCADURA,1,0,1,ICA,ICA,ICA,URBANA,CARRETERA,NACIONAL,PE-1S,-14.050054741709207,-75.74768866124752,DESPEJADO,ESCOLAR,TRAMO RECTO,PLANA ,ASFALTADA,,,,,EN PROCESO DE INVESTIGACIÓN,NO CUENTA CON CAUSA ESPECIFICA
A-2021-11-180,21/11/2021,22:45,ATROPELLO,1,0,0,LIMA,LIMA,COMAS,URBANA,CARRETERA,NACIONAL,PE-1N,-11.948593590159215,-77.07040605702021,DESPEJADO,RESIDENCIAL,TRAMO RECTO,PLANA ,ASFALTADA,,,,,EN PROCESO DE INVESTIGACIÓN,NO CUENTA CON CAUSA ESPECIFICA
A-2021-11-100,21/11/2021,23:45,DESPISTE,1,0,1,CUSCO,CANCHIS,SAN PABLO,RURAL,CARRETERA,NACIONAL,PE-3S,-14.208523296311345,-71.30307608103304,DESPEJADO,RURAL,TRAMO RECTO,PLANA ,ASFALTADA,,,,,IMPRUDENCIA DEL CONDUCTOR,EXCESO DE VELOCIDAD
A-2021-11-203,22/11/2021,20:10,ATROPELLO,1,0,1,LIMA,BARRANCA,PATIVILCA,RURAL,CARRETERA,NACIONAL,PE-1N,-10.701313305679355,-77.77938884946218,DESPEJADO,RURAL,TRAMO RECTO,INCLINADA,ASFALTADA,,,,,EN PROCESO DE INVESTIGACIÓN,NO CUENTA CON CAUSA ESPECIFICA
A-2021-11-185,23/11/2021,22:35,DESPISTE,1,0,0,LIMA,LIMA,LA MOLINA,URBANA,CALLE,URBANO,NO CORRESPONDE,-12.11685065759413,-76.93791708161632,DESPEJADO,RESIDENCIAL,INTERSECCIÓN,PLANA ,ASFALTADA,,,,,IMPRUDENCIA DEL CONDUCTOR,EXCESO DE VELOCIDAD
A-2021-11-90,24/11/2021,00:30,ATROPELLO FUGA,1,0,1,LA LIBERTAD,ASCOPE,CHICAMA,RURAL,CARRETERA,NACIONAL,PE-1N,-7.9131651,-79.1142003,DESPEJADO,RURAL,TRAMO RECTO,PLANA ,ASFALTADA,,,,,EN PROCESO DE INVESTIGACIÓN,NO CUENTA CON CAUSA ESPECIFICA
A-2021-11-68,24/11/2021,20:00,DESPISTE,1,0,1,APURIMAC,ANDAHUAYLAS,ANDAHUAYLAS,URBANA,AVENIDA,URBANO,NO CORRESPONDE,-13.659242101198299,-73.37518568698871,LLUVIOSO,COMERCIAL,TRAMO RECTO,PLANA ,AFIRMADO,,,,,IMPRUDENCIA DEL CONDUCTOR,CONDUCIR EN ESTADO DE EBRIEDAD Y/O DROGADICCIÓN
A-2021-11-65,25/11/2021,13:00,CHOQUE FUGA,1,2,2,LIMA,HUARAL,HUARAL,URBANA,JIRÓN,URBANO,NO CORRESPONDE,-11.500312,-77.208334,DESPEJADO,RESIDENCIAL,INTERSECCIÓN,PLANA ,ASFALTADA,,,,,IMPRUDENCIA DEL CONDUCTOR,EXCESO DE VELOCIDAD
A-2021-11-186,25/11/2021,15:00,CHOQUE,1,0,0,LIMA,LIMA,LURIN,URBANA,AVENIDA,URBANO,NO CORRESPONDE,-12.247909439203358,-76.86390822783696,DESPEJADO,COMERCIAL,INTERSECCIÓN,PLANA ,ASFALTADA,,,,,EN PROCESO DE INVESTIGACIÓN,NO CUENTA CON CAUSA ESPECIFICA
A-2021-11-64,26/11/2021,01:45,ATROPELLO FUGA,1,0,1,LIMA,HUAURA,SANTA MARIA,RURAL,CARRETERA,NACIONAL,PE-1N,-11.087076,-77.583176,DESPEJADO,RURAL,TRAMO RECTO,INCLINADA,ASFALTADA,,,,,EN PROCESO DE INVESTIGACIÓN,NO CUENTA CON CAUSA ESPECIFICA
A-2021-11-71,26/11/2021,04:30,CHOQUE,1,0,1,PUNO,SAN ROMAN,JULIACA,URBANA,CARRETERA,NACIONAL,PE-3S,-15.474065430197102,-70.1372390623389,DESPEJADO,COMERCIAL,TRAMO RECTO,PLANA ,ASFALTADA,,,,,IMPRUDENCIA DEL CONDUCTOR,INVASIÓN DE CARRIL
A-2021-11-233,26/11/2021,05:00,CHOQUE FUGA,1,1,2,AREQUIPA,CARAVELI,CHAPARRA,RURAL,CARRETERA,NACIONAL,PE-1S,-15.923091132318184,-74.11629154492239,DESPEJADO,RURAL,TRAMO RECTO,PLANA ,ASFALTADA,,,,,EN PROCESO DE INVESTIGACIÓN,NO CUENTA CON CAUSA ESPECIFICA
A-2021-11-187,26/11/2021,14:00,ATROPELLO FUGA,1,0,0,LIMA,LIMA,LA VICTORIA,URBANA,AVENIDA,URBANO,NO CORRESPONDE,-12.08023548625088,-77.00790110807338,DESPEJADO,COMERCIAL,TRAMO RECTO,PLANA ,ASFALTADA,,,,,EN PROCESO DE INVESTIGACIÓN,NO CUENTA CON CAUSA ESPECIFICA
A-2021-11-73,26/11/2021,20:00,ATROPELLO,1,0,1,PUNO,SAN ROMAN,SAN MIGUEL,RURAL,CARRETERA,NACIONAL,PE-3S,-15.4067364,-70.1510499,DESPEJADO,RURAL,TRAMO RECTO,PLANA ,ASFALTADA,,,,,IMPRUDENCIA DEL PEATÓN,CRUCE INDEBIDO POR LA CALZADA
A-2021-11-74,26/11/2021,22:42,CHOQUE,1,0,1,PUNO,LAMPA,CALAPUJA,RURAL,CARRETERA,NACIONAL,PE-3S,-15.316983871125714,-70.2013545703828,NUBLADO,RURAL,TRAMO RECTO,PLANA ,ASFALTADA,,,,,IMPRUDENCIA DEL CONDUCTOR,INVASIÓN DE CARRIL
A-2021-11-204,27/11/2021,01:10,ATROPELLO FUGA,1,0,,LIMA,BARRANCA,SUPE,RURAL,CARRETERA,NACIONAL,PE-1N,-10.80227534236085,-77.70341739914097,DESPEJADO,RURAL,TRAMO RECTO,PLANA ,ASFALTADA,,,,,EN PROCESO DE INVESTIGACIÓN,NO CUENTA CON CAUSA ESPECIFICA
A-2021-11-62,27/11/2021,01:50,CHOQUE,3,0,2,ICA,NASCA,EL INGENIO,RURAL,CARRETERA,NACIONAL,PE-1S,-14.79576350848956,-75.01151937151305,DESPEJADO,RURAL,TRAMO RECTO,PLANA ,ASFALTADA,,,,,EN PROCESO DE INVESTIGACIÓN,NO CUENTA CON CAUSA ESPECIFICA
A-2021-11-70,27/11/2021,02:40,VOLCADURA,1,1,1,AREQUIPA,AREQUIPA,YURA,RURAL,CARRETERA,NACIONAL,PE-34A,-16.2298412,-71.6631733,DESPEJADO,RURAL,CURVA,INCLINADA,ASFALTADA,,,,,EN PROCESO DE INVESTIGACIÓN,NO CUENTA CON CAUSA ESPECIFICA
A-2021-11-137,27/11/2021,14:00,DESPISTE,1,0,1,CUSCO,CANAS,LAYO,RURAL,CARRETERA,PROVINCIAL,CU-1710,-14.50623295355888,-71.13723560000152,NUBLADO,RURAL,TRAMO RECTO,INCLINADA,AFIRMADO,,,,,IMPRUDENCIA DEL CONDUCTOR,EXCESO DE VELOCIDAD
A-2021-11-188,27/11/2021,14:30,ATROPELLO,1,0,0,LIMA,LIMA,LURIN,RURAL,OTRO,URBANO,NO CORRESPONDE,-12.23968,-76.89281,DESPEJADO,RURAL,PASE A DESNIVEL,INCLINADA,ASFALTADA,,,,,EN PROCESO DE INVESTIGACIÓN,NO CUENTA CON CAUSA ESPECIFICA
A-2021-11-92,27/11/2021,17:20,ATROPELLO FUGA,1,0,1,LA LIBERTAD,GRAN CHIMU,SAYAPULLO,RURAL,JIRÓN,URBANO,NO CORRESPONDE,-7.596023,-78.465157,DESPEJADO,RURAL,TRAMO RECTO,PLANA ,AFIRMADO,,,,,EN PROCESO DE INVESTIGACIÓN,NO CUENTA CON CAUSA ESPECIFICA