CÓDIGO SINIESTRO,FECHA SINIESTRO,HORA SINIESTRO,CLASE SINIESTRO,CANTIDAD DE FALLECIDOS,CANTIDAD DE LESIONADOS,CANTIDAD DE VEHICULOS DAÑADOS,DEPARTAMENTO,PROVINCIA,DISTRITO,ZONA,TIPO DE VÍA,RED VIAL,COD CARRETERA,COORDENADAS LATITUD,COORDENADAS  LONGITUD,CONDICIÓN CLIMÁTICA,ZONIFICACIÓN,CARACTERÍSTICAS DE VÍA,PERFIL LONGITUDINAL VÍA,SUPERFICIE DE CALZADA,¿EXISTE SEÑAL VERTICAL?,CLASIFICACIÓN DE LA SEÑAL VERTICAL Nº 1,CLASIFICACIÓN DE LA SEÑAL VERTICAL Nº 2,¿EXISTE SEÑAL HORIZONTAL?,CAUSA FACTOR PRINCIPAL,CAUSA ESPECÍFICA
A-2022-01-279,31/01/2022,12:00,DESPISTE,1,1,0,LIMA,LIMA,SANTA ANITA,URBANA,AVENIDA,URBANO,NO CORRESPONDE,-12.028669118024691,-76.9510746473504,DESPEJADO,COMERCIAL,INTERSECCIÓN,PLANA ,ASFALTADA,,,,,EN PROCESO DE INVESTIGACIÓN,NO CUENTA CON CAUSA ESPECIFICA
A-2022-01-194,31/01/2022,13:00,CHOQUE,1,9,2,PUNO,EL COLLAO,ILAVE,RURAL,CARRETERA,NACIONAL,PE-38A,-16.2569127,-69.6829824,DESPEJADO,RURAL,CURVA,INCLINADA,ASFALTADA,,,,,IMPRUDENCIA DEL CONDUCTOR,INVASIÓN DE CARRIL
A-2022-02-10,01/02/2022,10:00,DESPISTE,1,1,1,TUMBES,CONTRALMIRANTE VILLAR,CANOAS DE PUNTA SAL,URBANA,CALLE,URBANO,NO CORRESPONDE,-3.949371050705741,-80.94310785772831,DESPEJADO,RESIDENCIAL,CURVA,INCLINADA,CONCRETO,,,,,IMPERICIA DEL CONDUCTOR,
A-2022-02-25,01/02/2022,14:00,DESPISTE,1,0,1,CAJAMARCA,CUTERVO,QUEROCOTILLO,RURAL,CARRETERA,PROVINCIAL,CA-824,-6.14191256,-79.01309076,DESPEJADO,RESIDENCIAL,CURVA,INCLINADA,AFIRMADO,,,,,EN PROCESO DE INVESTIGACIÓN,NO CUENTA CON CAUSA ESPECIFICA
A-2022-02-276,01/02/2022,20:30,ATROPELLO,1,0,,JUNIN,TARMA,PALCA,RURAL,CARRETERA,NACIONAL,PE-22B,-11.351937043927538,-75.59772310644954,,,,,,,,,,EN PROCESO DE INVESTIGACIÓN,NO CUENTA CON CAUSA ESPECIFICA
A-2022-02-89,01/02/2022,20:30,CHOQUE,3,0,2,LAMBAYEQUE,LAMBAYEQUE,OLMOS,RURAL,CARRETERA,NACIONAL,PE-1NJ,-5.9782319482377355,-79.74728283782693,DESPEJADO,RURAL,TRAMO RECTO,PLANA ,ASFALTADA,,,,,EN PROCESO DE INVESTIGACIÓN,NO CUENTA CON CAUSA ESPECIFICA
A-2022-02-136,02/02/2022,03:30,ATROPELLO,1,0,0,PUNO,SAN ROMAN,JULIACA,RURAL,CARRETERA,NACIONAL,PE-34A,-15.5187966,-70.1770208,DESPEJADO,RURAL,TRAMO RECTO,PLANA ,ASFALTADA,,,,,IMPRUDENCIA DEL PEATÓN,CRUCE INDEBIDO POR LA CALZADA
A-2022-02-149,02/02/2022,10:00,ATROPELLO,1,0,0,LIMA,LIMA,SAN MARTIN DE PORRES,URBANA,CARRETERA,NACIONAL,PE-1N,-12.020893494197905,-77.05935531665118,DESPEJADO,RESIDENCIAL,INTERSECCIÓN,PLANA ,ASFALTADA,,,,,EN PROCESO DE INVESTIGACIÓN,NO CUENTA CON CAUSA ESPECIFICA
A-2022-02-23,02/02/2022,11:15,CHOQUE,1,0,2,CAJAMARCA,HUALGAYOC,HUALGAYOC,RURAL,CARRETERA,NACIONAL,PE-3N,-6.726036,-78.57479,DESPEJADO,RURAL,CURVA,INCLINADA,ASFALTADA,,,,,EN PROCESO DE INVESTIGACIÓN,NO CUENTA CON CAUSA ESPECIFICA
A-2022-02-33,02/02/2022,16:00,CHOQUE,1,1,2,SAN MARTIN,LAMAS,RUMISAPA,RURAL,CARRETERA,DEPARTAMENTAL,SM-104,-6.447490393261228,-76.48514266910513,SOLEADO,RURAL,CURVA,INCLINADA,ASFALTADA,SI,PREVENTIVA (P),PREVENTIVA (P),NO,IMPRUDENCIA DEL CONDUCTOR,CONDUCIR EN ESTADO DE EBRIEDAD Y/O DROGADICCIÓN
A-2022-02-158,02/02/2022,17:30,CHOQUE,1,0,2,LIMA,HUARAL,AUCALLAMA,RURAL,CARRETERA,PROVINCIAL,LM-679,-11.545251440103561,-77.18249017714855,DESPEJADO,RURAL,CURVA,INCLINADA,ASFALTADA,SI,REGULADORA (R),REGULADORA (R),NO,IMPRUDENCIA DEL CONDUCTOR,CONDUCIR EN ESTADO DE EBRIEDAD Y/O DROGADICCIÓN
A-2022-02-265,02/02/2022,19:55,ATROPELLO,1,2,1,JUNIN,JAUJA,LEONOR ORDOÑEZ,RURAL,CARRETERA,NACIONAL,PE-3SB,-11.862694,-75.413345,DESPEJADO,RURAL,TRAMO RECTO,PLANA ,ASFALTADA,,,,,IMPRUDENCIA DEL PEATÓN,ESTADO DE EBRIEDAD Y/O DROGADICCIÓN
A-2022-02-11,02/02/2022,20:00,DESPISTE,2,0,1,ANCASH,AIJA,HUACLLAN,RURAL,CARRETERA,SIN CLASIFICAR,SIN CLASIFICAR,-9.755958931696258,-77.66675202273255,NUBLADO,RURAL,CURVA,INCLINADA,TROCHA,,,,,IMPRUDENCIA DEL CONDUCTOR,EXCESO DE VELOCIDAD
A-2022-02-150,02/02/2022,20:00,ATROPELLO FUGA,1,0,0,LIMA,LIMA,ATE,URBANA,CARRETERA,NACIONAL,PE-22,-12.012293875275123,-76.87820424799322,DESPEJADO,INDUSTRIAL,INTERSECCIÓN,PLANA ,ASFALTADA,,,,,EN PROCESO DE INVESTIGACIÓN,NO CUENTA CON CAUSA ESPECIFICA
A-2022-02-151,03/02/2022,06:10,ATROPELLO,1,0,0,LIMA,LIMA,SAN JUAN DE LURIGANCHO,URBANA,AVENIDA,URBANO,NO CORRESPONDE,-12.0240652,-76.9779903,DESPEJADO,INDUSTRIAL,TRAMO RECTO,PLANA ,ASFALTADA,,,,,EN PROCESO DE INVESTIGACIÓN,NO CUENTA CON CAUSA ESPECIFICA
A-2022-02-90,03/02/2022,09:10,CHOQUE,1,0,2,LAMBAYEQUE,LAMBAYEQUE,SAN JOSE,RURAL,CARRETERA,DEPARTAMENTAL,LA-109,-6.7722995,-79.9143657,DESPEJADO,RURAL,CURVA,PLANA ,ASFALTADA,,,,,EN PROCESO DE INVESTIGACIÓN,NO CUENTA CON CAUSA ESPECIFICA
A-2022-02-153,03/02/2022,13:25,ATROPELLO,1,1,0,LIMA,LIMA,VILLA EL SALVADOR,URBANA,AVENIDA,URBANO,NO CORRESPONDE,-12.195677361150429,-76.9590793694863,DESPEJADO,COMERCIAL,TRAMO RECTO,PLANA ,ASFALTADA,,,,,EN PROCESO DE INVESTIGACIÓN,NO CUENTA CON CAUSA ESPECIFICA
A-2022-02-196,03/02/2022,14:35,DESPISTE,1,0,1,CUSCO,CHUMBIVILCAS,SANTO TOMAS,RURAL,CARRETERA,NACIONAL,PE-3SG,-14.549508457539151,-72.04748801690361,DESPEJADO,RURAL,TRAMO RECTO,PLANA ,ASFALTADA,,,,,IMPRUDENCIA DEL CONDUCTOR,CONDUCIR EN ESTADO DE EBRIEDAD Y/O DROGADICCIÓN
A-2022-02-31,03/02/2022,15:40,CHOQUE,1,1,2,SAN MARTIN,RIOJA,RIOJA,RURAL,CARRETERA,NACIONAL,PE-5N,-6.024967,-77.218665,DESPEJADO,RURAL,TRAMO RECTO,PLANA ,ASFALTADA,,,,,IMPRUDENCIA DEL CONDUCTOR,OTRO (IMPRUDENCIA DEL CONDUCTOR)
A-2022-02-92,03/02/2022,19:10,DESPISTE,1,0,1,LAMBAYEQUE,CHICLAYO,PIMENTEL,URBANA,AVENIDA,URBANO,NO CORRESPONDE,-6.787288,-79.872331,DESPEJADO,RESIDENCIAL,INTERSECCIÓN,PLANA ,ASFALTADA,,,,,EN PROCESO DE INVESTIGACIÓN,NO CUENTA CON CAUSA ESPECIFICA
A-2022-02-16,03/02/2022,19:45,CHOQUE,2,2,2,AREQUIPA,ISLAY,MOLLENDO,URBANA,CARRETERA,NACIONAL,PE-1SD,-17.063167,-71.949771,DESPEJADO,RURAL,TRAMO RECTO,PLANA ,ASFALTADA,NO,,,SI,EN PROCESO DE INVESTIGACIÓN,NO CUENTA CON CAUSA ESPECIFICA
A-2022-02-257,04/02/2022,05:39,DESPISTE,1,0,1,PUNO,MELGAR,UMACHIRI,RURAL,CARRETERA,NACIONAL,PE-3S,-14.8007541,-70.7124488,DESPEJADO,RURAL,TRAMO RECTO,PLANA ,ASFALTADA,,,,,IMPRUDENCIA DEL CONDUCTOR,EXCESO DE VELOCIDAD
A-2022-02-15,04/02/2022,08:05,CHOQUE FUGA,1,1,2,PUNO,EL COLLAO,ILAVE,RURAL,CARRETERA,NACIONAL,PE-3S,-16.0969018,-69.6183043,DESPEJADO,RURAL,OTRO,PLANA ,ASFALTADA,SI,REGULADORA (R),,SI,IMPRUDENCIA DEL CONDUCTOR,GIRAR IMPRUDENTEMENTE
A-2022-02-17,04/02/2022,13:10,CHOQUE,1,0,2,AREQUIPA,CAYLLOMA,CHIVAY,URBANA,CARRETERA,PROVINCIAL,AR-681,-15.633662,-71.603697,DESPEJADO,RESIDENCIAL,TRAMO RECTO,INCLINADA,EMPEDRADO,,,,,EN PROCESO DE INVESTIGACIÓN,NO CUENTA CON CAUSA ESPECIFICA
A-2022-02-28,04/02/2022,14:00,ATROPELLO FUGA,1,0,,LA LIBERTAD,TRUJILLO,TRUJILLO,URBANA,CARRETERA,NACIONAL,PE-1N,-8.136703,-79.027147,DESPEJADO,RURAL,TRAMO RECTO,PLANA ,ASFALTADA,,,,,IMPRUDENCIA DEL CONDUCTOR,OTRO (IMPRUDENCIA DEL CONDUCTOR)
A-2022-02-29,04/02/2022,14:00,ATROPELLO FUGA,1,0,0,LA LIBERTAD,TRUJILLO,HUANCHACO,URBANA,AVENIDA,URBANO,NO CORRESPONDE,-8.09725721179942,-79.06948865796765,DESPEJADO,COMERCIAL,TRAMO RECTO,PLANA ,ASFALTADA,,,,,EN PROCESO DE INVESTIGACIÓN,NO CUENTA CON CAUSA ESPECIFICA
A-2022-02-201,04/02/2022,14:30,ATROPELLO,1,0,1,CUSCO,CANAS,PAMPAMARCA,RURAL,CARRETERA,NACIONAL,PE-34F,-14.153503,-71.456701,DESPEJADO,RURAL,TRAMO RECTO,PLANA ,ASFALTADA,NO,,,SI,IMPRUDENCIA DEL CONDUCTOR,CONDUCIR EN ESTADO DE EBRIEDAD Y/O DROGADICCIÓN
A-2022-02-96,04/02/2022,14:30,CHOQUE,2,3,2,PIURA,PIURA,CASTILLA,RURAL,CARRETERA,NACIONAL,PE-1NJ,-5.144435,-80.450707,DESPEJADO,RURAL,TRAMO RECTO,PLANA ,ASFALTADA,,,,,EN PROCESO DE INVESTIGACIÓN,NO CUENTA CON CAUSA ESPECIFICA
A-2022-02-72,05/02/2022,04:00,DESPISTE,2,6,1,LA LIBERTAD,SANCHEZ CARRION,MARCABAL,RURAL,CARRETERA,SIN CLASIFICAR,SIN CLASIFICAR,-7.732968533712147,-77.95604109147587,DESPEJADO,RURAL,CURVA,INCLINADA,AFIRMADO,,,,,EN PROCESO DE INVESTIGACIÓN,NO CUENTA CON CAUSA ESPECIFICA
A-2022-02-154,05/02/2022,07:00,CHOQUE,1,0,0,LIMA,LIMA,CHORRILLOS,URBANA,AVENIDA,URBANO,NO CORRESPONDE,-12.187631641683383,-76.99171043981733,DESPEJADO,INDUSTRIAL,INTERSECCIÓN,PLANA ,ASFALTADA,,,,,EN PROCESO DE INVESTIGACIÓN,NO CUENTA CON CAUSA ESPECIFICA
A-2022-02-277,05/02/2022,16:22,ATROPELLO,1,0,,JUNIN,CHANCHAMAYO,PERENE,URBANA,CARRETERA,SIN CLASIFICAR,SIN CLASIFICAR,-10.924257218349757,-74.87992644426056,,,,,,,,,,EN PROCESO DE INVESTIGACIÓN,NO CUENTA CON CAUSA ESPECIFICA
A-2022-02-22,05/02/2022,17:10,CHOQUE FUGA,1,0,,CALLAO,CALLAO,BELLAVISTA,URBANA,AVENIDA,URBANO,NO CORRESPONDE,-12.061247755256444,-77.13397775567661,DESPEJADO,COMERCIAL,TRAMO RECTO,PLANA ,ASFALTADA,,,,,IMPRUDENCIA DEL CONDUCTOR,NO DAR PASO PREFERENTE AL PEATÓN
A-2022-02-114,05/02/2022,17:15,ATROPELLO,1,0,1,CAJAMARCA,CONTUMAZA,TANTARICA,URBANA,CARRETERA,NACIONAL,PE-08,-7.21637833,-78.91612,DESPEJADO,RURAL,CURVA,PLANA ,ASFALTADA,NO,,,SI,EN PROCESO DE INVESTIGACIÓN,NO CUENTA CON CAUSA ESPECIFICA
A-2022-02-19,05/02/2022,20:40,CHOQUE,1,1,2,TUMBES,ZARUMILLA,PAPAYAL,RURAL,CARRETERA,DEPARTAMENTAL,TU-101,-3.564513386193448,-80.22319578855198,DESPEJADO,RURAL,TRAMO RECTO,PLANA ,ASFALTADA,,,,,IMPRUDENCIA DEL CONDUCTOR,EXCESO DE VELOCIDAD
A-2022-02-155,06/02/2022,05:15,CHOQUE,1,0,0,LIMA,LIMA,INDEPENDENCIA,URBANA,CARRETERA,NACIONAL,PE-1N,-11.990121634387851,-77.06409531702582,DESPEJADO,INDUSTRIAL,INTERSECCIÓN,PLANA ,ASFALTADA,,,,,EN PROCESO DE INVESTIGACIÓN,NO CUENTA CON CAUSA ESPECIFICA
A-2022-02-85,06/02/2022,06:50,ATROPELLO FUGA,1,0,,ANCASH,HUAYLAS,CARAZ,RURAL,CARRETERA,NACIONAL,PE-3N,-9.01541772344234,-77.8196142837176,,,,,,,,,,EN PROCESO DE INVESTIGACIÓN,NO CUENTA CON CAUSA ESPECIFICA
A-2022-02-21,06/02/2022,07:30,CHOQUE,5,13,2,AREQUIPA,CAYLLOMA,SAN ANTONIO DE CHUCA,RURAL,CARRETERA,NACIONAL,PE-34A,-15.946451,-71.1926249,DESPEJADO,RURAL,TRAMO RECTO,INCLINADA,ASFALTADA,NO,,,SI,EN PROCESO DE INVESTIGACIÓN,NO CUENTA CON CAUSA ESPECIFICA
A-2022-02-24,06/02/2022,10:00,DESPISTE,1,2,1,CAJAMARCA,CAJAMARCA,ASUNCION,RURAL,CARRETERA,PROVINCIAL,CA-1419,-7.338618,-78.596964,DESPEJADO,RURAL,CURVA,PLANA ,AFIRMADO,,,,,EN PROCESO DE INVESTIGACIÓN,NO CUENTA CON CAUSA ESPECIFICA
A-2022-02-18,06/02/2022,10:45,DESPISTE,1,0,1,ICA,ICA,SALAS,RURAL,CARRETERA,NACIONAL,PE-1S,-13.929557214532462,-75.96813851672198,DESPEJADO,RURAL,TRAMO RECTO,PLANA ,ASFALTADA,,,,,IMPRUDENCIA DEL CONDUCTOR,OTRO (IMPRUDENCIA DEL CONDUCTOR)
A-2022-02-26,06/02/2022,12:30,CHOQUE,3,2,2,ANCASH,RECUAY,CATAC,RURAL,CARRETERA,NACIONAL,PE-16,-10.123321332874571,-77.29294883730833,NUBLADO,RURAL,CURVA,INCLINADA,ASFALTADA,SI,PREVENTIVA (P),PREVENTIVA (P),SI,IMPRUDENCIA DEL CONDUCTOR,INVASIÓN DE CARRIL
A-2022-02-162,06/02/2022,18:00,DESPISTE,1,0,0,LIMA,LIMA,SAN JUAN DE MIRAFLORES,URBANA,AVENIDA,URBANO,NO CORRESPONDE,-12.150639692803448,-76.98046831877359,DESPEJADO,COMERCIAL,TRAMO RECTO,PLANA ,ASFALTADA,,,,,EN PROCESO DE INVESTIGACIÓN,NO CUENTA CON CAUSA ESPECIFICA
A-2022-02-108,06/02/2022,20:15,ATROPELLO,1,1,1,PIURA,PIURA,CATACAOS,RURAL,CARRETERA,NACIONAL,PE-1NK,-5.26845348170665,-80.6723013796813,DESPEJADO,COMERCIAL,TRAMO RECTO,PLANA ,ASFALTADA,NO,,,NO,EN PROCESO DE INVESTIGACIÓN,NO CUENTA CON CAUSA ESPECIFICA
A-2022-02-20,06/02/2022,21:30,CHOQUE,1,2,3,PUNO,PUNO,PICHACANI,RURAL,CARRETERA,NACIONAL,PE-36B,-16.049958,-70.0086957,DESPEJADO,RURAL,TRAMO RECTO,PLANA ,ASFALTADA,NO,,,SI,IMPRUDENCIA DEL CONDUCTOR,OTRO (IMPRUDENCIA DEL CONDUCTOR)
A-2022-02-202,06/02/2022,23:00,DESPISTE,2,13,1,CUSCO,CALCA,YANATILE,RURAL,CARRETERA,PROVINCIAL,CU-755,-12.692788933918262,-72.2741145711286,DESPEJADO,RURAL,CURVA,PLANA ,AFIRMADO,,,,,IMPRUDENCIA DEL CONDUCTOR,EXCESO DE VELOCIDAD
A-2022-02-83,07/02/2022,01:30,CHOQUE,1,1,2,ANCASH,CARHUAZ,CARHUAZ,RURAL,CARRETERA,NACIONAL,PE-3N,-9.288136626822714,-77.63937597094557,SOLEADO,RURAL,CURVA,PLANA ,ASFALTADA,SI,REGULADORA (R),PREVENTIVA (P),SI,IMPRUDENCIA DEL CONDUCTOR,INVASIÓN DE CARRIL
A-2022-02-189,07/02/2022,05:00,CHOQUE,1,3,2,AREQUIPA,CARAVELI,ATICO,RURAL,CARRETERA,NACIONAL,PE-1S,-16.253110546838176,-73.53632185950711,DESPEJADO,RURAL,TRAMO RECTO,PLANA ,ASFALTADA,,,,,EN PROCESO DE INVESTIGACIÓN,NO CUENTA CON CAUSA ESPECIFICA
A-2022-02-183,07/02/2022,05:30,CHOQUE,2,19,2,LAMBAYEQUE,LAMBAYEQUE,MORROPE,RURAL,CARRETERA,NACIONAL,PE-1N,-6.455592,-80.132743,DESPEJADO,RURAL,TRAMO RECTO,PLANA ,ASFALTADA,,,,,EN PROCESO DE INVESTIGACIÓN,NO CUENTA CON CAUSA ESPECIFICA
A-2022-02-41,07/02/2022,10:20,DESPISTE,1,1,1,TACNA,CANDARAVE,CANDARAVE,RURAL,CARRETERA,DEPARTAMENTAL,TA-103,-17.24016,-70.258493,DESPEJADO,RURAL,CURVA,PLANA ,AFIRMADO,,,,,IMPRUDENCIA DEL CONDUCTOR,OTRO (IMPRUDENCIA DEL CONDUCTOR)
A-2022-02-289,07/02/2022,11:15,DESPISTE,1,15,,ANCASH,HUARMEY,HUARMEY,RURAL,CARRETERA,NACIONAL,PE-1N,-10.03529470018497,-78.16431663177666,LLUVIOSO,RURAL,TRAMO RECTO,PLANA ,ASFALTADA,,,,,EN PROCESO DE INVESTIGACIÓN,NO CUENTA CON CAUSA ESPECIFICA
A-2022-02-87,07/02/2022,15:40,ATROPELLO,1,0,1,LA LIBERTAD,SANTIAGO DE CHUCO,QUIRUVILCA,RURAL,CARRETERA,NACIONAL,PE-10A,-7.991032414607562,-78.38900774084026,LLUVIOSO,RURAL,CURVA,INCLINADA,ASFALTADA,,,,,EN PROCESO DE INVESTIGACIÓN,NO CUENTA CON CAUSA ESPECIFICA
A-2022-02-57,07/02/2022,16:00,DESPISTE,1,2,1,SAN MARTIN,MOYOBAMBA,JEPELACIO,RURAL,CARRETERA,SIN CLASIFICAR,SIN CLASIFICAR,-6.121716,-76.912665,LLUVIOSO,RURAL,CURVA,INCLINADA,AFIRMADO,,,,,INFRAESTRUCTURA Y ENTORNO VIAL,SUPERFICIE DETERIORADA
A-2022-02-315,07/02/2022,17:30,CHOQUE,1,0,,SAN MARTIN,LAMAS,TABALOSOS,RURAL,CARRETERA,NACIONAL,PE-5N,-6.36143,-76.66204,,,,,,,,,,EN PROCESO DE INVESTIGACIÓN,NO CUENTA CON CAUSA ESPECIFICA
A-2022-02-166,07/02/2022,21:00,ESPECIAL,1,0,0,LIMA,LIMA,LURIGANCHO,URBANA,AVENIDA,URBANO,NO CORRESPONDE,-12.00385139527598,-76.92815784749214,DESPEJADO,RESIDENCIAL,INTERSECCIÓN,PLANA ,ASFALTADA,,,,,EN PROCESO DE INVESTIGACIÓN,NO CUENTA CON CAUSA ESPECIFICA
A-2022-02-109,08/02/2022,01:45,DESPISTE,1,0,,PIURA,PIURA,PIURA,URBANA,AVENIDA,URBANO,NO CORRESPONDE,-5.164371,-80.64665,,,,,,,,,,EN PROCESO DE INVESTIGACIÓN,NO CUENTA CON CAUSA ESPECIFICA
A-2022-02-278,08/02/2022,06:15,ATROPELLO,1,0,,JUNIN,SATIPO,SATIPO,RURAL,CARRETERA,NACIONAL,PE-5S,-11.234711969836173,-74.5939974291448,,,,,,,,,,EN PROCESO DE INVESTIGACIÓN,NO CUENTA CON CAUSA ESPECIFICA
A-2022-02-93,08/02/2022,07:50,CHOQUE,1,1,3,LAMBAYEQUE,CHICLAYO,REQUE,RURAL,CARRETERA,NACIONAL,PE-1N,-6.902120701832457,-79.78225346271503,DESPEJADO,RURAL,TRAMO RECTO,PLANA ,ASFALTADA,,,,,EN PROCESO DE INVESTIGACIÓN,NO CUENTA CON CAUSA ESPECIFICA
A-2022-02-37,08/02/2022,08:30,CHOQUE,1,0,2,AREQUIPA,CAYLLOMA,MAJES,RURAL,CARRETERA,NACIONAL,PE-1S,-16.390132,-72.200493,DESPEJADO,RURAL,TRAMO RECTO,PLANA ,ASFALTADA,,,,,EN PROCESO DE INVESTIGACIÓN,NO CUENTA CON CAUSA ESPECIFICA
A-2022-02-27,08/02/2022,09:20,ATROPELLO FUGA,1,0,,AREQUIPA,AREQUIPA,MIRAFLORES,URBANA,AVENIDA,URBANO,NO CORRESPONDE,-16.400653,-71.516359,DESPEJADO,COMERCIAL,TRAMO RECTO,INCLINADA,ASFALTADA,NO,,,SI,EN PROCESO DE INVESTIGACIÓN,NO CUENTA CON CAUSA ESPECIFICA
A-2022-02-54,08/02/2022,14:30,DESPISTE,2,1,1,HUANCAVELICA,HUANCAVELICA,HUACHOCOLPA,RURAL,CARRETERA,DEPARTAMENTAL,HV-115,-13.032857,-74.952973,DESPEJADO,RURAL,CURVA,INCLINADA,CASCAJO/RIPIO,,,,,EN PROCESO DE INVESTIGACIÓN,NO CUENTA CON CAUSA ESPECIFICA
A-2022-02-137,08/02/2022,17:00,ATROPELLO,1,0,0,PUNO,CARABAYA,SAN GABAN,RURAL,CARRETERA,NACIONAL,PE-34B,-13.506092,-70.422063,SOLEADO,RURAL,TRAMO RECTO,PLANA ,ASFALTADA,,,,,NEGLIGENCIA DEL CONDUCTOR,OTRO (NEGLIGENCIA DEL CONDUCTOR)
A-2022-02-167,08/02/2022,17:00,CAÍDA DE PASAJERO,1,0,0,LIMA,LIMA,LOS OLIVOS,URBANA,AVENIDA,URBANO,NO CORRESPONDE,-11.963629,-77.077475,DESPEJADO,COMERCIAL,INTERSECCIÓN,PLANA ,ASFALTADA,,,,,EN PROCESO DE INVESTIGACIÓN,NO CUENTA CON CAUSA ESPECIFICA
A-2022-02-157,08/02/2022,23:25,CHOQUE,2,7,2,CUSCO,QUISPICANCHI,ANDAHUAYLILLAS,RURAL,CARRETERA,NACIONAL,PE-3S,-13.67468779683094,-71.66918807448901,DESPEJADO,RURAL,CURVA,PLANA ,ASFALTADA,SI,PREVENTIVA (P),,NO,IMPRUDENCIA DEL CONDUCTOR,INVASIÓN DE CARRIL
A-2022-02-168,08/02/2022,23:40,ATROPELLO,1,0,0,LIMA,LIMA,SAN BORJA,URBANA,AVENIDA,URBANO,NO CORRESPONDE,-12.1056822,-77.0011375,DESPEJADO,COMERCIAL,TRAMO RECTO,PLANA ,ASFALTADA,,,,,EN PROCESO DE INVESTIGACIÓN,NO CUENTA CON CAUSA ESPECIFICA
A-2022-02-56,09/02/2022,03:00,DESPISTE,1,0,,LORETO,MAYNAS,IQUITOS,URBANA,AVENIDA,URBANO,NO CORRESPONDE,-3.756961,-73.251322,LLUVIOSO,COMERCIAL,ÓVALO,PLANA ,ASFALTADA,,,,,IMPRUDENCIA DEL CONDUCTOR,CONDUCIR EN ESTADO DE EBRIEDAD Y/O DROGADICCIÓN
A-2022-02-259,09/02/2022,04:30,ATROPELLO FUGA,1,0,,LIMA,HUARAL,HUARAL,URBANA,CARRETERA,NACIONAL,PE-20C,-11.509562,-77.205765,DESPEJADO,RURAL,TRAMO RECTO,PLANA ,ASFALTADA,,,,,EN PROCESO DE INVESTIGACIÓN,NO CUENTA CON CAUSA ESPECIFICA
A-2022-02-82,09/02/2022,14:45,DESPISTE,17,7,1,LA LIBERTAD,PATAZ,TAYABAMBA,RURAL,CARRETERA,NACIONAL,PE-10C,-8.384521,-77.284063,LLUVIOSO,RURAL,CURVA,INCLINADA,TROCHA,,,,,EN PROCESO DE INVESTIGACIÓN,NO CUENTA CON CAUSA ESPECIFICA
A-2022-02-95,09/02/2022,18:20,CHOQUE,1,1,2,LA LIBERTAD,ASCOPE,PAIJAN,RURAL,CARRETERA,PROVINCIAL,LI-610,-7.728846904117775,-79.32433734883507,DESPEJADO,RURAL,TRAMO RECTO,PLANA ,ASFALTADA,,,,,EN PROCESO DE INVESTIGACIÓN,NO CUENTA CON CAUSA ESPECIFICA
A-2022-02-216,09/02/2022,20:00,ATROPELLO,1,0,0,LIMA,LIMA,PACHACAMAC,URBANA,AVENIDA,URBANO,NO CORRESPONDE,-12.101285,-76.874275,DESPEJADO,INDUSTRIAL,TRAMO RECTO,PLANA ,ASFALTADA,,,,,EN PROCESO DE INVESTIGACIÓN,NO CUENTA CON CAUSA ESPECIFICA
A-2022-02-169,09/02/2022,21:40,ATROPELLO FUGA,1,0,0,LAMBAYEQUE,LAMBAYEQUE,JAYANCA,RURAL,CARRETERA,NACIONAL,PE-1NJ,-6.3304186,-79.7639598,NUBLADO,RURAL,TRAMO RECTO,PLANA ,ASFALTADA,,,,,EN PROCESO DE INVESTIGACIÓN,NO CUENTA CON CAUSA ESPECIFICA
A-2022-02-38,10/02/2022,05:40,ATROPELLO,1,0,0,AREQUIPA,AREQUIPA,CERRO COLORADO,URBANA,CARRETERA,PROVINCIAL,AR-747,-16.355786,-71.566352,DESPEJADO,COMERCIAL,TRAMO RECTO,PLANA ,TROCHA,,,,,EN PROCESO DE INVESTIGACIÓN,NO CUENTA CON CAUSA ESPECIFICA
A-2022-02-218,10/02/2022,06:30,ATROPELLO,1,0,0,LIMA,LIMA,CARABAYLLO,URBANA,CALLE,URBANO,NO CORRESPONDE,-11.86253,-77.03923,DESPEJADO,RESIDENCIAL,INTERSECCIÓN,PLANA ,ASFALTADA,,,,,EN PROCESO DE INVESTIGACIÓN,NO CUENTA CON CAUSA ESPECIFICA
A-2022-02-267,10/02/2022,09:20,ATROPELLO,1,0,1,JUNIN,HUANCAYO,HUANCAYO,URBANA,AVENIDA,URBANO,NO CORRESPONDE,-12.06993,-75.204747,DESPEJADO,COMERCIAL,INTERSECCIÓN,PLANA ,ASFALTADA,,,,,IMPRUDENCIA DEL CONDUCTOR,OTRO (IMPRUDENCIA DEL CONDUCTOR)
A-2022-02-290,10/02/2022,10:00,DESPISTE,1,0,,ANCASH,CASMA,CASMA,URBANA,CARRETERA,NACIONAL,PE-1N,-9.484032,-78.281749,DESPEJADO,RURAL,TRAMO RECTO,PLANA ,ASFALTADA,,,,,EN PROCESO DE INVESTIGACIÓN,NO CUENTA CON CAUSA ESPECIFICA