CÓDIGO SINIESTRO,FECHA SINIESTRO,HORA SINIESTRO,CLASE SINIESTRO,CANTIDAD DE FALLECIDOS,CANTIDAD DE LESIONADOS,CANTIDAD DE VEHICULOS DAÑADOS,DEPARTAMENTO,PROVINCIA,DISTRITO,ZONA,TIPO DE VÍA,RED VIAL,COD CARRETERA,COORDENADAS LATITUD,COORDENADAS  LONGITUD,CONDICIÓN CLIMÁTICA,ZONIFICACIÓN,CARACTERÍSTICAS DE VÍA,PERFIL LONGITUDINAL VÍA,SUPERFICIE DE CALZADA,¿EXISTE SEÑAL VERTICAL?,CLASIFICACIÓN DE LA SEÑAL VERTICAL Nº 1,CLASIFICACIÓN DE LA SEÑAL VERTICAL Nº 2,¿EXISTE SEÑAL HORIZONTAL?,CAUSA FACTOR PRINCIPAL,CAUSA ESPECÍFICA
A-2022-03-181,02/03/2022,14:30,CHOQUE,1,0,2,LIMA,LIMA,JESUS MARIA,URBANA,AVENIDA,URBANO,NO CORRESPONDE,-12.077486903906868,-77.03673355030094,DESPEJADO,RURAL,TRAMO RECTO,PLANA ,ASFALTADA,,,,,EN PROCESO DE INVESTIGACIÓN,NO CUENTA CON CAUSA ESPECIFICA
A-2022-03-140,02/03/2022,22:00,ATROPELLO FUGA,1,0,,CUSCO,ESPINAR,COPORAQUE,RURAL,CARRETERA,PROVINCIAL,CU-1832,-14.6837747847914,-71.4894176005773,LLUVIOSO,RURAL,CURVA,PLANA ,ASFALTADA,SI,PREVENTIVA (P),,NO,IMPRUDENCIA DEL PEATÓN,ESTADO DE EBRIEDAD Y/O DROGADICCIÓN
A-2022-03-2,03/03/2022,02:00,ATROPELLO,1,0,1,PUNO,EL COLLAO,ILAVE,RURAL,CARRETERA,NACIONAL,PE-3S,-16.116216,-69.595246,LLUVIOSO,RURAL,TRAMO RECTO,PLANA ,ASFALTADA,SI,INFORMATIVA (I),,SI,IMPRUDENCIA DEL PEATÓN,CRUCE INDEBIDO POR LA CALZADA
A-2022-03-122,03/03/2022,05:30,DESPISTE,3,3,2,PIURA,PIURA,VEINTISEIS DE OCTUBRE,RURAL,CARRETERA,NACIONAL,PE-1N,-5.197347,-80.687538,DESPEJADO,RURAL,TRAMO RECTO,PLANA ,ASFALTADA,,,,,EN PROCESO DE INVESTIGACIÓN,NO CUENTA CON CAUSA ESPECIFICA
A-2022-03-148,03/03/2022,07:50,CHOQUE,1,0,1,AYACUCHO,HUAMANGA,AYACUCHO,URBANA,AVENIDA,URBANO,NO CORRESPONDE,-13.150796844132877,-74.22301052329625,DESPEJADO,ESCOLAR,INTERSECCIÓN,PLANA ,ASFALTADA,SI,PREVENTIVA (P),PREVENTIVA (P),NO,IMPRUDENCIA DEL CONDUCTOR,CONDUCIR EN ESTADO DE EBRIEDAD Y/O DROGADICCIÓN
A-2022-03-34,03/03/2022,17:00,DESPISTE,1,3,1,HUANCAVELICA,HUAYTARA,HUAYTARA,RURAL,CARRETERA,NACIONAL,PE-28A,-13.607529162762743,-75.32030773156066,LLUVIOSO,RURAL,CURVA,INCLINADA,ASFALTADA,,,,,EN PROCESO DE INVESTIGACIÓN,NO CUENTA CON CAUSA ESPECIFICA
A-2022-03-6,03/03/2022,22:20,CHOQUE,1,0,2,PUNO,PUNO,HUATA,RURAL,CARRETERA,DEPARTAMENTAL,PU-120,-15.561899966726875,-69.99207796663597,DESPEJADO,RURAL,CURVA,PLANA ,ASFALTADA,NO,,,SI,IMPRUDENCIA DEL CONDUCTOR,CONDUCIR EN ESTADO DE EBRIEDAD Y/O DROGADICCIÓN
A-2022-03-283,03/03/2022,23:50,ATROPELLO FUGA,1,0,,LIMA,LIMA,CHORRILLOS,URBANA,AVENIDA,URBANO,NO CORRESPONDE,-12.18429331,-77.0074643892645,,,,,,,,,,EN PROCESO DE INVESTIGACIÓN,NO CUENTA CON CAUSA ESPECIFICA
A-2022-03-251,04/03/2022,07:00,CHOQUE,1,0,2,ICA,CHINCHA,CHINCHA BAJA,RURAL,CARRETERA,DEPARTAMENTAL,IC-102,-13.450253,-76.152625,DESPEJADO,RURAL,TRAMO RECTO,PLANA ,ASFALTADA,,,,,IMPRUDENCIA DEL CONDUCTOR,OTRO (IMPRUDENCIA DEL CONDUCTOR)
A-2022-03-139,04/03/2022,13:30,CHOQUE,1,0,2,LAMBAYEQUE,LAMBAYEQUE,OLMOS,RURAL,CARRETERA,SIN CLASIFICAR,SIN CLASIFICAR,-5.980961,-79.767612,SOLEADO,RURAL,OTRO,PLANA ,TROCHA,,,,,IMPRUDENCIA DEL CONDUCTOR,EXCESO DE VELOCIDAD
A-2022-03-212,04/03/2022,14:00,ATROPELLO,1,0,0,CALLAO,CALLAO,CARMEN DE LA LEGUA REYNOSO,URBANA,AVENIDA,URBANO,NO CORRESPONDE,-12.046767,-77.08469,DESPEJADO,INDUSTRIAL,TRAMO RECTO,PLANA ,ASFALTADA,,,,,EN PROCESO DE INVESTIGACIÓN,NO CUENTA CON CAUSA ESPECIFICA
A-2022-03-35,04/03/2022,15:50,DESPISTE,1,1,1,HUANCAVELICA,HUAYTARA,HUAYTARA,RURAL,CARRETERA,NACIONAL,PE-28A,-13.582339,-75.274279,LLUVIOSO,RURAL,CURVA,INCLINADA,ASFALTADA,,,,,EN PROCESO DE INVESTIGACIÓN,NO CUENTA CON CAUSA ESPECIFICA
A-2022-03-213,05/03/2022,04:45,ATROPELLO FUGA,1,0,,LIMA,LIMA,VILLA EL SALVADOR,,CARRETERA,NACIONAL,PE-1S,-12.240213,-76.947585,,,,,,,,,,EN PROCESO DE INVESTIGACIÓN,NO CUENTA CON CAUSA ESPECIFICA
A-2022-03-29,05/03/2022,07:20,CHOQUE,1,0,2,ICA,ICA,SALAS,URBANA,CARRETERA,NACIONAL,PE-1S,-13.98487844663524,-75.77287120456951,DESPEJADO,RESIDENCIAL,TRAMO RECTO,PLANA ,ASFALTADA,,,,,EN PROCESO DE INVESTIGACIÓN,NO CUENTA CON CAUSA ESPECIFICA
A-2022-03-38,05/03/2022,10:30,VOLCADURA,1,0,1,CAJAMARCA,CELENDIN,CELENDIN,URBANA,CALLE,URBANO,NO CORRESPONDE,-6.864952,-78.14231,DESPEJADO,RURAL,TRAMO RECTO,PLANA ,ASFALTADA,,,,,EN PROCESO DE INVESTIGACIÓN,NO CUENTA CON CAUSA ESPECIFICA
A-2022-03-144,05/03/2022,11:30,DESPISTE,1,2,1,CUSCO,LA CONVENCION,ECHARATE,RURAL,CARRETERA,NACIONAL,PE-28B,-12.641036,-72.910948,DESPEJADO,RURAL,CURVA,PLANA ,AFIRMADO,,,,,IMPERICIA DEL CONDUCTOR,
A-2022-03-63,05/03/2022,16:30,CHOQUE,2,2,5,AREQUIPA,AREQUIPA,SAN JUAN DE TARUCANI,RURAL,CARRETERA,NACIONAL,PE-34A,-16.054261,-71.341154,NUBLADO,RURAL,CURVA,INCLINADA,ASFALTADA,NO,,,SI,EN PROCESO DE INVESTIGACIÓN,NO CUENTA CON CAUSA ESPECIFICA
A-2022-03-8,05/03/2022,16:50,ATROPELLO,1,0,,CALLAO,CALLAO,CALLAO,URBANA,CARRETERA,NACIONAL,PE-20,-12.041549295628164,-77.12666804475543,DESPEJADO,COMERCIAL,TRAMO RECTO,PLANA ,ASFALTADA,SI,REGULADORA (R),,SI,IMPRUDENCIA DEL PEATÓN,OTRO (IMPRUDENCIA DEL PEATÓN)
A-2022-03-72,05/03/2022,17:30,DESPISTE,1,0,1,LA LIBERTAD,VIRU,GUADALUPITO,RURAL,CARRETERA,NACIONAL,PE-1N,-8.701750045827943,-78.63940710194512,DESPEJADO,RURAL,TRAMO RECTO,PLANA ,ASFALTADA,,,,,EN PROCESO DE INVESTIGACIÓN,NO CUENTA CON CAUSA ESPECIFICA
A-2022-03-103,05/03/2022,19:25,CHOQUE,1,0,2,CAJAMARCA,JAEN,JAEN,URBANA,CARRETERA,NACIONAL,PE-5N,-5.688243548265175,-78.7921113792726,DESPEJADO,COMERCIAL,TRAMO RECTO,PLANA ,ASFALTADA,,,,,EN PROCESO DE INVESTIGACIÓN,NO CUENTA CON CAUSA ESPECIFICA
A-2022-03-102,05/03/2022,20:30,CHOQUE,3,2,4,LAMBAYEQUE,LAMBAYEQUE,LAMBAYEQUE,URBANA,CARRETERA,NACIONAL,PE-1NJ,-6.615792791171574,-79.88478356339581,DESPEJADO,RESIDENCIAL,TRAMO RECTO,PLANA ,ASFALTADA,,,,,EN PROCESO DE INVESTIGACIÓN,NO CUENTA CON CAUSA ESPECIFICA
A-2022-03-256,06/03/2022,00:20,CHOQUE,1,1,2,AYACUCHO,HUANTA,LURICOCHA,RURAL,CARRETERA,DEPARTAMENTAL,AY-100,-12.9108385135728,-74.2743641286087,LLUVIOSO,RURAL,TRAMO RECTO,PLANA ,ASFALTADA,SI,REGULADORA (R),,NO,IMPRUDENCIA DEL CONDUCTOR,CONDUCIR EN ESTADO DE EBRIEDAD Y/O DROGADICCIÓN
A-2022-03-141,06/03/2022,01:00,ATROPELLO FUGA,1,0,,CUSCO,QUISPICANCHI,ANDAHUAYLILLAS,RURAL,CARRETERA,NACIONAL,PE-3S,-13.680533903172822,-71.66163543419401,LLUVIOSO,RURAL,CURVA,PLANA ,ASFALTADA,SI,PREVENTIVA (P),,SI,IMPRUDENCIA DEL PEATÓN,ESTADO DE EBRIEDAD Y/O DROGADICCIÓN
A-2022-03-17,06/03/2022,04:00,ATROPELLO FUGA,1,0,,TACNA,TACNA,TACNA,RURAL,CARRETERA,NACIONAL,PE-1S,-18.196019,-70.327957,,,,,,,,,,EN PROCESO DE INVESTIGACIÓN,NO CUENTA CON CAUSA ESPECIFICA
A-2022-03-225,06/03/2022,04:00,DESPISTE,1,0,,JUNIN,CHANCHAMAYO,PICHANAQUI,RURAL,CARRETERA,PROVINCIAL,JU-1487,-10.933896050793132,-74.8367159943703,,,,,,,,,,EN PROCESO DE INVESTIGACIÓN,NO CUENTA CON CAUSA ESPECIFICA
A-2022-03-202,06/03/2022,05:09,CHOQUE FUGA,1,0,2,LIMA,HUAURA,SANTA MARIA,URBANA,CARRETERA,PROVINCIAL,LM-652,-11.093917881550526,-77.58225736843556,DESPEJADO,RESIDENCIAL,TRAMO RECTO,PLANA ,ASFALTADA,,,,,IMPRUDENCIA DEL CONDUCTOR,EXCESO DE VELOCIDAD
A-2022-03-131,06/03/2022,06:30,DESPISTE,1,0,1,PUNO,HUANCANE,TARACO,RURAL,CARRETERA,NACIONAL,PE-34H,-15.2713891,-69.8962317,DESPEJADO,RURAL,TRAMO RECTO,PLANA ,ASFALTADA,,,,,NEGLIGENCIA DEL CONDUCTOR,OTRO (NEGLIGENCIA DEL CONDUCTOR)
A-2022-03-55,06/03/2022,06:30,DESPISTE,1,5,1,HUANCAVELICA,HUAYTARA,PILPICHACA,RURAL,CARRETERA,NACIONAL,PE-28A,-13.41957,-74.95678,NIEBLA,RURAL,CURVA,INCLINADA,ASFALTADA,SI,PREVENTIVA (P),REGULADORA (R),SI,EN PROCESO DE INVESTIGACIÓN,NO CUENTA CON CAUSA ESPECIFICA
A-2022-03-56,06/03/2022,13:00,CHOQUE,1,1,,HUANCAVELICA,ANGARAES,LIRCAY,RURAL,CARRETERA,DEPARTAMENTAL,HV-116,-13.00148,-74.764165,,,,,,,,,,EN PROCESO DE INVESTIGACIÓN,NO CUENTA CON CAUSA ESPECIFICA
A-2022-03-15,06/03/2022,14:00,DESPISTE,2,0,1,AREQUIPA,CAMANA,MARIANO NICOLAS VALCARCEL,RURAL,CARRETERA,SIN CLASIFICAR,SIN CLASIFICAR,-16.02584647455192,-73.17319128532293,DESPEJADO,RURAL,OTRO,INCLINADA,TROCHA,,,,,EN PROCESO DE INVESTIGACIÓN,NO CUENTA CON CAUSA ESPECIFICA
A-2022-03-154,06/03/2022,16:15,CHOQUE,1,0,2,CUSCO,QUISPICANCHI,MARCAPATA,RURAL,CARRETERA,NACIONAL,PE-30C,-13.590382682521708,-70.95496693686286,DESPEJADO,RURAL,CURVA,PLANA ,ASFALTADA,,,,,IMPERICIA DEL CONDUCTOR,
A-2022-03-39,06/03/2022,16:30,ATROPELLO FUGA,1,0,,CAJAMARCA,CAJABAMBA,CONDEBAMBA,URBANA,CARRETERA,NACIONAL,PE-3N,-7.46713058,-78.11290494,,,,,,,,,,EN PROCESO DE INVESTIGACIÓN,NO CUENTA CON CAUSA ESPECIFICA
A-2022-03-73,06/03/2022,19:45,ATROPELLO,1,0,1,LA LIBERTAD,TRUJILLO,EL PORVENIR,URBANA,CALLE,URBANO,NO CORRESPONDE,-8.074656,-79.008549,DESPEJADO,RESIDENCIAL,INTERSECCIÓN,PLANA ,ASFALTADA,,,,,IMPRUDENCIA DEL CONDUCTOR,CONDUCIR EN ESTADO DE EBRIEDAD Y/O DROGADICCIÓN
A-2022-03-238,06/03/2022,21:50,VOLCADURA,1,0,,APURIMAC,GRAU,MICAELA BASTIDAS,RURAL,CARRETERA,NACIONAL,PE-3SF,-14.074843389716259,-72.62212003892782,,,,,,,,,,EN PROCESO DE INVESTIGACIÓN,NO CUENTA CON CAUSA ESPECIFICA
A-2022-03-10,07/03/2022,08:45,CAÍDA DE PASAJERO,1,1,1,TUMBES,CONTRALMIRANTE VILLAR,CANOAS DE PUNTA SAL,RURAL,CARRETERA,NACIONAL,PE-1N,-3.9149750981190445,-80.88801017523916,SOLEADO,RURAL,CURVA,INCLINADA,ASFALTADA,,,,,IMPRUDENCIA DEL CONDUCTOR,EXCESO DE VELOCIDAD
A-2022-03-46,07/03/2022,11:18,CHOQUE,5,3,2,CAJAMARCA,CAJAMARCA,LLACANORA,RURAL,CARRETERA,NACIONAL,PE-3N,-7.195726,-78.368729,DESPEJADO,RURAL,TRAMO RECTO,PLANA ,ASFALTADA,,,,,EN PROCESO DE INVESTIGACIÓN,NO CUENTA CON CAUSA ESPECIFICA
A-2022-03-69,07/03/2022,14:10,ATROPELLO,1,0,1,AREQUIPA,AREQUIPA,SANTA RITA DE SIGUAS,RURAL,CARRETERA,NACIONAL,PE-1S,-16.410435,-72.055252,DESPEJADO,RURAL,INTERSECCIÓN,PLANA ,ASFALTADA,SI,REGULADORA (R),REGULADORA (R),NO,EN PROCESO DE INVESTIGACIÓN,NO CUENTA CON CAUSA ESPECIFICA
A-2022-03-214,07/03/2022,14:30,ATROPELLO,1,0,1,LIMA,LIMA,COMAS,URBANA,AVENIDA,URBANO,NO CORRESPONDE,-11.937831,-77.049489,DESPEJADO,COMERCIAL,TRAMO RECTO,PLANA ,ASFALTADA,,,,,EN PROCESO DE INVESTIGACIÓN,NO CUENTA CON CAUSA ESPECIFICA
A-2022-03-74,07/03/2022,14:30,CHOQUE,1,0,2,LA LIBERTAD,CHEPEN,PACANGA,RURAL,CARRETERA,NACIONAL,PE-1N,-7.150350381087838,-79.4508880048356,DESPEJADO,RURAL,TRAMO RECTO,PLANA ,ASFALTADA,,,,,IMPRUDENCIA DEL CONDUCTOR,OTRO (IMPRUDENCIA DEL CONDUCTOR)
A-2022-03-70,07/03/2022,18:00,DESPISTE,2,0,1,ANCASH,YUNGAY,YANAMA,RURAL,CARRETERA,SIN CLASIFICAR,SIN CLASIFICAR,-8.903711450122605,-77.56473257769545,LLUVIOSO,RURAL,OTRO,INCLINADA,TROCHA,,,,,EN PROCESO DE INVESTIGACIÓN,NO CUENTA CON CAUSA ESPECIFICA
A-2022-03-232,07/03/2022,18:25,ATROPELLO,1,0,0,LIMA,LIMA,COMAS,URBANA,AVENIDA,URBANO,NO CORRESPONDE,-11.900935825697534,-77.03989323217921,DESPEJADO,COMERCIAL,INTERSECCIÓN,PLANA ,ASFALTADA,,,,,EN PROCESO DE INVESTIGACIÓN,NO CUENTA CON CAUSA ESPECIFICA
A-2022-03-215,08/03/2022,06:00,CHOQUE,1,0,2,LIMA,LIMA,EL AGUSTINO,URBANA,CARRETERA,NACIONAL,PE-1N,-12.02946,-76.999036,DESPEJADO,COMERCIAL,TRAMO RECTO,PLANA ,ASFALTADA,,,,,EN PROCESO DE INVESTIGACIÓN,NO CUENTA CON CAUSA ESPECIFICA
A-2022-03-137,08/03/2022,08:30,CHOQUE,1,0,2,PUNO,SAN ROMAN,JULIACA,URBANA,CARRETERA,NACIONAL,PE-34A,-15.492,-70.144125,SOLEADO,COMERCIAL,INTERSECCIÓN,PLANA ,ASFALTADA,,,,,IMPRUDENCIA DEL CONDUCTOR,NO DAR PASO PREFERENTE AL PEATÓN
A-2022-03-252,08/03/2022,09:40,CHOQUE,3,2,2,ICA,CHINCHA,CHINCHA ALTA,RURAL,CARRETERA,NACIONAL,PE-26,-13.412786,-76.084959,DESPEJADO,RURAL,CURVA,INCLINADA,ASFALTADA,,,,,IMPRUDENCIA DEL CONDUCTOR,INVASIÓN DE CARRIL
A-2022-03-247,08/03/2022,14:00,CHOQUE,1,0,,AYACUCHO,HUAMANGA,JESUS NAZARENO,URBANA,AVENIDA,URBANO,NO CORRESPONDE,-13.14284649,-74.22042649,DESPEJADO,RESIDENCIAL,TRAMO RECTO,PLANA ,ASFALTADA,SI,PREVENTIVA (P),,NO,IMPRUDENCIA DEL CONDUCTOR,NO ESTABLECER EL DERECHO DE PASO
A-2022-03-289,08/03/2022,17:20,CHOQUE,1,0,,LIMA,LIMA,PACHACAMAC,URBANA,AVENIDA,URBANO,NO CORRESPONDE,-12.1544186234116,-76.8693337967414,DESPEJADO,COMERCIAL,TRAMO RECTO,PLANA ,ASFALTADA,,,,,IMPRUDENCIA DEL CONDUCTOR,EXCESO DE VELOCIDAD
A-2022-03-90,09/03/2022,00:00,ATROPELLO,1,0,1,LA LIBERTAD,VIRU,CHAO,RURAL,CARRETERA,NACIONAL,PE-1N,-8.539943,-78.67644,DESPEJADO,RURAL,TRAMO RECTO,PLANA ,ASFALTADA,,,,,IMPRUDENCIA DEL PEATÓN,CRUCE INDEBIDO POR LA CALZADA
A-2022-03-254,09/03/2022,01:15,DESPISTE,2,5,1,ICA,CHINCHA,GROCIO PRADO,RURAL,CARRETERA,NACIONAL,PE-1S,-13.353544938238635,-76.22172841728349,DESPEJADO,RURAL,TRAMO RECTO,PLANA ,ASFALTADA,,,,,NEGLIGENCIA DEL CONDUCTOR,OTRO (NEGLIGENCIA DEL CONDUCTOR)
A-2022-03-76,09/03/2022,04:50,DESPISTE,4,0,1,LA LIBERTAD,BOLIVAR,BAMBAMARCA,RURAL,CARRETERA,DEPARTAMENTAL,LI-125,-7.54598524765243,-77.71371781842402,LLUVIOSO,RURAL,TRAMO RECTO,PLANA ,TROCHA,,,,,IMPRUDENCIA DEL CONDUCTOR,FATIGA Y/O CANSANCIO
A-2022-03-104,09/03/2022,06:50,CHOQUE,1,0,2,LAMBAYEQUE,LAMBAYEQUE,LAMBAYEQUE,URBANA,CARRETERA,NACIONAL,PE-1N,-6.723075,-79.892557,DESPEJADO,INDUSTRIAL,TRAMO RECTO,PLANA ,ASFALTADA,,,,,EN PROCESO DE INVESTIGACIÓN,NO CUENTA CON CAUSA ESPECIFICA
A-2022-03-216,09/03/2022,14:00,CHOQUE,1,0,2,LIMA,LIMA,RIMAC,URBANA,CARRETERA,NACIONAL,PE-1N,-12.04027,-77.01653,DESPEJADO,INDUSTRIAL,TRAMO RECTO,PLANA ,ASFALTADA,,,,,EN PROCESO DE INVESTIGACIÓN,NO CUENTA CON CAUSA ESPECIFICA
A-2022-03-53,09/03/2022,15:15,ATROPELLO,1,0,,CAJAMARCA,CAJABAMBA,CACHACHI,RURAL,CARRETERA,SIN CLASIFICAR,SIN CLASIFICAR,-7.62635833,-78.21360167,,,,,,,,,,EN PROCESO DE INVESTIGACIÓN,NO CUENTA CON CAUSA ESPECIFICA
A-2022-03-42,09/03/2022,16:00,DESPISTE,1,0,1,AREQUIPA,CARAVELI,QUICACHA,RURAL,CARRETERA,NACIONAL,PE-32,-15.62316608,-73.79733259,LLUVIOSO,RURAL,SINUOSA,INCLINADA,TROCHA,,,,,EN PROCESO DE INVESTIGACIÓN,NO CUENTA CON CAUSA ESPECIFICA
A-2022-03-132,10/03/2022,06:10,CHOQUE,1,0,2,PUNO,AZANGARO,SAN JUAN DE SALINAS,RURAL,CARRETERA,DEPARTAMENTAL,PU-153,-14.972485065416162,-70.14978086836956,DESPEJADO,RURAL,CURVA,PLANA ,AFIRMADO,,,,,IMPRUDENCIA DEL CONDUCTOR,CONDUCIR EN SENTIDO CONTRARIO
A-2022-03-234,10/03/2022,15:00,DESPISTE,1,0,,ANCASH,PALLASCA,PALLASCA,RURAL,CARRETERA,NACIONAL,PE-3N,-8.268228316316504,-77.99048105842314,DESPEJADO,RURAL,SINUOSA,INCLINADA,TROCHA,,,,,EN PROCESO DE INVESTIGACIÓN,NO CUENTA CON CAUSA ESPECIFICA
A-2022-03-16,10/03/2022,18:00,CHOQUE,1,0,1,PUNO,PUNO,CAPACHICA,RURAL,CARRETERA,PROVINCIAL,PU-926,-15.673126628223363,-69.84928784225646,DESPEJADO,RURAL,TRAMO RECTO,PLANA ,ASFALTADA,,,,,IMPRUDENCIA DEL CONDUCTOR,OTRO (IMPRUDENCIA DEL CONDUCTOR)
A-2022-03-253,10/03/2022,20:00,CHOQUE FUGA,1,0,,LIMA,LIMA,SAN MARTIN DE PORRES,URBANA,AVENIDA,URBANO,NO CORRESPONDE,-11.949566403461,-77.0858316969476,,,,,,,,,,EN PROCESO DE INVESTIGACIÓN,NO CUENTA CON CAUSA ESPECIFICA
A-2022-03-77,10/03/2022,23:30,DESPISTE,1,0,1,LA LIBERTAD,VIRU,VIRU,RURAL,CARRETERA,PROVINCIAL,LI-1122,-8.460950404191363,-78.85554491169593,DESPEJADO,RURAL,TRAMO RECTO,PLANA ,AFIRMADO,,,,,EN PROCESO DE INVESTIGACIÓN,NO CUENTA CON CAUSA ESPECIFICA
A-2022-03-255,11/03/2022,02:00,CHOQUE,1,0,,LIMA,LIMA,SAN JUAN DE LURIGANCHO,URBANA,AVENIDA,URBANO,NO CORRESPONDE,-11.970962,-76.992302,,,,,,,,,,EN PROCESO DE INVESTIGACIÓN,NO CUENTA CON CAUSA ESPECIFICA
A-2022-03-150,11/03/2022,04:30,DESPISTE,1,2,,AYACUCHO,SUCRE,SAN PEDRO DE LARCAY,RURAL,OTRO,URBANO,NO CORRESPONDE,-14.168986,-73.57301,DESPEJADO,RURAL,CURVA,INCLINADA,AFIRMADO,,,,,IMPRUDENCIA DEL CONDUCTOR,EXCESO DE VELOCIDAD
A-2022-03-83,11/03/2022,09:30,DESPISTE,1,4,1,LA LIBERTAD,OTUZCO,USQUIL,RURAL,CARRETERA,SIN CLASIFICAR,SIN CLASIFICAR,-7.803343,-78.402325,LLUVIOSO,RURAL,CURVA,INCLINADA,TROCHA,,,,,NEGLIGENCIA DEL CONDUCTOR,OTRO (NEGLIGENCIA DEL CONDUCTOR)
A-2022-03-185,11/03/2022,10:30,CHOQUE,1,7,2,CUSCO,CANCHIS,CHECACUPE,RURAL,CARRETERA,NACIONAL,PE-3S,-14.020605855797987,-71.45716071152206,LLUVIOSO,RURAL,TRAMO RECTO,PLANA ,ASFALTADA,SI,PREVENTIVA (P),REGULADORA (R),NO,IMPRUDENCIA DEL CONDUCTOR,VEHÍCULO MAL ESTACIONADO
A-2022-03-133,11/03/2022,18:30,CHOQUE,1,3,2,PUNO,CARABAYA,CRUCERO,RURAL,CARRETERA,DEPARTAMENTAL,PU-106,-14.361764812056053,-69.82151095208351,DESPEJADO,RURAL,TRAMO RECTO,PLANA ,ASFALTADA,,,,,IMPRUDENCIA DEL CONDUCTOR,CONDUCIR EN SENTIDO CONTRARIO
A-2022-03-257,11/03/2022,19:50,ATROPELLO,1,0,,LIMA,LIMA,LIMA,URBANA,AVENIDA,URBANO,NO CORRESPONDE,-12.057647,-77.067668,DESPEJADO,RURAL,TRAMO RECTO,PLANA ,ASFALTADA,,,,,EN PROCESO DE INVESTIGACIÓN,NO CUENTA CON CAUSA ESPECIFICA
A-2022-03-233,12/03/2022,00:30,CHOQUE,1,1,,ANCASH,HUARMEY,HUARMEY,RURAL,CARRETERA,NACIONAL,PE-1N,-10.203143,-78.050151,DESPEJADO,RURAL,TRAMO RECTO,PLANA ,ASFALTADA,,,,,EN PROCESO DE INVESTIGACIÓN,NO CUENTA CON CAUSA ESPECIFICA
A-2022-03-286,12/03/2022,02:00,ATROPELLO FUGA,1,0,,SAN MARTIN,LAMAS,CAYNARACHI,RURAL,CARRETERA,NACIONAL,PE-5NB,-6.14327275397964,-76.2690696093467,,,,,,,,,,EN PROCESO DE INVESTIGACIÓN,NO CUENTA CON CAUSA ESPECIFICA
A-2022-03-245,12/03/2022,03:40,ATROPELLO,1,0,,AYACUCHO,LA MAR,SAN MIGUEL,URBANA,CARRETERA,DEPARTAMENTAL,AY-102,-13.05425248,-73.95491305,DESPEJADO,RURAL,TRAMO RECTO,PLANA ,ASFALTADA,SI,PREVENTIVA (P),,NO,IMPRUDENCIA DEL CONDUCTOR,OTRO (IMPRUDENCIA DEL CONDUCTOR)
A-2022-03-43,12/03/2022,06:00,DESPISTE,1,0,2,AREQUIPA,CAMANA,SAMUEL PASTOR,URBANA,AVENIDA,URBANO,NO CORRESPONDE,-16.61005310771141,-72.70527483355946,DESPEJADO,RURAL,TRAMO RECTO,PLANA ,ASFALTADA,,,,,EN PROCESO DE INVESTIGACIÓN,NO CUENTA CON CAUSA ESPECIFICA
A-2022-03-239,12/03/2022,07:00,VOLCADURA,1,0,,APURIMAC,GRAU,VILCABAMBA,RURAL,AVENIDA,URBANO,NO CORRESPONDE,-14.078797918383271,-72.62581486234875,,,,,,,,,,EN PROCESO DE INVESTIGACIÓN,NO CUENTA CON CAUSA ESPECIFICA
A-2022-03-235,12/03/2022,08:35,ATROPELLO,1,0,,ANCASH,SANTA,CHIMBOTE,URBANA,AVENIDA,URBANO,NO CORRESPONDE,-9.074472820484136,-78.57626927976929,DESPEJADO,COMERCIAL,INTERSECCIÓN,PLANA ,ASFALTADA,,,,,EN PROCESO DE INVESTIGACIÓN,NO CUENTA CON CAUSA ESPECIFICA
A-2022-03-224,12/03/2022,15:10,CHOQUE,1,0,2,HUANUCO,LEONCIO PRADO,PUEBLO NUEVO,RURAL,CARRETERA,NACIONAL,PE-5N,-9.149739,-75.988285,NUBLADO,RURAL,CURVA,PLANA ,ASFALTADA,SI,PREVENTIVA (P),REGULADORA (R),NO,IMPRUDENCIA DEL CONDUCTOR,EXCESO DE VELOCIDAD
A-2022-03-123,12/03/2022,19:30,CHOQUE,1,0,2,PIURA,PIURA,LA UNION,URBANA,CALLE,URBANO,NO CORRESPONDE,-5.380902,-80.761395,DESPEJADO,COMERCIAL,TRAMO RECTO,PLANA ,AFIRMADO,,,,,EN PROCESO DE INVESTIGACIÓN,NO CUENTA CON CAUSA ESPECIFICA
A-2022-03-71,13/03/2022,03:30,ATROPELLO,1,0,1,AREQUIPA,ISLAY,ISLAY,RURAL,CARRETERA,NACIONAL,PE-1SD,-16.998379,-72.062978,DESPEJADO,RURAL,TRAMO RECTO,INCLINADA,ASFALTADA,NO,,,SI,EN PROCESO DE INVESTIGACIÓN,NO CUENTA CON CAUSA ESPECIFICA