CÓDIGO SINIESTRO,FECHA SINIESTRO,HORA SINIESTRO,CLASE SINIESTRO,CANTIDAD DE FALLECIDOS,CANTIDAD DE LESIONADOS,CANTIDAD DE VEHICULOS DAÑADOS,DEPARTAMENTO,PROVINCIA,DISTRITO,ZONA,TIPO DE VÍA,RED VIAL,COD CARRETERA,COORDENADAS LATITUD,COORDENADAS  LONGITUD,CONDICIÓN CLIMÁTICA,ZONIFICACIÓN,CARACTERÍSTICAS DE VÍA,PERFIL LONGITUDINAL VÍA,SUPERFICIE DE CALZADA,¿EXISTE SEÑAL VERTICAL?,CLASIFICACIÓN DE LA SEÑAL VERTICAL Nº 1,CLASIFICACIÓN DE LA SEÑAL VERTICAL Nº 2,¿EXISTE SEÑAL HORIZONTAL?,CAUSA FACTOR PRINCIPAL,CAUSA ESPECÍFICA
A-2022-04-69,03/04/2022,20:40,ATROPELLO,1,0,1,LA LIBERTAD,TRUJILLO,HUANCHACO,URBANA,CARRETERA,PROVINCIAL,LI-731,-8.088062,-79.09397,DESPEJADO,COMERCIAL,TRAMO RECTO,PLANA ,ASFALTADA,,,,,IMPRUDENCIA DEL CONDUCTOR,FATIGA Y/O CANSANCIO
A-2022-04-70,03/04/2022,23:00,DESPISTE,1,0,1,LA LIBERTAD,ASCOPE,RAZURI,RURAL,CARRETERA,PROVINCIAL,LI-616,-7.790458280006801,-79.38058086931916,DESPEJADO,RURAL,TRAMO RECTO,PLANA ,ASFALTADA,,,,,EN PROCESO DE INVESTIGACIÓN,NO CUENTA CON CAUSA ESPECIFICA
A-2022-04-221,04/04/2022,08:30,DESPISTE,1,1,1,LIMA,HUARAL,HUARAL,RURAL,CARRETERA,NACIONAL,PE-20C,-11.48223689255879,-77.14968139972801,DESPEJADO,RURAL,SINUOSA,PLANA ,ASFALTADA,,,,,IMPRUDENCIA DEL CONDUCTOR,EXCESO DE VELOCIDAD
A-2022-04-101,04/04/2022,10:00,DESPISTE,1,0,1,CUSCO,CUSCO,SAN JERONIMO,RURAL,CARRETERA,DEPARTAMENTAL,CU-123,-13.610691251481386,-71.85828968489899,NUBLADO,RURAL,TRAMO RECTO,PLANA ,AFIRMADO,,,,,IMPRUDENCIA DEL CONDUCTOR,EXCESO DE VELOCIDAD
A-2022-04-192,04/04/2022,10:30,CHOQUE,1,1,,LIMA,LIMA,VILLA EL SALVADOR,URBANA,AVENIDA,URBANO,NO CORRESPONDE,-12.226589055498073,-76.94597565392182,,,,,,,,,,EN PROCESO DE INVESTIGACIÓN,NO CUENTA CON CAUSA ESPECIFICA
A-2022-04-140,04/04/2022,13:10,DESPISTE,1,0,1,CUSCO,CHUMBIVILCAS,SANTO TOMAS,RURAL,CARRETERA,NACIONAL,PE-3SG,-14.416599576045073,-72.08528251932682,DESPEJADO,RURAL,CURVA,PLANA ,TROCHA,,,,,IMPRUDENCIA DEL CONDUCTOR,EXCESO DE VELOCIDAD
A-2022-04-94,04/04/2022,19:10,CHOQUE FUGA,1,0,,LAMBAYEQUE,LAMBAYEQUE,MOTUPE,URBANA,CARRETERA,PROVINCIAL,LA-535,-6.1588055,-79.7210976,DESPEJADO,RURAL,TRAMO RECTO,PLANA ,ASFALTADA,NO,,,NO,EN PROCESO DE INVESTIGACIÓN,NO CUENTA CON CAUSA ESPECIFICA
A-2022-04-224,05/04/2022,14:40,DESPISTE,5,3,1,JUNIN,JAUJA,CANCHAYLLO,RURAL,CARRETERA,PROVINCIAL,JU-761,-11.803618,-75.718824,DESPEJADO,RURAL,TRAMO RECTO,INCLINADA,TROCHA,,,,,IMPRUDENCIA DEL CONDUCTOR,OTRO (IMPRUDENCIA DEL CONDUCTOR)
A-2022-04-25,05/04/2022,15:40,CHOQUE,2,3,2,AREQUIPA,AREQUIPA,YURA,RURAL,CARRETERA,NACIONAL,PE-34A,-16.065461,-71.529031,DESPEJADO,RURAL,TRAMO RECTO,PLANA ,ASFALTADA,SI,REGULADORA (R),,SI,EN PROCESO DE INVESTIGACIÓN,NO CUENTA CON CAUSA ESPECIFICA
A-2022-04-244,05/04/2022,18:00,DESPISTE,1,1,1,LIMA,BARRANCA,SUPE,URBANA,CARRETERA,PROVINCIAL,LM-534,-10.816402162778536,-77.7174276384288,DESPEJADO,COMERCIAL,INTERSECCIÓN,PLANA ,AFIRMADO,,,,,IMPRUDENCIA DEL CONDUCTOR,EXCESO DE VELOCIDAD
A-2022-04-65,05/04/2022,19:30,CHOQUE,1,1,2,SAN MARTIN,RIOJA,RIOJA,URBANA,JIRÓN,URBANO,NO CORRESPONDE,-6.066892,-77.168745,LLUVIOSO,RESIDENCIAL,INTERSECCIÓN,PLANA ,CONCRETO,SI,REGULADORA (R),PREVENTIVA (P),NO,IMPRUDENCIA DEL CONDUCTOR,OTRO (IMPRUDENCIA DEL CONDUCTOR)
A-2022-04-23,07/04/2022,02:30,ATROPELLO FUGA,1,0,0,CALLAO,CALLAO,CALLAO,URBANA,CARRETERA,NACIONAL,PE-20,-11.964147797833713,-77.12688746061761,DESPEJADO,INDUSTRIAL,TRAMO RECTO,PLANA ,ASFALTADA,NO,,,SI,EN PROCESO DE INVESTIGACIÓN,NO CUENTA CON CAUSA ESPECIFICA
A-2022-04-32,07/04/2022,04:50,DESPISTE,1,2,1,APURIMAC,ANDAHUAYLAS,PACOBAMBA,RURAL,CARRETERA,NACIONAL,PE-3S,-13.612065,-73.133971,LLUVIOSO,RURAL,CURVA,INCLINADA,ASFALTADA,SI,PREVENTIVA (P),REGULADORA (R),SI,IMPRUDENCIA DEL CONDUCTOR,EXCESO DE VELOCIDAD
A-2022-04-72,07/04/2022,07:15,CHOQUE,1,0,2,LA LIBERTAD,CHEPEN,CHEPEN,URBANA,CALLE,URBANO,NO CORRESPONDE,-7.228391,-79.428558,DESPEJADO,COMERCIAL,TRAMO RECTO,PLANA ,ASFALTADA,,,,,IMPRUDENCIA DEL CONDUCTOR,DESACATO DE SEÑAL DE TRÁNSITO
A-2022-04-230,07/04/2022,11:00,DESPISTE,1,1,1,LIMA,OYON,NAVAN,RURAL,CARRETERA,PROVINCIAL,LM-575,-10.913896441257046,-77.02044190717154,DESPEJADO,RURAL,SINUOSA,INCLINADA,AFIRMADO,,,,,IMPRUDENCIA DEL CONDUCTOR,EXCESO DE VELOCIDAD
A-2022-04-183,07/04/2022,15:00,DESPISTE,2,4,,JUNIN,SATIPO,PAMPA HERMOSA,RURAL,CARRETERA,NACIONAL,PE-24A,-11.506833589328837,-74.82128792509911,,,,,,,,,,EN PROCESO DE INVESTIGACIÓN,NO CUENTA CON CAUSA ESPECIFICA
A-2022-04-216,07/04/2022,20:00,ATROPELLO,1,0,1,HUANUCO,HUANUCO,SANTA MARIA DEL VALLE,URBANA,CARRETERA,NACIONAL,PE-18A,-9.861162,-76.169409,DESPEJADO,RURAL,TRAMO RECTO,PLANA ,ASFALTADA,,,,,IMPRUDENCIA DEL PEATÓN,ESTADO DE EBRIEDAD Y/O DROGADICCIÓN
A-2022-04-194,08/04/2022,05:00,ATROPELLO,1,1,,LIMA,LIMA,SAN JUAN DE LURIGANCHO,URBANA,AVENIDA,URBANO,NO CORRESPONDE,-11.989493,-77.007477,,,,,,,,,,EN PROCESO DE INVESTIGACIÓN,NO CUENTA CON CAUSA ESPECIFICA
A-2022-04-21,08/04/2022,08:00,CHOQUE,1,1,2,PUNO,EL COLLAO,SANTA ROSA,RURAL,CARRETERA,NACIONAL,PE-36A,-16.706640482593375,-69.56922224540719,DESPEJADO,RURAL,TRAMO RECTO,PLANA ,ASFALTADA,NO,,,SI,IMPRUDENCIA DEL CONDUCTOR,INVASIÓN DE CARRIL
A-2022-04-24,08/04/2022,09:20,CHOQUE,2,1,1,CALLAO,CALLAO,MI PERU,URBANA,AVENIDA,URBANO,NO CORRESPONDE,-11.856807219474502,-77.1215880720264,DESPEJADO,RESIDENCIAL,TRAMO RECTO,INCLINADA,ASFALTADA,NO,,,SI,IMPRUDENCIA DEL CONDUCTOR,OTRO (IMPRUDENCIA DEL CONDUCTOR)
A-2022-04-181,08/04/2022,18:30,ATROPELLO,1,0,1,HUANUCO,LEONCIO PRADO,MARIANO DAMASO BERAUN,URBANA,CARRETERA,NACIONAL,PE-18A,-9.443688,-75.973703,DESPEJADO,RURAL,TRAMO RECTO,PLANA ,ASFALTADA,SI,PREVENTIVA (P),,NO,IMPRUDENCIA DEL CONDUCTOR,FATIGA Y/O CANSANCIO
A-2022-04-86,08/04/2022,19:08,ATROPELLO,1,0,,LAMBAYEQUE,CHICLAYO,POMALCA,URBANA,CARRETERA,PROVINCIAL,LA-816,-6.77097,-79.78715,DESPEJADO,ESCOLAR,TRAMO RECTO,PLANA ,ASFALTADA,SI,PREVENTIVA (P),,NO,EN PROCESO DE INVESTIGACIÓN,NO CUENTA CON CAUSA ESPECIFICA
A-2022-04-198,09/04/2022,09:40,ATROPELLO,1,0,,LIMA,LIMA,ATE,URBANA,AVENIDA,URBANO,NO CORRESPONDE,-11.997173,-76.834487,,,,,,,,,,EN PROCESO DE INVESTIGACIÓN,NO CUENTA CON CAUSA ESPECIFICA
A-2022-04-73,09/04/2022,12:51,ESPECIAL,1,0,1,AREQUIPA,AREQUIPA,CERRO COLORADO,URBANA,OTRO,URBANO,NO CORRESPONDE,-16.338482,-71.609659,DESPEJADO,COMERCIAL,OTRO,PLANA ,CONCRETO,,,,,EN PROCESO DE INVESTIGACIÓN,NO CUENTA CON CAUSA ESPECIFICA
A-2022-04-126,09/04/2022,13:40,DESPISTE,1,0,1,CUSCO,ESPINAR,CONDOROMA,RURAL,CARRETERA,NACIONAL,PE-34J,-15.35757714745863,-71.09403047319799,DESPEJADO,RURAL,CURVA,PLANA ,ASFALTADA,SI,PREVENTIVA (P),INFORMATIVA (I),NO,IMPRUDENCIA DEL CONDUCTOR,EXCESO DE VELOCIDAD
A-2022-04-105,09/04/2022,21:30,CAÍDA DE PASAJERO,1,0,1,LA LIBERTAD,TRUJILLO,MOCHE,RURAL,CARRETERA,PROVINCIAL,LI-1093,-8.147617,-79.005415,DESPEJADO,RURAL,TRAMO RECTO,PLANA ,ASFALTADA,,,,,EN PROCESO DE INVESTIGACIÓN,NO CUENTA CON CAUSA ESPECIFICA
A-2022-04-199,09/04/2022,22:10,CHOQUE,1,8,,LIMA,LIMA,ATE,URBANA,AVENIDA,URBANO,NO CORRESPONDE,-12.039388,-76.932605,,,,,,,,,,EN PROCESO DE INVESTIGACIÓN,NO CUENTA CON CAUSA ESPECIFICA
A-2022-04-197,09/04/2022,23:30,ATROPELLO,1,0,,LIMA,LIMA,ANCON,URBANA,CARRETERA,NACIONAL,PE-1N,-11.814028,-77.128788,,,,,,,,,,EN PROCESO DE INVESTIGACIÓN,NO CUENTA CON CAUSA ESPECIFICA
A-2022-04-87,10/04/2022,00:10,CHOQUE FUGA,1,1,,LAMBAYEQUE,CHICLAYO,CHONGOYAPE,RURAL,CARRETERA,NACIONAL,PE-06A,-6.675546,-79.439688,NUBLADO,RURAL,TRAMO RECTO,PLANA ,ASFALTADA,,,,,EN PROCESO DE INVESTIGACIÓN,NO CUENTA CON CAUSA ESPECIFICA
A-2022-04-158,10/04/2022,01:20,ATROPELLO,1,0,,LAMBAYEQUE,LAMBAYEQUE,MOTUPE,URBANA,CARRETERA,SIN CLASIFICAR,SIN CLASIFICAR,-6.172226,-79.70729,DESPEJADO,RESIDENCIAL,TRAMO RECTO,PLANA ,ASFALTADA,,,,,EN PROCESO DE INVESTIGACIÓN,NO CUENTA CON CAUSA ESPECIFICA
A-2022-04-22,10/04/2022,02:00,ATROPELLO FUGA,1,0,0,PUNO,PUNO,PAUCARCOLLA,RURAL,CARRETERA,NACIONAL,PE-3S,-15.7325123,-70.0578456,DESPEJADO,RURAL,TRAMO RECTO,PLANA ,ASFALTADA,,,,,EN PROCESO DE INVESTIGACIÓN,NO CUENTA CON CAUSA ESPECIFICA
A-2022-04-66,10/04/2022,05:50,CHOQUE FUGA,1,0,1,SAN MARTIN,LAMAS,ALONSO DE ALVARADO,URBANA,CARRETERA,NACIONAL,PE-5N,-6.245819,-76.784112,DESPEJADO,RESIDENCIAL,TRAMO RECTO,PLANA ,ASFALTADA,,,,,EN PROCESO DE INVESTIGACIÓN,NO CUENTA CON CAUSA ESPECIFICA
A-2022-04-36,10/04/2022,08:30,DESPISTE,1,1,1,TUMBES,ZARUMILLA,AGUAS VERDES,RURAL,CARRETERA,NACIONAL,PE-1NO,-3.4829212500110605,-80.2544043030435,SOLEADO,RURAL,CURVA,PLANA ,ASFALTADA,,,,,IMPRUDENCIA DEL CONDUCTOR,CONDUCIR EN ESTADO DE EBRIEDAD Y/O DROGADICCIÓN
A-2022-04-235,10/04/2022,14:30,ATROPELLO,1,0,,LIMA,LIMA,ATE,URBANA,AVENIDA,URBANO,NO CORRESPONDE,-12.0296231,-76.9279576,,,,,,,,,,EN PROCESO DE INVESTIGACIÓN,NO CUENTA CON CAUSA ESPECIFICA
A-2022-04-159,10/04/2022,18:00,CHOQUE,1,1,,LAMBAYEQUE,CHICLAYO,CHICLAYO,URBANA,AVENIDA,URBANO,NO CORRESPONDE,-6.78138,-79.8371,DESPEJADO,RESIDENCIAL,INTERSECCIÓN,PLANA ,ASFALTADA,,,,,EN PROCESO DE INVESTIGACIÓN,NO CUENTA CON CAUSA ESPECIFICA
A-2022-04-215,10/04/2022,18:00,DESPISTE,1,0,,APURIMAC,AYMARAES,COTARUSE,RURAL,CARRETERA,NACIONAL,PE-30A,-14.516122294566,-73.2648146010096,,,,,,,,,,EN PROCESO DE INVESTIGACIÓN,NO CUENTA CON CAUSA ESPECIFICA
A-2022-04-50,10/04/2022,18:30,CHOQUE,2,1,2,CAJAMARCA,CAJAMARCA,ENCAÑADA,URBANA,CARRETERA,NACIONAL,PE-08B,-7.11869881,-78.33576852,LLUVIOSO,RURAL,TRAMO RECTO,PLANA ,ASFALTADA,,,,,EN PROCESO DE INVESTIGACIÓN,NO CUENTA CON CAUSA ESPECIFICA
A-2022-04-231,11/04/2022,05:20,ATROPELLO,1,0,1,LIMA,HUAURA,HUAURA,RURAL,CARRETERA,NACIONAL,PE-1N,-11.06594,-77.58721,DESPEJADO,RURAL,TRAMO RECTO,INCLINADA,ASFALTADA,SI,PREVENTIVA (P),REGULADORA (R),NO,IMPRUDENCIA DEL CONDUCTOR,EXCESO DE VELOCIDAD
A-2022-04-168,11/04/2022,06:00,CHOQUE,1,2,2,CAJAMARCA,SAN IGNACIO,CHIRINOS,RURAL,CARRETERA,NACIONAL,PE-5N,-5.32838,-78.79727,DESPEJADO,RURAL,OTRO,PLANA ,ASFALTADA,,,,,EN PROCESO DE INVESTIGACIÓN,NO CUENTA CON CAUSA ESPECIFICA
A-2022-04-33,11/04/2022,06:00,ATROPELLO FUGA,1,0,0,TACNA,TACNA,LA YARADA LOS PALOS,RURAL,CARRETERA,PROVINCIAL,TA-644,-18.276368,-70.43332,NUBLADO,RURAL,TRAMO RECTO,PLANA ,ASFALTADA,NO,,,SI,EN PROCESO DE INVESTIGACIÓN,NO CUENTA CON CAUSA ESPECIFICA
A-2022-04-106,11/04/2022,07:20,ATROPELLO,1,0,1,LA LIBERTAD,VIRU,VIRU,RURAL,CARRETERA,NACIONAL,PE-1N,-8.47521,-78.707538,DESPEJADO,RURAL,TRAMO RECTO,PLANA ,ASFALTADA,,,,,IMPRUDENCIA DEL PEATÓN,CRUCE INDEBIDO POR LA CALZADA
A-2022-04-226,11/04/2022,11:30,CAÍDA DE PASAJERO,1,0,0,JUNIN,HUANCAYO,CHILCA,URBANA,AVENIDA,URBANO,NO CORRESPONDE,-12.099061,-75.186957,DESPEJADO,COMERCIAL,TRAMO RECTO,PLANA ,ASFALTADA,,,,,IMPRUDENCIA DEL PASAJERO/OCUPANTE,OTRO (IMPRUDENCIA DEL PASAJERO/OCUPANTE)
A-2022-04-29,11/04/2022,15:00,ATROPELLO,1,0,0,PUNO,EL COLLAO,ILAVE,RURAL,CARRETERA,NACIONAL,PE-3S,-16.094836,-69.623235,DESPEJADO,RURAL,TRAMO RECTO,PLANA ,ASFALTADA,NO,,,SI,IMPRUDENCIA DEL PEATÓN,CRUCE INDEBIDO POR LA CALZADA
A-2022-04-184,12/04/2022,01:15,CHOQUE,1,3,,JUNIN,CHANCHAMAYO,PICHANAQUI,RURAL,CARRETERA,NACIONAL,PE-5S,-10.957707363940512,-74.82562239297226,,,,,,,,,,EN PROCESO DE INVESTIGACIÓN,NO CUENTA CON CAUSA ESPECIFICA
A-2022-04-225,12/04/2022,05:30,CHOQUE,1,5,2,JUNIN,JAUJA,SINCOS,RURAL,CARRETERA,NACIONAL,PE-3SB,-11.88678,-75.39043,DESPEJADO,RURAL,TRAMO RECTO,PLANA ,ASFALTADA,,,,,IMPRUDENCIA DEL CONDUCTOR,EXCESO DE VELOCIDAD
A-2022-04-178,12/04/2022,10:00,CHOQUE,1,1,2,HUANUCO,LEONCIO PRADO,PUEBLO NUEVO,URBANA,CARRETERA,NACIONAL,PE-5N,-9.0726769,-76.0640611,SOLEADO,COMERCIAL,TRAMO RECTO,PLANA ,ASFALTADA,SI,REGULADORA (R),PREVENTIVA (P),NO,IMPRUDENCIA DEL CONDUCTOR,FATIGA Y/O CANSANCIO
A-2022-04-227,12/04/2022,15:40,CHOQUE,2,0,2,JUNIN,CONCEPCION,MATAHUASI,RURAL,CARRETERA,NACIONAL,PE-3S,-11.89142,-75.34304,DESPEJADO,RURAL,TRAMO RECTO,PLANA ,ASFALTADA,,,,,IMPRUDENCIA DEL CONDUCTOR,GIRAR IMPRUDENTEMENTE
A-2022-04-35,12/04/2022,19:00,CHOQUE,1,1,2,ICA,NASCA,NASCA,URBANA,CARRETERA,NACIONAL,PE-30A,-14.841315,-74.942224,DESPEJADO,RESIDENCIAL,INTERSECCIÓN,PLANA ,ASFALTADA,,,,,EN PROCESO DE INVESTIGACIÓN,NO CUENTA CON CAUSA ESPECIFICA
A-2022-04-34,12/04/2022,21:45,CHOQUE,1,0,2,ICA,ICA,SUBTANJALLA,URBANA,CARRETERA,NACIONAL,PE-1S,-14.00787,-75.765825,DESPEJADO,RESIDENCIAL,TRAMO RECTO,PLANA ,ASFALTADA,,,,,EN PROCESO DE INVESTIGACIÓN,NO CUENTA CON CAUSA ESPECIFICA
A-2022-04-136,13/04/2022,01:10,ATROPELLO,1,0,1,CUSCO,ANTA,ANCAHUASI,RURAL,CARRETERA,NACIONAL,PE-3S,-13.474138758380366,-72.27845128192435,DESPEJADO,RURAL,TRAMO RECTO,PLANA ,ASFALTADA,,,,,IMPERICIA DEL CONDUCTOR,
A-2022-04-139,13/04/2022,16:00,ATROPELLO,1,1,1,CUSCO,CALCA,PISAC,RURAL,CARRETERA,DEPARTAMENTAL,CU-112,-13.417267197573741,-71.83665749533398,DESPEJADO,RURAL,TRAMO RECTO,INCLINADA,TROCHA,,,,,IMPRUDENCIA DEL CONDUCTOR,EXCESO DE VELOCIDAD
A-2022-04-201,13/04/2022,16:00,ATROPELLO,1,0,,LIMA,LIMA,LA VICTORIA,URBANA,AVENIDA,URBANO,NO CORRESPONDE,-12.075948,-77.02623,,,,,,,,,,EN PROCESO DE INVESTIGACIÓN,NO CUENTA CON CAUSA ESPECIFICA
A-2022-04-82,13/04/2022,18:30,CHOQUE,1,1,,LAMBAYEQUE,LAMBAYEQUE,MORROPE,URBANA,CARRETERA,NACIONAL,PE-1N,-6.53168955444354,-80.031733841186,DESPEJADO,COMERCIAL,TRAMO RECTO,PLANA ,ASFALTADA,,,,,EN PROCESO DE INVESTIGACIÓN,NO CUENTA CON CAUSA ESPECIFICA
A-2022-04-74,13/04/2022,19:08,CHOQUE,1,0,2,AREQUIPA,AREQUIPA,LA JOYA,RURAL,CARRETERA,NACIONAL,PE-1S,-16.657997,-71.871372,DESPEJADO,RURAL,TRAMO RECTO,PLANA ,ASFALTADA,NO,,,SI,EN PROCESO DE INVESTIGACIÓN,NO CUENTA CON CAUSA ESPECIFICA
A-2022-04-202,13/04/2022,23:30,ATROPELLO,1,0,,LIMA,LIMA,PUENTE PIEDRA,URBANA,CARRETERA,NACIONAL,PE-1N,-11.861387,-77.078387,,,,,,,,,,EN PROCESO DE INVESTIGACIÓN,NO CUENTA CON CAUSA ESPECIFICA
A-2022-04-236,14/04/2022,00:04,DESPISTE,1,0,,LIMA,LIMA,COMAS,URBANA,AVENIDA,URBANO,NO CORRESPONDE,-11.936698,-77.048753,,,,,,,,,,EN PROCESO DE INVESTIGACIÓN,NO CUENTA CON CAUSA ESPECIFICA
A-2022-04-109,14/04/2022,03:45,ATROPELLO,1,0,1,LA LIBERTAD,TRUJILLO,HUANCHACO,RURAL,CARRETERA,NACIONAL,PE-1N,-8.003335366008683,-79.07130712635922,DESPEJADO,RURAL,TRAMO RECTO,PLANA ,ASFALTADA,,,,,IMPRUDENCIA DEL PEATÓN,CRUCE INDEBIDO POR LA CALZADA
A-2022-04-88,14/04/2022,07:05,CHOQUE,2,0,1,SAN MARTIN,MOYOBAMBA,MOYOBAMBA,RURAL,CARRETERA,NACIONAL,PE-5N,-6.046564,-77.035053,DESPEJADO,RURAL,CURVA,INCLINADA,ASFALTADA,,,,,IMPERICIA DEL CONDUCTOR,
A-2022-04-228,14/04/2022,11:20,ESPECIAL,1,1,,JUNIN,CHANCHAMAYO,CHANCHAMAYO,RURAL,CARRETERA,NACIONAL,PE-22B,-10.9825602199244,-75.3079675448741,,,,,,,,,,EN PROCESO DE INVESTIGACIÓN,NO CUENTA CON CAUSA ESPECIFICA
A-2022-04-232,14/04/2022,11:40,VOLCADURA,1,5,1,AYACUCHO,HUAMANGA,VINCHOS,URBANA,CARRETERA,PROVINCIAL,AY-825,-13.292617604851369,-74.45777492110896,DESPEJADO,RURAL,CURVA,INCLINADA,ASFALTADA,SI,PREVENTIVA (P),,NO,IMPRUDENCIA DEL CONDUCTOR,EXCESO DE VELOCIDAD
A-2022-04-207,14/04/2022,15:00,DESPISTE,1,0,,ANCASH,HUARMEY,HUARMEY,RURAL,CARRETERA,NACIONAL,PE-1N,-10.403397,-77.974306,DESPEJADO,RURAL,TRAMO RECTO,PLANA ,ASFALTADA,,,,,EN PROCESO DE INVESTIGACIÓN,NO CUENTA CON CAUSA ESPECIFICA
A-2022-04-110,14/04/2022,19:04,ATROPELLO,1,0,1,LA LIBERTAD,VIRU,CHAO,RURAL,CARRETERA,NACIONAL,PE-1N,-8.529139,-78.682165,DESPEJADO,RURAL,TRAMO RECTO,PLANA ,ASFALTADA,,,,,EN PROCESO DE INVESTIGACIÓN,NO CUENTA CON CAUSA ESPECIFICA
A-2022-04-111,14/04/2022,19:50,CHOQUE FUGA,1,0,2,LA LIBERTAD,VIRU,VIRU,RURAL,CARRETERA,NACIONAL,PE-1N,-8.440818786493223,-78.7534320963491,DESPEJADO,RURAL,TRAMO RECTO,PLANA ,ASFALTADA,,,,,EN PROCESO DE INVESTIGACIÓN,NO CUENTA CON CAUSA ESPECIFICA
A-2022-04-75,15/04/2022,02:10,DESPISTE,1,0,1,AREQUIPA,AREQUIPA,SOCABAYA,URBANA,CALLE,URBANO,NO CORRESPONDE,-16.468725,-71.551163,DESPEJADO,RESIDENCIAL,INTERSECCIÓN,INCLINADA,ASFALTADA,NO,,,SI,EN PROCESO DE INVESTIGACIÓN,NO CUENTA CON CAUSA ESPECIFICA
A-2022-04-237,15/04/2022,04:45,CHOQUE,2,0,,LIMA,LIMA,LURIGANCHO,URBANA,CARRETERA,NACIONAL,PE-22,-12.018346,-76.911652,,,,,,,,,,EN PROCESO DE INVESTIGACIÓN,NO CUENTA CON CAUSA ESPECIFICA
A-2022-04-51,15/04/2022,18:45,ATROPELLO,1,0,1,CAJAMARCA,CAJAMARCA,LOS BAÑOS DEL INCA,URBANA,JIRÓN,URBANO,NO CORRESPONDE,-7.15525091,-78.45967954,DESPEJADO,RURAL,TRAMO RECTO,PLANA ,CONCRETO,,,,,EN PROCESO DE INVESTIGACIÓN,NO CUENTA CON CAUSA ESPECIFICA
A-2022-04-152,15/04/2022,19:00,CHOQUE,1,0,1,PIURA,PIURA,CASTILLA,URBANA,CARRETERA,NACIONAL,PE-1NJ,-5.2079184,-80.6212371,DESPEJADO,COMERCIAL,TRAMO RECTO,PLANA ,ASFALTADA,,,,,EN PROCESO DE INVESTIGACIÓN,NO CUENTA CON CAUSA ESPECIFICA
A-2022-04-143,15/04/2022,20:50,ATROPELLO FUGA,1,0,,PIURA,PIURA,TAMBO GRANDE,RURAL,CARRETERA,NACIONAL,PE-1NJ,-5.139098,-80.349455,DESPEJADO,RURAL,TRAMO RECTO,PLANA ,ASFALTADA,,,,,EN PROCESO DE INVESTIGACIÓN,NO CUENTA CON CAUSA ESPECIFICA
A-2022-04-38,16/04/2022,01:20,ATROPELLO FUGA,1,0,0,TUMBES,CONTRALMIRANTE VILLAR,ZORRITOS,RURAL,CARRETERA,NACIONAL,PE-1N,-3.718510946147052,-80.75336839688924,DESPEJADO,RURAL,CURVA,PLANA ,ASFALTADA,,,,,EN PROCESO DE INVESTIGACIÓN,NO CUENTA CON CAUSA ESPECIFICA
A-2022-04-39,16/04/2022,16:30,DESPISTE,1,3,1,HUANCAVELICA,HUAYTARA,HUAYTARA,URBANA,CARRETERA,NACIONAL,PE-28A,-13.581158,-75.244149,DESPEJADO,RURAL,CURVA,INCLINADA,ASFALTADA,SI,INFORMATIVA (I),,SI,EN PROCESO DE INVESTIGACIÓN,NO CUENTA CON CAUSA ESPECIFICA
A-2022-04-238,17/04/2022,02:10,ATROPELLO FUGA,1,0,,LIMA,LIMA,LURIGANCHO,URBANA,CARRETERA,NACIONAL,PE-22,-11.921435,-76.675836,,,,,,,,,,EN PROCESO DE INVESTIGACIÓN,NO CUENTA CON CAUSA ESPECIFICA
A-2022-04-245,17/04/2022,11:45,ATROPELLO,1,0,,LIMA,LIMA,SURQUILLO,URBANA,AVENIDA,URBANO,NO CORRESPONDE,-12.111205,-77.02335,,,,,,,,,,EN PROCESO DE INVESTIGACIÓN,NO CUENTA CON CAUSA ESPECIFICA
A-2022-04-144,17/04/2022,21:40,CHOQUE,1,1,2,PIURA,PIURA,EL TALLAN,RURAL,CARRETERA,NACIONAL,PE-1N,-5.467806,-80.603836,DESPEJADO,RURAL,TRAMO RECTO,PLANA ,ASFALTADA,,,,,EN PROCESO DE INVESTIGACIÓN,NO CUENTA CON CAUSA ESPECIFICA
A-2022-04-52,18/04/2022,00:13,CHOQUE,1,1,,CAJAMARCA,CAJAMARCA,CAJAMARCA,URBANA,CARRETERA,NACIONAL,PE-3N,-7.14512578,-78.51381524,,,,,,,,,,EN PROCESO DE INVESTIGACIÓN,NO CUENTA CON CAUSA ESPECIFICA
A-2022-04-246,18/04/2022,01:20,ATROPELLO,1,0,,LIMA,LIMA,LOS OLIVOS,URBANA,CARRETERA,NACIONAL,PE-1N,-11.937526,-77.071828,,,,,,,,,,EN PROCESO DE INVESTIGACIÓN,NO CUENTA CON CAUSA ESPECIFICA
A-2022-04-234,18/04/2022,06:20,ATROPELLO FUGA,1,0,1,LIMA,HUAURA,VEGUETA,RURAL,CARRETERA,NACIONAL,PE-1N,-10.892130785708705,-77.67582893812603,DESPEJADO,RURAL,TRAMO RECTO,PLANA ,ASFALTADA,SI,REGULADORA (R),INFORMATIVA (I),NO,EN PROCESO DE INVESTIGACIÓN,NO CUENTA CON CAUSA ESPECIFICA