CÓDIGO SINIESTRO,FECHA SINIESTRO,HORA SINIESTRO,CLASE SINIESTRO,CANTIDAD DE FALLECIDOS,CANTIDAD DE LESIONADOS,CANTIDAD DE VEHICULOS DAÑADOS,DEPARTAMENTO,PROVINCIA,DISTRITO,ZONA,TIPO DE VÍA,RED VIAL,COD CARRETERA,COORDENADAS LATITUD,COORDENADAS  LONGITUD,CONDICIÓN CLIMÁTICA,ZONIFICACIÓN,CARACTERÍSTICAS DE VÍA,PERFIL LONGITUDINAL VÍA,SUPERFICIE DE CALZADA,¿EXISTE SEÑAL VERTICAL?,CLASIFICACIÓN DE LA SEÑAL VERTICAL Nº 1,CLASIFICACIÓN DE LA SEÑAL VERTICAL Nº 2,¿EXISTE SEÑAL HORIZONTAL?,CAUSA FACTOR PRINCIPAL,CAUSA ESPECÍFICA
A-2022-07-57,26/07/2022,23:00,ATROPELLO FUGA,1,0,,PUNO,PUNO,PICHACANI,RURAL,CARRETERA,NACIONAL,PE-36B,-16.141077389881424,-70.05228815537463,DESPEJADO,RURAL,TRAMO RECTO,PLANA ,ASFALTADA,,,,,IMPRUDENCIA DEL PEATÓN,OTRO (IMPRUDENCIA DEL PEATÓN)
A-2022-07-73,27/07/2022,10:00,ATROPELLO,1,0,1,ICA,ICA,SALAS,RURAL,CARRETERA,NACIONAL,PE-1S,-13.928336672324372,-75.97409156267743,DESPEJADO,ESCOLAR,TRAMO RECTO,PLANA ,ASFALTADA,,,,,IMPRUDENCIA DEL PEATÓN,OTRO (IMPRUDENCIA DEL PEATÓN)
A-2022-07-275,27/07/2022,11:50,CHOQUE,1,0,,LIMA,LIMA,LURIN,URBANA,CARRETERA,NACIONAL,PE-1S,-12.283256,-76.878624,DESPEJADO,INDUSTRIAL,TRAMO RECTO,PLANA ,ASFALTADA,,,,,IMPRUDENCIA DEL CONDUCTOR,OTRO (IMPRUDENCIA DEL CONDUCTOR)
A-2022-07-107,27/07/2022,14:00,DESPISTE,1,1,1,LA LIBERTAD,PACASMAYO,SAN PEDRO DE LLOC,RURAL,CARRETERA,NACIONAL,PE-1N,-7.45568,-79.4791,DESPEJADO,RURAL,TRAMO RECTO,PLANA ,ASFALTADA,,,,,IMPRUDENCIA DEL CONDUCTOR,EXCESO DE VELOCIDAD
A-2022-07-241,27/07/2022,15:30,CHOQUE,1,0,2,PASCO,PASCO,YANACANCHA,RURAL,CARRETERA,NACIONAL,PE-3N,-10.693986356239142,-76.2299305049702,DESPEJADO,RURAL,TRAMO RECTO,INCLINADA,ASFALTADA,,,,,IMPRUDENCIA DEL CONDUCTOR,EXCESO DE VELOCIDAD
A-2022-07-59,27/07/2022,16:00,ATROPELLO FUGA,1,0,,PUNO,PUNO,HUATA,RURAL,CARRETERA,DEPARTAMENTAL,PU-118,-15.643570582570842,-70.01571850426642,DESPEJADO,RURAL,TRAMO RECTO,PLANA ,ASFALTADA,,,,,EN PROCESO DE INVESTIGACIÓN,NO CUENTA CON CAUSA ESPECIFICA
A-2022-07-269,27/07/2022,19:00,ATROPELLO,1,0,,LORETO,MAYNAS,SAN JUAN BAUTISTA,URBANA,CARRETERA,DEPARTAMENTAL,LO-103,-4.16745693410258,-73.4740998807758,DESPEJADO,INDUSTRIAL,TRAMO RECTO,PLANA ,ASFALTADA,,,,,IMPRUDENCIA DEL PEATÓN,ESTADO DE EBRIEDAD Y/O DROGADICCIÓN
A-2022-07-124,27/07/2022,19:20,ATROPELLO FUGA,1,0,,HUANUCO,LEONCIO PRADO,JOSE CRESPO Y CASTILLO,RURAL,CARRETERA,NACIONAL,PE-5N,-8.856348,-76.107646,DESPEJADO,RURAL,TRAMO RECTO,PLANA ,ASFALTADA,,,,,EN PROCESO DE INVESTIGACIÓN,NO CUENTA CON CAUSA ESPECIFICA
A-2022-07-191,27/07/2022,20:00,DESPISTE,1,0,1,PUNO,SAN ROMAN,CARACOTO,RURAL,CARRETERA,PROVINCIAL,PU-949,-15.587530482560526,-70.06278629800428,DESPEJADO,RURAL,TRAMO RECTO,PLANA ,ASFALTADA,,,,,IMPRUDENCIA DEL CONDUCTOR,CONDUCIR EN ESTADO DE EBRIEDAD Y/O DROGADICCIÓN
A-2022-07-162,27/07/2022,22:30,ATROPELLO,1,1,1,LIMA,LIMA,SAN MIGUEL,URBANA,OTRO,URBANO,NO CORRESPONDE,-12.089397281999027,-77.08955165915467,DESPEJADO,RESIDENCIAL,OTRO,INCLINADA,ASFALTADA,,,,,EN PROCESO DE INVESTIGACIÓN,NO CUENTA CON CAUSA ESPECIFICA
A-2022-07-209,28/07/2022,02:45,DESPISTE,4,2,,ANCASH,PALLASCA,TAUCA,RURAL,CARRETERA,NACIONAL,PE-3N,-8.43632045818227,-78.0948132461431,DESPEJADO,RURAL,OTRO,INCLINADA,TROCHA,,,,,EN PROCESO DE INVESTIGACIÓN,NO CUENTA CON CAUSA ESPECIFICA
A-2022-07-265,28/07/2022,04:15,DESPISTE,1,1,1,LIMA,HUAURA,HUACHO,RURAL,CARRETERA,NACIONAL,PE-1N,-11.39592,-77.39865,DESPEJADO,RURAL,TRAMO RECTO,INCLINADA,ASFALTADA,SI,REGULADORA (R),,NO,IMPRUDENCIA DEL CONDUCTOR,EXCESO DE VELOCIDAD
A-2022-07-82,28/07/2022,07:00,DESPISTE,3,1,1,ANCASH,CARLOS FERMIN FITZCARRALD,SAN NICOLAS,RURAL,CARRETERA,PROVINCIAL,AN-625,-8.944728418495957,-77.25099293540882,SOLEADO,RURAL,SINUOSA,INCLINADA,AFIRMADO,,,,,IMPRUDENCIA DEL CONDUCTOR,FATIGA Y/O CANSANCIO
A-2022-07-236,28/07/2022,09:30,DESPISTE,1,3,,AYACUCHO,CANGALLO,PARAS,RURAL,CARRETERA,NACIONAL,PE-28A,-13.358444,-74.82262,DESPEJADO,RURAL,SINUOSA,PLANA ,ASFALTADA,SI,PREVENTIVA (P),,NO,IMPRUDENCIA DEL CONDUCTOR,EXCESO DE VELOCIDAD
A-2022-07-251,28/07/2022,14:50,DESPISTE,3,0,,JUNIN,CHANCHAMAYO,SAN RAMON,RURAL,CARRETERA,NACIONAL,PE-22B,-11.1777721,-75.4521144,DESPEJADO,RURAL,CURVA,INCLINADA,ASFALTADA,,,,,IMPRUDENCIA DEL CONDUCTOR,FATIGA Y/O CANSANCIO
A-2022-07-95,28/07/2022,16:00,CHOQUE,2,1,2,LAMBAYEQUE,LAMBAYEQUE,OLMOS,RURAL,CARRETERA,PROVINCIAL,LA-517,-6.02938567788112,-79.806545691682,DESPEJADO,RURAL,TRAMO RECTO,PLANA ,TROCHA,,,,,EN PROCESO DE INVESTIGACIÓN,NO CUENTA CON CAUSA ESPECIFICA
A-2022-07-163,28/07/2022,16:20,ATROPELLO FUGA,1,0,,LIMA,LIMA,RIMAC,URBANA,CARRETERA,NACIONAL,PE-1N,-12.041213287871356,-77.03289512282687,DESPEJADO,RESIDENCIAL,TRAMO RECTO,PLANA ,ASFALTADA,SI,INFORMATIVA (I),,SI,EN PROCESO DE INVESTIGACIÓN,NO CUENTA CON CAUSA ESPECIFICA
A-2022-07-108,28/07/2022,19:30,ATROPELLO,1,0,1,LA LIBERTAD,VIRU,VIRU,RURAL,CARRETERA,NACIONAL,PE-1N,-8.362982,-78.871678,DESPEJADO,RURAL,TRAMO RECTO,PLANA ,ASFALTADA,,,,,IMPRUDENCIA DEL PEATÓN,CRUCE INDEBIDO POR LA CALZADA
A-2022-07-109,29/07/2022,01:30,CHOQUE,1,0,1,LA LIBERTAD,TRUJILLO,LAREDO,RURAL,CARRETERA,NACIONAL,PE-10A,-8.032543,-78.841541,DESPEJADO,RURAL,TRAMO RECTO,PLANA ,ASFALTADA,,,,,IMPRUDENCIA DEL CONDUCTOR,CONDUCIR EN ESTADO DE EBRIEDAD Y/O DROGADICCIÓN
A-2022-07-90,29/07/2022,02:00,DESPISTE,1,1,1,CUSCO,CANAS,CHECCA,RURAL,CARRETERA,DEPARTAMENTAL,CU-130,-14.441994,-71.42504,DESPEJADO,RURAL,CURVA,PLANA ,TROCHA,,,,,IMPRUDENCIA DEL CONDUCTOR,CONDUCIR EN ESTADO DE EBRIEDAD Y/O DROGADICCIÓN
A-2022-07-249,29/07/2022,05:00,ATROPELLO,1,0,,JUNIN,HUANCAYO,HUACRAPUQUIO,RURAL,CARRETERA,NACIONAL,PE-3S,-12.188843658535474,-75.19176714279406,DESPEJADO,RURAL,TRAMO RECTO,INCLINADA,ASFALTADA,NO,,,SI,IMPRUDENCIA DEL PEATÓN,OTRO (IMPRUDENCIA DEL PEATÓN)
A-2022-07-160,29/07/2022,05:40,ATROPELLO FUGA,1,0,0,LIMA,LIMA,CARABAYLLO,URBANA,CARRETERA,PROVINCIAL,LM-691,-11.862209708446592,-77.05571893008928,DESPEJADO,ESCOLAR,TRAMO RECTO,PLANA ,ASFALTADA,,,,,EN PROCESO DE INVESTIGACIÓN,NO CUENTA CON CAUSA ESPECIFICA
A-2022-07-110,29/07/2022,06:50,ATROPELLO,1,0,1,LA LIBERTAD,PACASMAYO,GUADALUPE,RURAL,CARRETERA,NACIONAL,PE-08,-7.305280085254747,-79.47914506524577,DESPEJADO,RURAL,TRAMO RECTO,PLANA ,ASFALTADA,,,,,EN PROCESO DE INVESTIGACIÓN,NO CUENTA CON CAUSA ESPECIFICA
A-2022-07-68,29/07/2022,12:20,CHOQUE,1,4,2,PUNO,PUNO,PLATERIA,RURAL,CARRETERA,NACIONAL,PE-3S,-15.954076,-69.825822,DESPEJADO,RURAL,TRAMO RECTO,PLANA ,ASFALTADA,,,,,IMPRUDENCIA DEL CONDUCTOR,USO DE DISPOSITIVOS MÓVILES
A-2022-07-232,29/07/2022,14:00,ATROPELLO,1,0,1,LIMA,HUAURA,SAYAN,RURAL,CARRETERA,NACIONAL,PE-18,-11.064363317397373,-77.14055653278339,DESPEJADO,RURAL,OTRO,INCLINADA,ASFALTADA,SI,REGULADORA (R),PREVENTIVA (P),NO,IMPRUDENCIA DEL PEATÓN,CRUCE INDEBIDO POR LA CALZADA
A-2022-07-199,29/07/2022,17:00,CHOQUE,1,1,2,PIURA,PIURA,VEINTISEIS DE OCTUBRE,RURAL,CARRETERA,NACIONAL,PE-1N,-5.184714,-80.692297,DESPEJADO,RURAL,TRAMO RECTO,PLANA ,ASFALTADA,,,,,EN PROCESO DE INVESTIGACIÓN,NO CUENTA CON CAUSA ESPECIFICA
A-2022-07-222,29/07/2022,18:30,CHOQUE,1,0,2,CAJAMARCA,JAEN,JAEN,URBANA,CARRETERA,NACIONAL,PE-5N,-5.83172,-78.7479,DESPEJADO,RESIDENCIAL,TRAMO RECTO,PLANA ,ASFALTADA,,,,,EN PROCESO DE INVESTIGACIÓN,NO CUENTA CON CAUSA ESPECIFICA
A-2022-07-115,29/07/2022,20:21,CHOQUE,1,0,2,LA LIBERTAD,ASCOPE,CASA GRANDE,RURAL,CARRETERA,PROVINCIAL,LI-619,-7.722465,-79.215931,DESPEJADO,RURAL,TRAMO RECTO,PLANA ,ASFALTADA,,,,,IMPRUDENCIA DEL CONDUCTOR,CONDUCIR EN ESTADO DE EBRIEDAD Y/O DROGADICCIÓN
A-2022-07-193,29/07/2022,20:35,ATROPELLO,1,0,1,PUNO,AZANGARO,SANTIAGO DE PUPUJA,RURAL,CARRETERA,NACIONAL,PE-34B,-15.016569,-70.179992,DESPEJADO,RURAL,TRAMO RECTO,PLANA ,ASFALTADA,,,,,IMPRUDENCIA DEL PEATÓN,CRUCE INDEBIDO POR LA CALZADA
A-2022-07-223,29/07/2022,21:20,DESPISTE,1,0,,CAJAMARCA,CHOTA,CHIGUIRIP,RURAL,CARRETERA,DEPARTAMENTAL,CA-105,-6.42844573600371,-78.6902270498322,DESPEJADO,RURAL,CURVA,INCLINADA,ASFALTADA,,,,,EN PROCESO DE INVESTIGACIÓN,NO CUENTA CON CAUSA ESPECIFICA
A-2022-07-255,29/07/2022,22:30,CHOQUE FUGA,2,0,,AMAZONAS,CHACHAPOYAS,CHACHAPOYAS,RURAL,CARRETERA,DEPARTAMENTAL,AM-109,-6.218510278617894,-77.8784403204918,DESPEJADO,RURAL,CURVA,PLANA ,ASFALTADA,,,,,EN PROCESO DE INVESTIGACIÓN,NO CUENTA CON CAUSA ESPECIFICA
A-2022-07-221,30/07/2022,04:30,CHOQUE,1,0,,CAJAMARCA,CAJAMARCA,CAJAMARCA,RURAL,CARRETERA,NACIONAL,PE-08B,-7.16516909,-78.48339357,,,,,,,,,,EN PROCESO DE INVESTIGACIÓN,NO CUENTA CON CAUSA ESPECIFICA
A-2022-07-91,30/07/2022,04:30,CHOQUE,1,0,2,CUSCO,ANTA,LIMATAMBO,URBANA,CARRETERA,NACIONAL,PE-3S,-13.526324,-72.50997,DESPEJADO,COMERCIAL,TRAMO RECTO,PLANA ,ASFALTADA,SI,REGULADORA (R),,SI,EN PROCESO DE INVESTIGACIÓN,NO CUENTA CON CAUSA ESPECIFICA
A-2022-07-267,30/07/2022,04:40,DESPISTE,16,0,,JUNIN,SATIPO,PANGOA,RURAL,CARRETERA,NACIONAL,PE-5S,-11.334122656690024,-74.52024756353343,DESPEJADO,RURAL,TRAMO RECTO,INCLINADA,ASFALTADA,,,,,IMPRUDENCIA DEL CONDUCTOR,EXCESO DE PASAJEROS O CARGA
A-2022-07-212,30/07/2022,05:00,ATROPELLO,1,0,1,TACNA,TACNA,ALTO DE LA ALIANZA,URBANA,CARRETERA,NACIONAL,PE-38,-17.99371,-70.252171,DESPEJADO,COMERCIAL,TRAMO RECTO,PLANA ,ASFALTADA,SI,PREVENTIVA (P),REGULADORA (R),SI,IMPRUDENCIA DEL CONDUCTOR,CONDUCIR EN ESTADO DE EBRIEDAD Y/O DROGADICCIÓN
A-2022-07-192,30/07/2022,19:30,CHOQUE,1,0,1,PUNO,HUANCANE,HUANCANE,RURAL,CARRETERA,DEPARTAMENTAL,PU-116,-15.18036477872819,-69.78883619318478,DESPEJADO,RURAL,TRAMO RECTO,PLANA ,ASFALTADA,NO,,,SI,IMPRUDENCIA DEL CONDUCTOR,OTRO (IMPRUDENCIA DEL CONDUCTOR)
A-2022-07-242,30/07/2022,20:00,CHOQUE,1,0,,LORETO,MAYNAS,SAN JUAN BAUTISTA,RURAL,CARRETERA,DEPARTAMENTAL,LO-103,-3.8625246,-73.3370782,DESPEJADO,RURAL,TRAMO RECTO,PLANA ,ASFALTADA,,,,,IMPRUDENCIA DEL CONDUCTOR,INVASIÓN DE CARRIL
A-2022-07-84,30/07/2022,20:30,CHOQUE,1,0,2,AREQUIPA,AREQUIPA,MOLLEBAYA,URBANA,CARRETERA,PROVINCIAL,AR-782,-16.490973,-71.50154,DESPEJADO,RESIDENCIAL,TRAMO RECTO,PLANA ,ASFALTADA,SI,PREVENTIVA (P),REGULADORA (R),SI,EN PROCESO DE INVESTIGACIÓN,NO CUENTA CON CAUSA ESPECIFICA
A-2022-07-268,30/07/2022,21:30,ATROPELLO,1,0,,JUNIN,CHANCHAMAYO,SAN RAMON,RURAL,CALLE,URBANO,NO CORRESPONDE,-11.134586053526023,-75.35286421623344,DESPEJADO,RURAL,TRAMO RECTO,PLANA ,TROCHA,,,,,IMPRUDENCIA DEL CONDUCTOR,NO ESTABLECER EL DERECHO DE PASO
A-2022-07-211,30/07/2022,23:00,ATROPELLO FUGA,1,0,0,TACNA,TACNA,CALANA,RURAL,CARRETERA,PROVINCIAL,TA-619,-17.960544,-70.22011,DESPEJADO,RURAL,OTRO,INCLINADA,AFIRMADO,,,,,EN PROCESO DE INVESTIGACIÓN,NO CUENTA CON CAUSA ESPECIFICA
A-2022-07-190,31/07/2022,01:30,VOLCADURA,1,0,1,PUNO,AZANGARO,AZANGARO,URBANA,CARRETERA,DEPARTAMENTAL,PU-111,-14.914580639878285,-70.19187030205345,DESPEJADO,ESCOLAR,TRAMO RECTO,PLANA ,ASFALTADA,,,,,IMPRUDENCIA DEL CONDUCTOR,EXCESO DE VELOCIDAD
A-2022-07-85,31/07/2022,05:30,ATROPELLO FUGA,1,0,1,AREQUIPA,AREQUIPA,LA JOYA,URBANA,CARRETERA,DEPARTAMENTAL,AR-114,-16.42887,-71.825537,DESPEJADO,RESIDENCIAL,CURVA,PLANA ,ASFALTADA,NO,,,SI,EN PROCESO DE INVESTIGACIÓN,NO CUENTA CON CAUSA ESPECIFICA
A-2022-07-111,31/07/2022,06:15,DESPISTE,1,0,1,LA LIBERTAD,GRAN CHIMU,CASCAS,RURAL,CARRETERA,SIN CLASIFICAR,SIN CLASIFICAR,-7.504396,-78.820375,DESPEJADO,RURAL,CURVA,PLANA ,TROCHA,,,,,EN PROCESO DE INVESTIGACIÓN,NO CUENTA CON CAUSA ESPECIFICA
A-2022-07-229,31/07/2022,14:30,CHOQUE,2,1,,CAJAMARCA,CAJAMARCA,LOS BAÑOS DEL INCA,URBANA,CARRETERA,NACIONAL,PE-08B,-7.150736,-78.455716,,,,,,,,,,EN PROCESO DE INVESTIGACIÓN,NO CUENTA CON CAUSA ESPECIFICA
A-2022-07-123,31/07/2022,17:44,DESPISTE,1,0,1,LAMBAYEQUE,CHICLAYO,CHICLAYO,RURAL,CARRETERA,PROVINCIAL,LA-816,-6.773706,-79.816592,DESPEJADO,RURAL,TRAMO RECTO,PLANA ,ASFALTADA,,,,,EN PROCESO DE INVESTIGACIÓN,NO CUENTA CON CAUSA ESPECIFICA
A-2022-07-230,31/07/2022,17:52,CHOQUE,1,4,2,CAJAMARCA,JAEN,JAEN,RURAL,CARRETERA,NACIONAL,PE-5N,-5.786813,-78.783611,DESPEJADO,RURAL,TRAMO RECTO,PLANA ,ASFALTADA,,,,,EN PROCESO DE INVESTIGACIÓN,NO CUENTA CON CAUSA ESPECIFICA
A-2022-07-276,31/07/2022,22:50,CHOQUE,2,6,,LIMA,LIMA,LURIN,URBANA,CARRETERA,NACIONAL,PE-1S,-12.250281,-76.930691,DESPEJADO,COMERCIAL,TRAMO RECTO,PLANA ,ASFALTADA,,,,,EN PROCESO DE INVESTIGACIÓN,NO CUENTA CON CAUSA ESPECIFICA
A-2022-08-261,01/08/2022,04:15,CHOQUE,2,7,,MADRE DE DIOS,TAMBOPATA,TAMBOPATA,RURAL,CARRETERA,NACIONAL,PE-30C,-12.659232,-69.319099,,,,,,,,,,EN PROCESO DE INVESTIGACIÓN,NO CUENTA CON CAUSA ESPECIFICA
A-2022-08-252,01/08/2022,05:30,DESPISTE,1,3,,JUNIN,TARMA,PALCA,RURAL,CARRETERA,PROVINCIAL,JU-604,-11.305549996282144,-75.5701446138607,LLUVIOSO,RURAL,OTRO,INCLINADA,TROCHA,,,,,IMPRUDENCIA DEL CONDUCTOR,OTRO (IMPRUDENCIA DEL CONDUCTOR)
A-2022-08-6,01/08/2022,06:00,CHOQUE,1,0,1,LA LIBERTAD,VIRU,VIRU,RURAL,CARRETERA,NACIONAL,PE-1N,-8.471488042913176,-78.71155052733202,DESPEJADO,RURAL,TRAMO RECTO,PLANA ,ASFALTADA,,,,,IMPRUDENCIA DEL CONDUCTOR,ADELANTAR INDEBIDAMENTE
A-2022-08-44,01/08/2022,16:30,CHOQUE,1,0,2,CUSCO,URUBAMBA,MARAS,RURAL,CARRETERA,NACIONAL,PE-28F,-13.375879,-72.11607,DESPEJADO,RURAL,SINUOSA,INCLINADA,ASFALTADA,SI,PREVENTIVA (P),PREVENTIVA (P),SI,IMPRUDENCIA DEL CONDUCTOR,INVASIÓN DE CARRIL
A-2022-08-127,02/08/2022,01:00,ATROPELLO FUGA,2,0,0,PUNO,SAN ROMAN,CABANA,RURAL,CARRETERA,NACIONAL,PE-34A,-15.562104,-70.24031,DESPEJADO,RURAL,TRAMO RECTO,PLANA ,ASFALTADA,,,,,IMPRUDENCIA DEL PEATÓN,CRUCE INDEBIDO POR LA CALZADA
A-2022-08-171,02/08/2022,03:45,DESPISTE,1,0,,PIURA,PIURA,VEINTISEIS DE OCTUBRE,URBANA,CARRETERA,NACIONAL,PE-1N,-5.178632,-80.666543,DESPEJADO,INDUSTRIAL,TRAMO RECTO,PLANA ,ASFALTADA,,,,,EN PROCESO DE INVESTIGACIÓN,NO CUENTA CON CAUSA ESPECIFICA
A-2022-08-1,02/08/2022,06:35,CHOQUE,1,0,2,CALLAO,CALLAO,CALLAO,URBANA,AVENIDA,URBANO,NO CORRESPONDE,-12.049842714505223,-77.11416269059485,DESPEJADO,INDUSTRIAL,TRAMO RECTO,PLANA ,ASFALTADA,SI,PREVENTIVA (P),,SI,NEGLIGENCIA DEL CONDUCTOR,OTRO (NEGLIGENCIA DEL CONDUCTOR)
A-2022-08-18,02/08/2022,07:15,CHOQUE,1,1,2,LA LIBERTAD,TRUJILLO,LAREDO,URBANA,CARRETERA,NACIONAL,PE-10A,-8.112546,-78.999485,DESPEJADO,INDUSTRIAL,TRAMO RECTO,PLANA ,ASFALTADA,,,,,EN PROCESO DE INVESTIGACIÓN,NO CUENTA CON CAUSA ESPECIFICA
A-2022-08-244,02/08/2022,23:00,VOLCADURA,1,0,1,PIURA,SULLANA,SULLANA,RURAL,CARRETERA,PROVINCIAL,PI-579,-4.791,-80.556,DESPEJADO,RURAL,TRAMO RECTO,PLANA ,ASFALTADA,,,,,EN PROCESO DE INVESTIGACIÓN,NO CUENTA CON CAUSA ESPECIFICA
A-2022-08-175,03/08/2022,18:40,ATROPELLO,1,0,,ANCASH,SANTA,CHIMBOTE,RURAL,CARRETERA,SIN CLASIFICAR,SIN CLASIFICAR,-9.024249928576673,-78.55449104182941,DESPEJADO,RURAL,TRAMO RECTO,PLANA ,ASFALTADA,,,,,EN PROCESO DE INVESTIGACIÓN,NO CUENTA CON CAUSA ESPECIFICA
A-2022-08-19,04/08/2022,01:15,ATROPELLO FUGA,1,0,1,LA LIBERTAD,TRUJILLO,HUANCHACO,RURAL,CARRETERA,NACIONAL,PE-1N,-8.120221,-79.084022,DESPEJADO,RURAL,TRAMO RECTO,PLANA ,ASFALTADA,,,,,EN PROCESO DE INVESTIGACIÓN,NO CUENTA CON CAUSA ESPECIFICA
A-2022-08-64,04/08/2022,03:00,ATROPELLO,1,1,1,LAMBAYEQUE,CHICLAYO,LA VICTORIA,URBANA,CARRETERA,DEPARTAMENTAL,LA-111,-6.79779,-79.83071,LLUVIOSO,RESIDENCIAL,TRAMO RECTO,PLANA ,ASFALTADA,,,,,EN PROCESO DE INVESTIGACIÓN,NO CUENTA CON CAUSA ESPECIFICA
A-2022-08-176,04/08/2022,09:00,DESPISTE,1,1,,ANCASH,PALLASCA,SANTA ROSA,RURAL,CARRETERA,NACIONAL,PE-3N,-8.45605682708533,-78.08144758808645,DESPEJADO,RURAL,SINUOSA,INCLINADA,AFIRMADO,,,,,EN PROCESO DE INVESTIGACIÓN,NO CUENTA CON CAUSA ESPECIFICA
A-2022-08-170,04/08/2022,15:00,ATROPELLO,1,0,,LIMA,LIMA,LA VICTORIA,URBANA,AVENIDA,URBANO,NO CORRESPONDE,-12.06438623872198,-77.02921847721872,DESPEJADO,COMERCIAL,INTERSECCIÓN,PLANA ,ASFALTADA,NO,,,SI,EN PROCESO DE INVESTIGACIÓN,NO CUENTA CON CAUSA ESPECIFICA
A-2022-08-192,04/08/2022,19:30,CHOQUE FUGA,1,0,,CAJAMARCA,SAN IGNACIO,CHIRINOS,RURAL,CARRETERA,NACIONAL,PE-5N,-5.358821,-78.791773,DESPEJADO,RURAL,TRAMO RECTO,PLANA ,ASFALTADA,,,,,EN PROCESO DE INVESTIGACIÓN,NO CUENTA CON CAUSA ESPECIFICA
A-2022-08-2,04/08/2022,23:00,CAÍDA DE PASAJERO,1,1,,CALLAO,CALLAO,VENTANILLA,URBANA,CARRETERA,NACIONAL,PE-20,-11.889928212601054,-77.12605166149483,DESPEJADO,INDUSTRIAL,OTRO,PLANA ,CONCRETO,,,,,EN PROCESO DE INVESTIGACIÓN,NO CUENTA CON CAUSA ESPECIFICA
A-2022-08-177,05/08/2022,04:30,ATROPELLO,1,0,,ANCASH,CASMA,CASMA,RURAL,CARRETERA,NACIONAL,PE-1N,-9.480335188456207,-78.29283734231547,DESPEJADO,RURAL,TRAMO RECTO,INCLINADA,ASFALTADA,SI,REGULADORA (R),,NO,EN PROCESO DE INVESTIGACIÓN,NO CUENTA CON CAUSA ESPECIFICA
A-2022-08-20,05/08/2022,09:00,DESPISTE,5,0,1,LA LIBERTAD,GRAN CHIMU,SAYAPULLO,RURAL,CARRETERA,DEPARTAMENTAL,LI-106,-7.596694,-78.484544,DESPEJADO,RURAL,CURVA,PLANA ,AFIRMADO,,,,,IMPRUDENCIA DEL CONDUCTOR,CONDUCIR EN ESTADO DE EBRIEDAD Y/O DROGADICCIÓN
A-2022-08-94,05/08/2022,13:10,CHOQUE,1,2,2,MADRE DE DIOS,MANU,MANU,RURAL,CARRETERA,DEPARTAMENTAL,MD-103,-12.8429806,-71.3652383,SOLEADO,RURAL,CURVA,PLANA ,ASFALTADA,,,,,IMPRUDENCIA DEL CONDUCTOR,CONDUCIR EN ESTADO DE EBRIEDAD Y/O DROGADICCIÓN
A-2022-08-25,05/08/2022,14:30,DESPISTE,1,1,1,APURIMAC,ANDAHUAYLAS,KISHUARA,RURAL,CARRETERA,NACIONAL,PE-3S,-13.691124,-73.169512,LLUVIOSO,RURAL,CURVA,PLANA ,ASFALTADA,SI,PREVENTIVA (P),REGULADORA (R),SI,IMPRUDENCIA DEL CONDUCTOR,EXCESO DE VELOCIDAD
A-2022-08-169,05/08/2022,18:50,CHOQUE,1,0,2,LIMA,LIMA,SANTA ANITA,URBANA,AVENIDA,URBANO,NO CORRESPONDE,-12.040577742625416,-76.9827142759373,DESPEJADO,COMERCIAL,INTERSECCIÓN,PLANA ,ASFALTADA,,,,,EN PROCESO DE INVESTIGACIÓN,NO CUENTA CON CAUSA ESPECIFICA
A-2022-08-41,05/08/2022,23:00,FERROVIARIO,1,0,,CUSCO,CUSCO,CUSCO,URBANA,OTRO,URBANO,NO CORRESPONDE,-13.5060126,-72.0000045,DESPEJADO,RURAL,CURVA,INCLINADA,AFIRMADO,SI,PREVENTIVA (P),,NO,IMPRUDENCIA DEL PEATÓN,ESTADO DE EBRIEDAD Y/O DROGADICCIÓN
A-2022-08-210,06/08/2022,02:00,DESPISTE,1,2,,AYACUCHO,PAUCAR DEL SARA SARA,PAUSA,RURAL,CARRETERA,NACIONAL,PE-32C,-15.31144,-73.34788,DESPEJADO,RURAL,CURVA,PLANA ,TROCHA,,,,,IMPRUDENCIA DEL CONDUCTOR,CONDUCIR EN ESTADO DE EBRIEDAD Y/O DROGADICCIÓN
A-2022-08-3,06/08/2022,02:11,CHOQUE,1,1,2,AREQUIPA,AREQUIPA,SAN JUAN DE TARUCANI,RURAL,CARRETERA,NACIONAL,PE-34A,-16.005391,-71.270422,DESPEJADO,RURAL,TRAMO RECTO,PLANA ,ASFALTADA,NO,,,SI,EN PROCESO DE INVESTIGACIÓN,NO CUENTA CON CAUSA ESPECIFICA
A-2022-08-209,06/08/2022,07:20,DESPISTE,1,1,1,LIMA,HUAURA,HUAURA,URBANA,CARRETERA,DEPARTAMENTAL,LM-101,-11.06668,-77.59831,DESPEJADO,RESIDENCIAL,TRAMO RECTO,PLANA ,ASFALTADA,,,,,IMPRUDENCIA DEL CONDUCTOR,CONDUCIR EN ESTADO DE EBRIEDAD Y/O DROGADICCIÓN
A-2022-08-193,06/08/2022,09:00,ESPECIAL,1,0,1,CAJAMARCA,CAJAMARCA,CAJAMARCA,URBANA,AVENIDA,URBANO,NO CORRESPONDE,-7.16635332,-78.51165926,DESPEJADO,RESIDENCIAL,TRAMO RECTO,PLANA ,CONCRETO,,,,,EN PROCESO DE INVESTIGACIÓN,NO CUENTA CON CAUSA ESPECIFICA