CÓDIGO SINIESTRO,FECHA SINIESTRO,HORA SINIESTRO,CLASE SINIESTRO,CANTIDAD DE FALLECIDOS,CANTIDAD DE LESIONADOS,CANTIDAD DE VEHICULOS DAÑADOS,DEPARTAMENTO,PROVINCIA,DISTRITO,ZONA,TIPO DE VÍA,RED VIAL,COD CARRETERA,COORDENADAS LATITUD,COORDENADAS  LONGITUD,CONDICIÓN CLIMÁTICA,ZONIFICACIÓN,CARACTERÍSTICAS DE VÍA,PERFIL LONGITUDINAL VÍA,SUPERFICIE DE CALZADA,¿EXISTE SEÑAL VERTICAL?,CLASIFICACIÓN DE LA SEÑAL VERTICAL Nº 1,CLASIFICACIÓN DE LA SEÑAL VERTICAL Nº 2,¿EXISTE SEÑAL HORIZONTAL?,CAUSA FACTOR PRINCIPAL,CAUSA ESPECÍFICA
A-2022-08-242,06/08/2022,09:00,DESPISTE,1,1,,MADRE DE DIOS,TAMBOPATA,LAS PIEDRAS,RURAL,CARRETERA,NACIONAL,PE-30C,-12.554492,-69.147944,DESPEJADO,RURAL,TRAMO RECTO,PLANA ,ASFALTADA,,,,,EN PROCESO DE INVESTIGACIÓN,NO CUENTA CON CAUSA ESPECIFICA
A-2022-08-191,06/08/2022,09:36,DESPISTE,1,0,2,UCAYALI,CORONEL PORTILLO,YARINACOCHA,URBANA,JIRÓN,URBANO,NO CORRESPONDE,-8.357002,-74.577265,LLUVIOSO,COMERCIAL,INTERSECCIÓN,PLANA ,CONCRETO,SI,REGULADORA (R),,NO,IMPRUDENCIA DEL CONDUCTOR,OTRO (IMPRUDENCIA DEL CONDUCTOR)
A-2022-08-4,06/08/2022,14:45,ATROPELLO,1,1,1,ICA,PISCO,PISCO,URBANA,AVENIDA,URBANO,NO CORRESPONDE,-13.717065319977856,-76.20600608829045,DESPEJADO,COMERCIAL,TRAMO RECTO,PLANA ,ASFALTADA,,,,,IMPRUDENCIA DEL CONDUCTOR,CONDUCIR EN ESTADO DE EBRIEDAD Y/O DROGADICCIÓN
A-2022-08-79,06/08/2022,17:10,ATROPELLO FUGA,1,0,,ANCASH,CARHUAZ,YUNGAR,URBANA,CARRETERA,NACIONAL,PE-3N,-9.3653672259614,-77.59391386761,DESPEJADO,RURAL,TRAMO RECTO,PLANA ,ASFALTADA,NO,,,SI,NEGLIGENCIA DEL CONDUCTOR,OTRO (NEGLIGENCIA DEL CONDUCTOR)
A-2022-08-7,06/08/2022,19:00,ATROPELLO,1,0,1,ICA,PISCO,PISCO,URBANA,AVENIDA,URBANO,NO CORRESPONDE,-13.713353,-76.209889,DESPEJADO,COMERCIAL,INTERSECCIÓN,PLANA ,ASFALTADA,,,,,IMPRUDENCIA DEL CONDUCTOR,NO DAR PASO PREFERENTE AL PEATÓN
A-2022-08-69,06/08/2022,20:30,ATROPELLO FUGA,1,0,1,LAMBAYEQUE,LAMBAYEQUE,LAMBAYEQUE,RURAL,CARRETERA,NACIONAL,PE-1N,-6.6648402,-79.923696,NUBLADO,RURAL,TRAMO RECTO,PLANA ,ASFALTADA,,,,,EN PROCESO DE INVESTIGACIÓN,NO CUENTA CON CAUSA ESPECIFICA
A-2022-08-245,06/08/2022,21:45,CHOQUE,1,0,2,PIURA,PIURA,TAMBO GRANDE,RURAL,CARRETERA,NACIONAL,PE-1NL,-4.890839580118923,-80.32858155992086,DESPEJADO,RURAL,TRAMO RECTO,PLANA ,ASFALTADA,,,,,EN PROCESO DE INVESTIGACIÓN,NO CUENTA CON CAUSA ESPECIFICA
A-2022-08-174,06/08/2022,23:40,VOLCADURA,1,0,,PIURA,PIURA,PIURA,URBANA,AVENIDA,URBANO,NO CORRESPONDE,-5.172145,-80.645,DESPEJADO,RURAL,TRAMO RECTO,PLANA ,ASFALTADA,SI,INFORMATIVA (I),,SI,IMPRUDENCIA DEL CONDUCTOR,EXCESO DE VELOCIDAD
A-2022-08-8,07/08/2022,00:01,ATROPELLO FUGA,1,0,0,ICA,PISCO,PISCO,URBANA,CARRETERA,NACIONAL,PE-1SE,-13.69499103644271,-76.1640349012398,DESPEJADO,RESIDENCIAL,INTERSECCIÓN,PLANA ,ASFALTADA,,,,,EN PROCESO DE INVESTIGACIÓN,NO CUENTA CON CAUSA ESPECIFICA
A-2022-08-77,07/08/2022,01:00,ATROPELLO FUGA,1,0,,CUSCO,CANCHIS,SAN PABLO,RURAL,CARRETERA,NACIONAL,PE-3S,-14.2028068229023,-71.31008320786603,DESPEJADO,RURAL,TRAMO RECTO,PLANA ,ASFALTADA,SI,PREVENTIVA (P),,SI,IMPRUDENCIA DEL PEATÓN,ESTADO DE EBRIEDAD Y/O DROGADICCIÓN
A-2022-08-194,07/08/2022,02:30,DESPISTE,6,7,1,CAJAMARCA,HUALGAYOC,CHUGUR,RURAL,CARRETERA,PROVINCIAL,CA-876,-6.67948333,-78.721445,DESPEJADO,RURAL,CURVA,PLANA ,AFIRMADO,,,,,EN PROCESO DE INVESTIGACIÓN,NO CUENTA CON CAUSA ESPECIFICA
A-2022-08-5,07/08/2022,03:00,ATROPELLO FUGA,1,0,,AREQUIPA,AREQUIPA,CERRO COLORADO,URBANA,CARRETERA,DEPARTAMENTAL,AR-123,-16.340633,-71.601875,NUBLADO,RURAL,TRAMO RECTO,PLANA ,ASFALTADA,,,,,EN PROCESO DE INVESTIGACIÓN,NO CUENTA CON CAUSA ESPECIFICA
A-2022-08-187,07/08/2022,04:00,CHOQUE FUGA,1,1,1,HUANUCO,HUANUCO,HUANUCO,URBANA,CARRETERA,PROVINCIAL,HU-767,-9.934275,-76.243538,DESPEJADO,COMERCIAL,TRAMO RECTO,PLANA ,ASFALTADA,,,,,IMPRUDENCIA DEL CONDUCTOR,CONDUCIR EN ESTADO DE EBRIEDAD Y/O DROGADICCIÓN
A-2022-08-256,07/08/2022,04:35,ATROPELLO FUGA,1,0,1,LIMA,HUAURA,HUACHO,RURAL,CARRETERA,NACIONAL,PE-1N,-11.178727170830298,-77.5801062075591,DESPEJADO,RURAL,TRAMO RECTO,PLANA ,ASFALTADA,,,,,EN PROCESO DE INVESTIGACIÓN,NO CUENTA CON CAUSA ESPECIFICA
A-2022-08-26,07/08/2022,06:00,CHOQUE,1,0,2,LA LIBERTAD,CHEPEN,CHEPEN,RURAL,CARRETERA,NACIONAL,PE-1N,-7.222826,-79.438933,DESPEJADO,COMERCIAL,TRAMO RECTO,PLANA ,ASFALTADA,,,,,IMPRUDENCIA DEL CONDUCTOR,CONDUCIR EN ESTADO DE EBRIEDAD Y/O DROGADICCIÓN
A-2022-08-106,07/08/2022,07:10,DESPISTE,2,1,1,HUANUCO,HUAMALIES,MONZON,RURAL,CARRETERA,NACIONAL,PE-14A,-9.215974,-76.253808,LLUVIOSO,RURAL,CURVA,PLANA ,ASFALTADA,,,,,IMPRUDENCIA DEL CONDUCTOR,FATIGA Y/O CANSANCIO
A-2022-08-251,07/08/2022,09:00,DESPISTE,1,4,1,ICA,CHINCHA,GROCIO PRADO,RURAL,CARRETERA,NACIONAL,PE-1S,-13.352225,-76.222516,DESPEJADO,RURAL,TRAMO RECTO,PLANA ,ASFALTADA,,,,,EN PROCESO DE INVESTIGACIÓN,NO CUENTA CON CAUSA ESPECIFICA
A-2022-08-229,07/08/2022,09:40,DESPISTE,1,5,1,PIURA,PIURA,VEINTISEIS DE OCTUBRE,RURAL,CARRETERA,NACIONAL,PE-1N,-5.149578,-80.696486,SOLEADO,RURAL,TRAMO RECTO,PLANA ,ASFALTADA,,,,,IMPRUDENCIA DEL CONDUCTOR,EXCESO DE VELOCIDAD
A-2022-08-128,07/08/2022,20:30,CHOQUE,1,0,2,PUNO,SAN ROMAN,JULIACA,RURAL,CARRETERA,DEPARTAMENTAL,PU-120,-15.51290445,-70.0982892,DESPEJADO,RURAL,TRAMO RECTO,PLANA ,ASFALTADA,,,,,IMPRUDENCIA DEL CONDUCTOR,OTRO (IMPRUDENCIA DEL CONDUCTOR)
A-2022-08-27,07/08/2022,22:30,ATROPELLO,1,0,1,LA LIBERTAD,PATAZ,PATAZ,RURAL,CARRETERA,PROVINCIAL,LI-857,-7.7185449794727266,-77.63424160830954,DESPEJADO,RURAL,CURVA,INCLINADA,AFIRMADO,,,,,EN PROCESO DE INVESTIGACIÓN,NO CUENTA CON CAUSA ESPECIFICA
A-2022-08-243,07/08/2022,22:31,CHOQUE CON OBJETO FIJO,1,0,1,MADRE DE DIOS,TAHUAMANU,TAHUAMANU,RURAL,CARRETERA,NACIONAL,PE-30C,-11.859529,-69.147114,DESPEJADO,RURAL,TRAMO RECTO,PLANA ,ASFALTADA,,,,,EN PROCESO DE INVESTIGACIÓN,NO CUENTA CON CAUSA ESPECIFICA
A-2022-08-168,07/08/2022,22:50,ATROPELLO,1,0,,LIMA,LIMA,CHACLACAYO,URBANA,CARRETERA,NACIONAL,PE-22,-11.97372633877707,-76.76030960606235,DESPEJADO,COMERCIAL,TRAMO RECTO,PLANA ,ASFALTADA,,,,,EN PROCESO DE INVESTIGACIÓN,NO CUENTA CON CAUSA ESPECIFICA
A-2022-08-70,08/08/2022,03:00,CHOQUE CON OBJETO FIJO,1,3,1,CUSCO,ESPINAR,ESPINAR,RURAL,CARRETERA,NACIONAL,PE-34F,-14.770705922541334,-71.38786726929791,DESPEJADO,RURAL,CURVA,INCLINADA,ASFALTADA,,,,,IMPRUDENCIA DEL CONDUCTOR,CONDUCIR EN ESTADO DE EBRIEDAD Y/O DROGADICCIÓN
A-2022-08-253,08/08/2022,06:10,CHOQUE,1,0,2,ICA,CHINCHA,CHINCHA BAJA,RURAL,CARRETERA,NACIONAL,PE-1SE,-13.550856,-76.181042,DESPEJADO,RURAL,TRAMO RECTO,PLANA ,ASFALTADA,,,,,IMPRUDENCIA DEL CONDUCTOR,OTRO (IMPRUDENCIA DEL CONDUCTOR)
A-2022-08-167,08/08/2022,08:30,DESPISTE,1,0,1,LIMA,LIMA,ANCON,RURAL,CARRETERA,NACIONAL,PE-1N,-11.729107825290674,-77.16485530147563,DESPEJADO,RURAL,TRAMO RECTO,PLANA ,ASFALTADA,,,,,EN PROCESO DE INVESTIGACIÓN,NO CUENTA CON CAUSA ESPECIFICA
A-2022-08-40,08/08/2022,12:00,ATROPELLO FUGA,1,0,,CUSCO,PAUCARTAMBO,KOSÑIPATA,RURAL,CARRETERA,NACIONAL,PE-5S,-12.9650199,-71.4373363,SOLEADO,RURAL,TRAMO RECTO,PLANA ,AFIRMADO,,,,,EN PROCESO DE INVESTIGACIÓN,NO CUENTA CON CAUSA ESPECIFICA
A-2022-08-43,08/08/2022,14:40,CHOQUE,4,0,2,CUSCO,QUISPICANCHI,QUIQUIJANA,RURAL,CARRETERA,NACIONAL,PE-3S,-13.838127,-71.536362,DESPEJADO,RURAL,CURVA,PLANA ,ASFALTADA,SI,PREVENTIVA (P),,SI,IMPRUDENCIA DEL CONDUCTOR,INVASIÓN DE CARRIL
A-2022-08-9,08/08/2022,16:30,CAÍDA DE PASAJERO,1,0,0,ICA,ICA,PARCONA,URBANA,CARRETERA,NACIONAL,PE-1SC,-14.053411647010995,-75.70586567905632,DESPEJADO,COMERCIAL,TRAMO RECTO,PLANA ,ASFALTADA,,,,,EN PROCESO DE INVESTIGACIÓN,NO CUENTA CON CAUSA ESPECIFICA
A-2022-08-190,08/08/2022,20:00,CHOQUE,1,3,2,UCAYALI,CORONEL PORTILLO,YARINACOCHA,URBANA,CARRETERA,DEPARTAMENTAL,UC-103,-8.364268,-74.566383,DESPEJADO,COMERCIAL,TRAMO RECTO,INCLINADA,CONCRETO,,,,,EN PROCESO DE INVESTIGACIÓN,NO CUENTA CON CAUSA ESPECIFICA
A-2022-08-172,08/08/2022,21:30,DESPISTE,1,0,,PIURA,PIURA,PIURA,URBANA,CARRETERA,PROVINCIAL,PI-993,-5.031625,-80.662164,DESPEJADO,RURAL,TRAMO RECTO,PLANA ,ASFALTADA,,,,,EN PROCESO DE INVESTIGACIÓN,NO CUENTA CON CAUSA ESPECIFICA
A-2022-08-246,08/08/2022,23:00,DESPISTE,1,0,1,PIURA,SULLANA,SULLANA,RURAL,CARRETERA,NACIONAL,PE-1NL,-4.920598239780908,-80.63019672290905,DESPEJADO,RURAL,TRAMO RECTO,PLANA ,ASFALTADA,,,,,EN PROCESO DE INVESTIGACIÓN,NO CUENTA CON CAUSA ESPECIFICA
A-2022-08-102,09/08/2022,06:15,ATROPELLO,1,0,,CALLAO,CALLAO,CALLAO,URBANA,CARRETERA,NACIONAL,PE-20,-11.995370935920661,-77.12587874855186,DESPEJADO,INDUSTRIAL,TRAMO RECTO,PLANA ,ASFALTADA,SI,INFORMATIVA (I),,SI,EN PROCESO DE INVESTIGACIÓN,NO CUENTA CON CAUSA ESPECIFICA
A-2022-08-241,09/08/2022,09:10,CHOQUE,1,1,2,LORETO,MAYNAS,PUNCHANA,URBANA,CALLE,URBANO,NO CORRESPONDE,-3.72768577896552,-73.2484885167629,DESPEJADO,COMERCIAL,INTERSECCIÓN,PLANA ,ASFALTADA,,,,,IMPRUDENCIA DEL CONDUCTOR,INVASIÓN DE CARRIL
A-2022-08-183,09/08/2022,12:10,DESPISTE,1,0,,APURIMAC,AYMARAES,CHALHUANCA,RURAL,CARRETERA,PROVINCIAL,AP-767,-14.288665464113869,-73.27030864658343,,,,,,,,,,EN PROCESO DE INVESTIGACIÓN,NO CUENTA CON CAUSA ESPECIFICA
A-2022-08-173,09/08/2022,14:30,DESPISTE,1,0,,PIURA,AYABACA,FRIAS,RURAL,CARRETERA,PROVINCIAL,PI-780,-4.963296190950989,-80.0037082415946,DESPEJADO,RURAL,TRAMO RECTO,PLANA ,AFIRMADO,,,,,EN PROCESO DE INVESTIGACIÓN,NO CUENTA CON CAUSA ESPECIFICA
A-2022-08-195,10/08/2022,05:00,DESPISTE,1,0,1,CAJAMARCA,HUALGAYOC,BAMBAMARCA,RURAL,CARRETERA,DEPARTAMENTAL,CA-107,-6.63463311028729,-78.4898697755679,DESPEJADO,RURAL,CURVA,PLANA ,AFIRMADO,,,,,EN PROCESO DE INVESTIGACIÓN,NO CUENTA CON CAUSA ESPECIFICA
A-2022-08-13,10/08/2022,06:20,DESPISTE,1,1,1,AREQUIPA,AREQUIPA,CERRO COLORADO,URBANA,CARRETERA,DEPARTAMENTAL,AR-123,-16.359972,-71.617691,DESPEJADO,RURAL,TRAMO RECTO,PLANA ,ASFALTADA,SI,REGULADORA (R),,NO,EN PROCESO DE INVESTIGACIÓN,NO CUENTA CON CAUSA ESPECIFICA
A-2022-08-165,10/08/2022,06:45,ATROPELLO,1,0,,LIMA,LIMA,SAN JUAN DE LURIGANCHO,URBANA,AVENIDA,URBANO,NO CORRESPONDE,-12.014406491609313,-77.0116826373535,DESPEJADO,COMERCIAL,TRAMO RECTO,PLANA ,ASFALTADA,,,,,EN PROCESO DE INVESTIGACIÓN,NO CUENTA CON CAUSA ESPECIFICA
A-2022-08-166,10/08/2022,07:30,CHOQUE,2,0,1,LIMA,LIMA,PUNTA HERMOSA,RURAL,AVENIDA,URBANO,NO CORRESPONDE,-12.330223780830693,-76.81520163341393,DESPEJADO,RURAL,TRAMO RECTO,PLANA ,TROCHA,,,,,IMPRUDENCIA DEL CONDUCTOR,CONDUCIR EN SENTIDO CONTRARIO
A-2022-08-15,10/08/2022,12:00,CHOQUE,1,2,2,AREQUIPA,AREQUIPA,MIRAFLORES,URBANA,CALLE,URBANO,NO CORRESPONDE,-16.3861421,-71.5178437,DESPEJADO,ESCOLAR,TRAMO RECTO,INCLINADA,ASFALTADA,NO,,,SI,EN PROCESO DE INVESTIGACIÓN,NO CUENTA CON CAUSA ESPECIFICA
A-2022-08-28,10/08/2022,15:00,CHOQUE,2,1,2,LA LIBERTAD,VIRU,CHAO,RURAL,CARRETERA,NACIONAL,PE-1N,-8.499772,-78.690465,DESPEJADO,RURAL,TRAMO RECTO,PLANA ,ASFALTADA,,,,,IMPRUDENCIA DEL CONDUCTOR,ADELANTAR INDEBIDAMENTE
A-2022-08-207,10/08/2022,19:20,CHOQUE FUGA,1,0,1,LIMA,HUAURA,SAYAN,RURAL,CARRETERA,PROVINCIAL,LM-665,-11.24199,-77.36301,DESPEJADO,RURAL,TRAMO RECTO,PLANA ,ASFALTADA,,,,,EN PROCESO DE INVESTIGACIÓN,NO CUENTA CON CAUSA ESPECIFICA
A-2022-08-30,10/08/2022,22:30,CHOQUE,2,0,2,LA LIBERTAD,ASCOPE,CHOCOPE,RURAL,CARRETERA,NACIONAL,PE-1N,-7.772321,-79.255668,DESPEJADO,RURAL,CURVA,PLANA ,ASFALTADA,,,,,IMPRUDENCIA DEL CONDUCTOR,ADELANTAR INDEBIDAMENTE
A-2022-08-163,11/08/2022,00:05,ATROPELLO FUGA,1,0,,LIMA,LIMA,LOS OLIVOS,URBANA,AVENIDA,URBANO,NO CORRESPONDE,-11.99509218082484,-77.07662298020652,DESPEJADO,COMERCIAL,TRAMO RECTO,PLANA ,ASFALTADA,,,,,EN PROCESO DE INVESTIGACIÓN,NO CUENTA CON CAUSA ESPECIFICA
A-2022-08-164,11/08/2022,04:30,CHOQUE,1,1,2,LIMA,LIMA,CHORRILLOS,URBANA,AVENIDA,URBANO,NO CORRESPONDE,-12.1663247522129,-77.02679543852047,DESPEJADO,COMERCIAL,INTERSECCIÓN,PLANA ,ASFALTADA,,,,,EN PROCESO DE INVESTIGACIÓN,NO CUENTA CON CAUSA ESPECIFICA
A-2022-08-240,11/08/2022,13:30,CHOQUE,1,0,,JUNIN,CONCEPCION,ORCOTUNA,URBANA,CARRETERA,NACIONAL,PE-3SB,-11.96316459265405,-75.30982355220488,DESPEJADO,RURAL,TRAMO RECTO,PLANA ,ASFALTADA,NO,,,SI,IMPRUDENCIA DEL CONDUCTOR,ADELANTAR INDEBIDAMENTE
A-2022-08-262,11/08/2022,16:00,CHOQUE,1,3,,MADRE DE DIOS,TAMBOPATA,INAMBARI,URBANA,CARRETERA,NACIONAL,PE-30C,-12.925405,-70.299655,,,,,,,,,,EN PROCESO DE INVESTIGACIÓN,NO CUENTA CON CAUSA ESPECIFICA
A-2022-08-10,11/08/2022,19:00,ATROPELLO,1,1,1,ICA,PISCO,PISCO,URBANA,CARRETERA,NACIONAL,PE-1SG,-13.716623,-76.21358,DESPEJADO,COMERCIAL,TRAMO RECTO,PLANA ,ASFALTADA,,,,,IMPRUDENCIA DEL CONDUCTOR,NO DAR PASO PREFERENTE AL PEATÓN
A-2022-08-196,11/08/2022,19:00,VOLCADURA,1,0,1,CAJAMARCA,CHOTA,CHIMBAN,RURAL,CARRETERA,DEPARTAMENTAL,CA-107,-6.288606,-78.478151,DESPEJADO,RURAL,SINUOSA,PLANA ,AFIRMADO,,,,,EN PROCESO DE INVESTIGACIÓN,NO CUENTA CON CAUSA ESPECIFICA
A-2022-08-115,11/08/2022,21:00,ATROPELLO,1,0,1,LIMA,BARRANCA,PATIVILCA,RURAL,CARRETERA,DEPARTAMENTAL,LM-100,-10.703448102966442,-77.78075153837675,DESPEJADO,RURAL,TRAMO RECTO,PLANA ,ASFALTADA,,,,,EN PROCESO DE INVESTIGACIÓN,NO CUENTA CON CAUSA ESPECIFICA
A-2022-08-31,12/08/2022,00:05,ATROPELLO FUGA,1,0,1,LA LIBERTAD,TRUJILLO,HUANCHACO,RURAL,CARRETERA,NACIONAL,PE-1N,-8.090622,-79.09733,DESPEJADO,RURAL,TRAMO RECTO,PLANA ,ASFALTADA,,,,,EN PROCESO DE INVESTIGACIÓN,NO CUENTA CON CAUSA ESPECIFICA
A-2022-08-237,12/08/2022,02:15,DESPISTE,1,0,1,PIURA,PIURA,PIURA,URBANA,CARRETERA,NACIONAL,PE-1N,-5.1846409851612885,-80.6489166240722,DESPEJADO,RURAL,ÓVALO,PLANA ,ASFALTADA,,,,,EN PROCESO DE INVESTIGACIÓN,NO CUENTA CON CAUSA ESPECIFICA
A-2022-08-22,12/08/2022,19:10,CHOQUE,1,1,1,SAN MARTIN,MOYOBAMBA,HABANA,RURAL,CARRETERA,NACIONAL,PE-08B,-6.0874,-77.085152,DESPEJADO,RURAL,TRAMO RECTO,PLANA ,ASFALTADA,,,,,IMPRUDENCIA DEL CONDUCTOR,OTRO (IMPRUDENCIA DEL CONDUCTOR)
A-2022-08-162,12/08/2022,19:20,CHOQUE FUGA,1,0,,LIMA,LIMA,SAN JUAN DE LURIGANCHO,URBANA,JIRÓN,URBANO,NO CORRESPONDE,-12.022577011727268,-77.00174719298468,DESPEJADO,RESIDENCIAL,INTERSECCIÓN,PLANA ,ASFALTADA,,,,,EN PROCESO DE INVESTIGACIÓN,NO CUENTA CON CAUSA ESPECIFICA
A-2022-08-214,13/08/2022,05:30,CHOQUE,1,0,4,LIMA,HUAURA,HUACHO,RURAL,CARRETERA,NACIONAL,PE-1N,-11.301694152040682,-77.49158262185176,LLUVIOSO,RURAL,TRAMO RECTO,INCLINADA,ASFALTADA,SI,REGULADORA (R),,NO,IMPRUDENCIA DEL CONDUCTOR,EXCESO DE VELOCIDAD
A-2022-08-250,13/08/2022,15:00,DESPISTE,1,3,1,LIMA,HUAURA,CHECRAS,RURAL,CARRETERA,NACIONAL,PE-18,-10.863456899971279,-76.96466261213189,DESPEJADO,RURAL,TRAMO RECTO,INCLINADA,ASFALTADA,SI,REGULADORA (R),PREVENTIVA (P),NO,IMPRUDENCIA DEL CONDUCTOR,EXCESO DE VELOCIDAD
A-2022-08-160,13/08/2022,17:15,ATROPELLO,1,0,0,LIMA,LIMA,SANTA ANITA,URBANA,CARRETERA,DEPARTAMENTAL,LM-117,-12.056117038423952,-76.96797027997064,DESPEJADO,COMERCIAL,INTERSECCIÓN,PLANA ,ASFALTADA,,,,,EN PROCESO DE INVESTIGACIÓN,NO CUENTA CON CAUSA ESPECIFICA
A-2022-08-155,13/08/2022,18:00,CHOQUE,1,3,2,LIMA,LIMA,CARABAYLLO,URBANA,AVENIDA,URBANO,NO CORRESPONDE,-11.845475508105642,-77.00080274155242,DESPEJADO,RESIDENCIAL,TRAMO RECTO,PLANA ,ASFALTADA,,,,,EN PROCESO DE INVESTIGACIÓN,NO CUENTA CON CAUSA ESPECIFICA
A-2022-08-90,13/08/2022,18:30,DESPISTE,1,1,1,APURIMAC,ANDAHUAYLAS,SAN JERONIMO,URBANA,JIRÓN,URBANO,NO CORRESPONDE,-13.652189,-73.357767,DESPEJADO,RURAL,OTRO,INCLINADA,TROCHA,,,,,IMPERICIA DEL CONDUCTOR,
A-2022-08-208,13/08/2022,18:50,ATROPELLO FUGA,1,0,,LIMA,HUAURA,VEGUETA,URBANA,CARRETERA,NACIONAL,PE-1N,-10.9432,-77.64738,DESPEJADO,COMERCIAL,TRAMO RECTO,PLANA ,ASFALTADA,SI,REGULADORA (R),PREVENTIVA (P),NO,IMPRUDENCIA DEL CONDUCTOR,CONDUCIR EN SENTIDO CONTRARIO
A-2022-08-65,13/08/2022,19:04,CHOQUE,1,0,2,LAMBAYEQUE,LAMBAYEQUE,OLMOS,RURAL,CARRETERA,NACIONAL,PE-1NJ,-5.939578,-79.759518,DESPEJADO,RURAL,TRAMO RECTO,PLANA ,ASFALTADA,,,,,EN PROCESO DE INVESTIGACIÓN,NO CUENTA CON CAUSA ESPECIFICA
A-2022-08-129,13/08/2022,21:10,ATROPELLO,1,0,1,PUNO,SAN ROMAN,SAN MIGUEL,URBANA,CARRETERA,NACIONAL,PE-34H,-15.455654366486025,-70.10072345093727,DESPEJADO,RESIDENCIAL,TRAMO RECTO,PLANA ,ASFALTADA,,,,,IMPERICIA DEL CONDUCTOR,
A-2022-08-138,14/08/2022,01:30,CHOQUE,1,2,,PIURA,PIURA,VEINTISEIS DE OCTUBRE,URBANA,AVENIDA,URBANO,NO CORRESPONDE,-5.178871,-80.653755,DESPEJADO,INDUSTRIAL,TRAMO RECTO,PLANA ,ASFALTADA,,,,,EN PROCESO DE INVESTIGACIÓN,NO CUENTA CON CAUSA ESPECIFICA
A-2022-08-12,14/08/2022,04:30,DESPISTE,1,2,1,PUNO,CHUCUITO,JULI,RURAL,CARRETERA,NACIONAL,PE-3S,-16.2509416,-69.3587262,DESPEJADO,RURAL,TRAMO RECTO,PLANA ,ASFALTADA,,,,,IMPRUDENCIA DEL CONDUCTOR,EXCESO DE VELOCIDAD
A-2022-08-161,14/08/2022,05:20,DESPISTE,1,1,2,LIMA,LIMA,CARABAYLLO,URBANA,AVENIDA,URBANO,NO CORRESPONDE,-11.893832816314674,-77.04070556329435,DESPEJADO,RESIDENCIAL,TRAMO RECTO,PLANA ,ASFALTADA,,,,,EN PROCESO DE INVESTIGACIÓN,NO CUENTA CON CAUSA ESPECIFICA
A-2022-08-158,14/08/2022,05:30,ATROPELLO,1,0,,LIMA,LIMA,VILLA EL SALVADOR,URBANA,CARRETERA,NACIONAL,PE-1S,-12.24078967457405,-76.94706750505482,DESPEJADO,INDUSTRIAL,TRAMO RECTO,PLANA ,ASFALTADA,,,,,EN PROCESO DE INVESTIGACIÓN,NO CUENTA CON CAUSA ESPECIFICA
A-2022-08-17,14/08/2022,06:00,CHOQUE FUGA,1,0,1,AREQUIPA,AREQUIPA,CERRO COLORADO,URBANA,CALLE,URBANO,NO CORRESPONDE,-16.4009968,-71.5818988,DESPEJADO,INDUSTRIAL,INTERSECCIÓN,INCLINADA,ASFALTADA,,,,,EN PROCESO DE INVESTIGACIÓN,NO CUENTA CON CAUSA ESPECIFICA
A-2022-08-66,14/08/2022,06:00,CHOQUE,1,0,2,LAMBAYEQUE,CHICLAYO,CHICLAYO,URBANA,AVENIDA,URBANO,NO CORRESPONDE,-6.768678,-79.846529,DESPEJADO,RESIDENCIAL,TRAMO RECTO,PLANA ,ASFALTADA,,,,,EN PROCESO DE INVESTIGACIÓN,NO CUENTA CON CAUSA ESPECIFICA
A-2022-08-107,14/08/2022,06:30,CHOQUE CON OBJETO FIJO,1,0,1,HUANUCO,LEONCIO PRADO,JOSE CRESPO Y CASTILLO,URBANA,AVENIDA,URBANO,NO CORRESPONDE,-8.935285156922612,-76.1189889561985,DESPEJADO,COMERCIAL,TRAMO RECTO,PLANA ,AFIRMADO,,,,,IMPRUDENCIA DEL CONDUCTOR,CONDUCIR EN ESTADO DE EBRIEDAD Y/O DROGADICCIÓN
A-2022-08-32,14/08/2022,06:30,DESPISTE,1,1,1,LA LIBERTAD,TRUJILLO,SALAVERRY,URBANA,CALLE,URBANO,NO CORRESPONDE,-8.186819,-78.985537,DESPEJADO,RESIDENCIAL,TRAMO RECTO,PLANA ,ASFALTADA,,,,,EN PROCESO DE INVESTIGACIÓN,NO CUENTA CON CAUSA ESPECIFICA
A-2022-08-11,14/08/2022,07:40,CHOQUE,1,0,2,ICA,ICA,SANTIAGO,RURAL,CARRETERA,NACIONAL,PE-1S,-14.390245,-75.601089,DESPEJADO,RURAL,TRAMO RECTO,PLANA ,ASFALTADA,,,,,IMPRUDENCIA DEL CONDUCTOR,FATIGA Y/O CANSANCIO
A-2022-08-157,14/08/2022,10:30,VOLCADURA,1,0,,LIMA,LIMA,COMAS,URBANA,AVENIDA,URBANO,NO CORRESPONDE,-11.905806423569839,-77.04292197271546,DESPEJADO,COMERCIAL,TRAMO RECTO,PLANA ,ASFALTADA,,,,,EN PROCESO DE INVESTIGACIÓN,NO CUENTA CON CAUSA ESPECIFICA