CÓDIGO SINIESTRO,FECHA SINIESTRO,HORA SINIESTRO,CLASE SINIESTRO,CANTIDAD DE FALLECIDOS,CANTIDAD DE LESIONADOS,CANTIDAD DE VEHICULOS DAÑADOS,DEPARTAMENTO,PROVINCIA,DISTRITO,ZONA,TIPO DE VÍA,RED VIAL,COD CARRETERA,COORDENADAS LATITUD,COORDENADAS  LONGITUD,CONDICIÓN CLIMÁTICA,ZONIFICACIÓN,CARACTERÍSTICAS DE VÍA,PERFIL LONGITUDINAL VÍA,SUPERFICIE DE CALZADA,¿EXISTE SEÑAL VERTICAL?,CLASIFICACIÓN DE LA SEÑAL VERTICAL Nº 1,CLASIFICACIÓN DE LA SEÑAL VERTICAL Nº 2,¿EXISTE SEÑAL HORIZONTAL?,CAUSA FACTOR PRINCIPAL,CAUSA ESPECÍFICA
A-2022-08-52,14/08/2022,11:00,DESPISTE,1,0,1,CUSCO,QUISPICANCHI,MARCAPATA,RURAL,CARRETERA,NACIONAL,PE-30C,-13.5776715,-70.9256111,DESPEJADO,RURAL,CURVA,PLANA ,ASFALTADA,SI,PREVENTIVA (P),,SI,IMPRUDENCIA DEL CONDUCTOR,EXCESO DE VELOCIDAD
A-2022-08-181,14/08/2022,12:40,CHOQUE,1,0,1,TACNA,TACNA,LA YARADA LOS PALOS,RURAL,CARRETERA,NACIONAL,PE-1SD,-18.149862,-70.443709,SOLEADO,RURAL,TRAMO RECTO,PLANA ,ASFALTADA,,,,,IMPRUDENCIA DEL CONDUCTOR,CONDUCIR EN ESTADO DE EBRIEDAD Y/O DROGADICCIÓN
A-2022-08-197,14/08/2022,15:10,DESPISTE,1,1,1,CAJAMARCA,CELENDIN,JOSE GALVEZ,RURAL,CARRETERA,NACIONAL,PE-08B,-6.94201167,-78.190175,DESPEJADO,RURAL,CURVA,PLANA ,ASFALTADA,,,,,EN PROCESO DE INVESTIGACIÓN,NO CUENTA CON CAUSA ESPECIFICA
A-2022-08-271,14/08/2022,17:00,ATROPELLO FUGA,1,0,,LORETO,MAYNAS,SAN JUAN BAUTISTA,RURAL,CARRETERA,DEPARTAMENTAL,LO-103,-4.04589102816101,-73.4377390171781,DESPEJADO,RURAL,TRAMO RECTO,PLANA ,ASFALTADA,,,,,EN PROCESO DE INVESTIGACIÓN,NO CUENTA CON CAUSA ESPECIFICA
A-2022-08-67,14/08/2022,19:00,DESPISTE,1,0,1,LAMBAYEQUE,CHICLAYO,REQUE,RURAL,CARRETERA,PROVINCIAL,LA-808,-6.840807,-79.790486,DESPEJADO,RURAL,TRAMO RECTO,PLANA ,ASFALTADA,SI,PREVENTIVA (P),,NO,EN PROCESO DE INVESTIGACIÓN,NO CUENTA CON CAUSA ESPECIFICA
A-2022-08-220,14/08/2022,19:30,DESPISTE,1,0,1,PIURA,SECHURA,SECHURA,RURAL,CARRETERA,NACIONAL,PE-1NK,-5.598874,-80.835954,DESPEJADO,RURAL,TRAMO RECTO,PLANA ,ASFALTADA,,,,,EN PROCESO DE INVESTIGACIÓN,NO CUENTA CON CAUSA ESPECIFICA
A-2022-08-188,14/08/2022,21:36,ATROPELLO,1,0,,HUANUCO,HUANUCO,HUANUCO,URBANA,JIRÓN,URBANO,NO CORRESPONDE,-9.929372,-76.242904,DESPEJADO,COMERCIAL,TRAMO RECTO,PLANA ,ASFALTADA,,,,,IMPRUDENCIA DEL PEATÓN,ESTADO DE EBRIEDAD Y/O DROGADICCIÓN
A-2022-08-159,14/08/2022,22:20,DESPISTE,1,0,,LIMA,LIMA,VILLA MARIA DEL TRIUNFO,URBANA,AVENIDA,URBANO,NO CORRESPONDE,-12.169855851935914,-76.94984814454078,DESPEJADO,RESIDENCIAL,TRAMO RECTO,PLANA ,ASFALTADA,,,,,EN PROCESO DE INVESTIGACIÓN,NO CUENTA CON CAUSA ESPECIFICA
A-2022-08-156,15/08/2022,00:20,DESPISTE,1,1,,LIMA,LIMA,MAGDALENA DEL MAR,URBANA,OTRO,URBANO,NO CORRESPONDE,-12.103737753127517,-77.0640075684988,DESPEJADO,COMERCIAL,TRAMO RECTO,PLANA ,ASFALTADA,,,,,EN PROCESO DE INVESTIGACIÓN,NO CUENTA CON CAUSA ESPECIFICA
A-2022-08-33,15/08/2022,05:30,ATROPELLO,1,0,1,LA LIBERTAD,TRUJILLO,LA ESPERANZA,URBANA,AVENIDA,URBANO,NO CORRESPONDE,-8.056401,-79.054344,DESPEJADO,COMERCIAL,TRAMO RECTO,PLANA ,ASFALTADA,,,,,EN PROCESO DE INVESTIGACIÓN,NO CUENTA CON CAUSA ESPECIFICA
A-2022-08-198,15/08/2022,06:30,DESPISTE,1,1,1,CAJAMARCA,CAJABAMBA,SITACOCHA,RURAL,CARRETERA,DEPARTAMENTAL,CA-108,-7.48149378897081,-77.9672352015196,DESPEJADO,RURAL,CURVA,PLANA ,AFIRMADO,,,,,EN PROCESO DE INVESTIGACIÓN,NO CUENTA CON CAUSA ESPECIFICA
A-2022-08-14,15/08/2022,08:05,CHOQUE,1,0,2,PUNO,EL COLLAO,PILCUYO,RURAL,CARRETERA,DEPARTAMENTAL,PU-127,-16.070020894171176,-69.50630305875613,DESPEJADO,RURAL,TRAMO RECTO,PLANA ,ASFALTADA,,,,,IMPRUDENCIA DEL CONDUCTOR,GIRAR IMPRUDENTEMENTE
A-2022-08-45,15/08/2022,15:20,CHOQUE,1,0,2,CUSCO,ANTA,LIMATAMBO,RURAL,CARRETERA,NACIONAL,PE-3S,-13.45163,-72.411301,DESPEJADO,RURAL,CURVA,INCLINADA,ASFALTADA,SI,PREVENTIVA (P),PREVENTIVA (P),SI,IMPRUDENCIA DEL CONDUCTOR,INVASIÓN DE CARRIL
A-2022-08-113,15/08/2022,18:00,DESPISTE,1,1,,MOQUEGUA,GENERAL SANCHEZ CERRO,OMATE,,CARRETERA,DEPARTAMENTAL,MO-108,-16.704679,-70.994454,,,,,,,,,,EN PROCESO DE INVESTIGACIÓN,NO CUENTA CON CAUSA ESPECIFICA
A-2022-08-21,15/08/2022,18:10,DESPISTE,1,5,1,AREQUIPA,CAYLLOMA,LLUTA,RURAL,CARRETERA,PROVINCIAL,AR-704,-16.02862355675795,-72.02268715077274,DESPEJADO,RURAL,CURVA,PLANA ,TROCHA,,,,,EN PROCESO DE INVESTIGACIÓN,NO CUENTA CON CAUSA ESPECIFICA
A-2022-08-68,15/08/2022,20:00,CHOQUE,1,0,2,LAMBAYEQUE,LAMBAYEQUE,MOCHUMI,URBANA,CARRETERA,NACIONAL,PE-1NJ,-6.541648,-79.864795,DESPEJADO,ESCOLAR,TRAMO RECTO,PLANA ,ASFALTADA,SI,REGULADORA (R),,SI,EN PROCESO DE INVESTIGACIÓN,NO CUENTA CON CAUSA ESPECIFICA
A-2022-08-16,15/08/2022,21:30,CHOQUE,1,1,1,PUNO,CHUCUITO,JULI,RURAL,CARRETERA,NACIONAL,PE-3S,-16.216189,-69.499112,DESPEJADO,RURAL,TRAMO RECTO,PLANA ,ASFALTADA,,,,,IMPRUDENCIA DEL CONDUCTOR,CONDUCIR EN ESTADO DE EBRIEDAD Y/O DROGADICCIÓN
A-2022-08-222,16/08/2022,05:00,CHOQUE,1,0,2,PIURA,PIURA,CASTILLA,RURAL,CARRETERA,DEPARTAMENTAL,PI-126,-5.105398,-80.601467,DESPEJADO,RURAL,CURVA,PLANA ,ASFALTADA,,,,,EN PROCESO DE INVESTIGACIÓN,NO CUENTA CON CAUSA ESPECIFICA
A-2022-08-178,16/08/2022,07:15,CHOQUE,1,1,,ANCASH,CASMA,CASMA,RURAL,CARRETERA,NACIONAL,PE-1N,-9.438507,-78.355124,DESPEJADO,RURAL,TRAMO RECTO,PLANA ,ASFALTADA,,,,,EN PROCESO DE INVESTIGACIÓN,NO CUENTA CON CAUSA ESPECIFICA
A-2022-08-232,16/08/2022,15:00,CHOQUE,1,1,2,LORETO,MAYNAS,SAN JUAN BAUTISTA,URBANA,CALLE,URBANO,NO CORRESPONDE,-3.7662436,-73.3045001,DESPEJADO,RURAL,TRAMO RECTO,PLANA ,ASFALTADA,,,,,IMPRUDENCIA DEL CONDUCTOR,EXCESO DE VELOCIDAD
A-2022-08-56,16/08/2022,17:50,CHOQUE,8,0,2,CUSCO,CANCHIS,MARANGANI,RURAL,CARRETERA,NACIONAL,PE-3S,-14.349936641726167,-71.1777858914201,DESPEJADO,RURAL,CURVA,PLANA ,ASFALTADA,SI,PREVENTIVA (P),,SI,IMPRUDENCIA DEL CONDUCTOR,INVASIÓN DE CARRIL
A-2022-08-231,16/08/2022,19:20,DESPISTE,1,0,1,PIURA,MORROPON,SAN JUAN DE BIGOTE,RURAL,CARRETERA,PROVINCIAL,PI-883,-5.316975,-79.749455,DESPEJADO,RURAL,TRAMO RECTO,INCLINADA,TROCHA,,,,,EN PROCESO DE INVESTIGACIÓN,NO CUENTA CON CAUSA ESPECIFICA
A-2022-08-24,16/08/2022,20:45,ATROPELLO,1,0,1,TUMBES,TUMBES,TUMBES,URBANA,CARRETERA,NACIONAL,PE-1N,-3.5561734269643166,-80.44382035685847,DESPEJADO,RESIDENCIAL,TRAMO RECTO,PLANA ,ASFALTADA,,,,,IMPRUDENCIA DEL PEATÓN,CRUCE INDEBIDO POR LA CALZADA
A-2022-08-189,16/08/2022,21:00,ATROPELLO,1,0,1,HUANUCO,HUANUCO,QUISQUI (KICHKI),RURAL,CARRETERA,NACIONAL,PE-3N,-9.921653,-76.359124,DESPEJADO,RURAL,TRAMO RECTO,PLANA ,TROCHA,,,,,IMPRUDENCIA DEL PEATÓN,ESTADO DE EBRIEDAD Y/O DROGADICCIÓN
A-2022-08-29,17/08/2022,04:40,CHOQUE,1,1,2,ICA,NASCA,NASCA,URBANA,CARRETERA,NACIONAL,PE-1S,-14.86775937553085,-74.98377710043235,DESPEJADO,COMERCIAL,TRAMO RECTO,PLANA ,ASFALTADA,,,,,EN PROCESO DE INVESTIGACIÓN,NO CUENTA CON CAUSA ESPECIFICA
A-2022-08-154,17/08/2022,06:40,CHOQUE,2,0,2,LIMA,LIMA,VILLA MARIA DEL TRIUNFO,URBANA,AVENIDA,URBANO,NO CORRESPONDE,-12.159876112195656,-76.93937276852698,DESPEJADO,COMERCIAL,INTERSECCIÓN,PLANA ,ASFALTADA,,,,,EN PROCESO DE INVESTIGACIÓN,NO CUENTA CON CAUSA ESPECIFICA
A-2022-08-35,17/08/2022,11:45,DESPISTE,1,0,1,LA LIBERTAD,VIRU,CHAO,RURAL,CARRETERA,NACIONAL,PE-1N,-8.50491,-78.688881,DESPEJADO,RURAL,TRAMO RECTO,PLANA ,ASFALTADA,,,,,IMPRUDENCIA DEL CONDUCTOR,EXCESO DE VELOCIDAD
A-2022-08-23,17/08/2022,16:30,DESPISTE,1,0,,PUNO,CHUCUITO,JULI,RURAL,CARRETERA,DEPARTAMENTAL,PU-129,-16.379705,-69.458217,DESPEJADO,RURAL,TRAMO RECTO,PLANA ,ASFALTADA,,,,,IMPRUDENCIA DEL CONDUCTOR,OTRO (IMPRUDENCIA DEL CONDUCTOR)
A-2022-08-130,17/08/2022,17:50,CHOQUE,1,3,2,PUNO,SAN ROMAN,CABANILLAS,RURAL,CARRETERA,NACIONAL,PE-34A,-15.6790683,-70.4039444,DESPEJADO,RURAL,TRAMO RECTO,PLANA ,ASFALTADA,,,,,IMPRUDENCIA DEL CONDUCTOR,EXCESO DE VELOCIDAD
A-2022-08-201,17/08/2022,20:30,DESPISTE,1,1,1,CAJAMARCA,CAJABAMBA,CACHACHI,RURAL,CARRETERA,DEPARTAMENTAL,CA-111,-7.67072728566203,-78.1956085437724,DESPEJADO,RURAL,CURVA,INCLINADA,AFIRMADO,,,,,EN PROCESO DE INVESTIGACIÓN,NO CUENTA CON CAUSA ESPECIFICA
A-2022-08-53,17/08/2022,22:20,DESPISTE,1,2,1,ICA,ICA,SALAS,URBANA,CARRETERA,NACIONAL,PE-1S,-13.934904228274034,-75.86539410116751,DESPEJADO,COMERCIAL,TRAMO RECTO,PLANA ,ASFALTADA,,,,,EN PROCESO DE INVESTIGACIÓN,NO CUENTA CON CAUSA ESPECIFICA
A-2022-08-116,18/08/2022,03:20,ATROPELLO FUGA,1,0,,LIMA,BARRANCA,SUPE PUERTO,RURAL,CARRETERA,DEPARTAMENTAL,LM-100,-10.788253249457956,-77.7418373172005,LLUVIOSO,RURAL,TRAMO RECTO,PLANA ,ASFALTADA,,,,,EN PROCESO DE INVESTIGACIÓN,NO CUENTA CON CAUSA ESPECIFICA
A-2022-08-114,18/08/2022,09:50,CHOQUE,1,0,2,PASCO,PASCO,HUARIACA,URBANA,CARRETERA,NACIONAL,PE-3N,-10.43900461819994,-76.19083504719426,DESPEJADO,COMERCIAL,SINUOSA,INCLINADA,ASFALTADA,SI,INFORMATIVA (I),,SI,EN PROCESO DE INVESTIGACIÓN,NO CUENTA CON CAUSA ESPECIFICA
A-2022-08-238,18/08/2022,13:30,DESPISTE,1,1,1,JUNIN,JAUJA,CURICACA,RURAL,CARRETERA,NACIONAL,PE-3S,-11.79082920119049,-75.6894009748328,DESPEJADO,RURAL,TRAMO RECTO,PLANA ,ASFALTADA,,,,,IMPRUDENCIA DEL CONDUCTOR,EXCESO DE VELOCIDAD
A-2022-08-96,18/08/2022,15:20,DESPISTE,1,0,1,CUSCO,CUSCO,SANTIAGO,URBANA,CALLE,URBANO,NO CORRESPONDE,-13.5556578,-71.993234,DESPEJADO,RURAL,CURVA,PLANA ,AFIRMADO,,,,,IMPRUDENCIA DEL CONDUCTOR,CONDUCIR EN ESTADO DE EBRIEDAD Y/O DROGADICCIÓN
A-2022-08-254,18/08/2022,17:15,VOLCADURA,1,0,2,JUNIN,SATIPO,SATIPO,URBANA,AVENIDA,URBANO,NO CORRESPONDE,-11.246691446130065,-74.63410193442701,DESPEJADO,COMERCIAL,INTERSECCIÓN,PLANA ,ASFALTADA,,,,,IMPRUDENCIA DEL CONDUCTOR,EXCESO DE VELOCIDAD
A-2022-08-202,18/08/2022,23:40,VOLCADURA,1,0,1,CAJAMARCA,CAJAMARCA,LOS BAÑOS DEL INCA,RURAL,CARRETERA,NACIONAL,PE-08B,-7.16498167,-78.475735,DESPEJADO,RURAL,TRAMO RECTO,PLANA ,ASFALTADA,,,,,EN PROCESO DE INVESTIGACIÓN,NO CUENTA CON CAUSA ESPECIFICA
A-2022-08-153,19/08/2022,03:40,CHOQUE,1,0,2,LIMA,LIMA,LOS OLIVOS,URBANA,AVENIDA,URBANO,NO CORRESPONDE,-11.971734808491217,-77.07560017434432,DESPEJADO,COMERCIAL,TRAMO RECTO,PLANA ,ASFALTADA,,,,,EN PROCESO DE INVESTIGACIÓN,NO CUENTA CON CAUSA ESPECIFICA
A-2022-08-58,19/08/2022,12:55,ATROPELLO,1,0,0,CUSCO,QUISPICANCHI,OCONGATE,RURAL,CARRETERA,PROVINCIAL,CU-1393,-13.6672,-71.3583,DESPEJADO,RURAL,TRAMO RECTO,PLANA ,TROCHA,,,,,EN PROCESO DE INVESTIGACIÓN,NO CUENTA CON CAUSA ESPECIFICA
A-2022-08-150,19/08/2022,15:50,CAÍDA DE PASAJERO,1,0,0,LIMA,LIMA,ATE,URBANA,CALLE,URBANO,NO CORRESPONDE,-12.030552652994869,-76.9258725420437,DESPEJADO,COMERCIAL,TRAMO RECTO,PLANA ,ASFALTADA,,,,,EN PROCESO DE INVESTIGACIÓN,NO CUENTA CON CAUSA ESPECIFICA
A-2022-08-132,20/08/2022,02:30,CHOQUE,2,0,2,PUNO,SAN ROMAN,SAN MIGUEL,RURAL,CARRETERA,NACIONAL,PE-3S,-15.4107567,-70.149596,DESPEJADO,RURAL,TRAMO RECTO,PLANA ,ASFALTADA,,,,,NEGLIGENCIA DEL CONDUCTOR,OTRO (NEGLIGENCIA DEL CONDUCTOR)
A-2022-08-131,20/08/2022,18:00,VOLCADURA,1,0,1,PUNO,SAN ROMAN,SAN MIGUEL,URBANA,CARRETERA,NACIONAL,PE-34H,-15.47996,-70.11978,DESPEJADO,COMERCIAL,INTERSECCIÓN,PLANA ,ASFALTADA,,,,,IMPRUDENCIA DEL CONDUCTOR,EXCESO DE VELOCIDAD
A-2022-08-151,20/08/2022,18:20,DESPISTE,1,0,,LIMA,LIMA,SAN JUAN DE LURIGANCHO,URBANA,AVENIDA,URBANO,NO CORRESPONDE,-11.962938955843736,-76.98168801296968,DESPEJADO,RESIDENCIAL,TRAMO RECTO,PLANA ,ASFALTADA,,,,,EN PROCESO DE INVESTIGACIÓN,NO CUENTA CON CAUSA ESPECIFICA
A-2022-08-80,20/08/2022,18:30,DESPISTE,1,1,1,ANCASH,HUARI,HUANTAR,RURAL,CARRETERA,NACIONAL,PE-14A,-9.45038473266791,-77.17980723488128,DESPEJADO,RURAL,TRAMO RECTO,PLANA ,TROCHA,,,,,EN PROCESO DE INVESTIGACIÓN,NO CUENTA CON CAUSA ESPECIFICA
A-2022-08-36,20/08/2022,20:45,ATROPELLO,1,0,1,LA LIBERTAD,CHEPEN,PACANGA,RURAL,CARRETERA,NACIONAL,PE-1N,-7.080469,-79.543838,DESPEJADO,RURAL,TRAMO RECTO,PLANA ,ASFALTADA,,,,,EN PROCESO DE INVESTIGACIÓN,NO CUENTA CON CAUSA ESPECIFICA
A-2022-08-133,21/08/2022,07:40,VOLCADURA,1,0,1,PUNO,AZANGARO,ARAPA,RURAL,CARRETERA,DEPARTAMENTAL,PU-113,-15.192898,-70.109596,DESPEJADO,RURAL,TRAMO RECTO,PLANA ,ASFALTADA,,,,,IMPRUDENCIA DEL CONDUCTOR,EXCESO DE VELOCIDAD
A-2022-08-269,21/08/2022,12:00,CHOQUE,1,2,,LORETO,MAYNAS,SAN JUAN BAUTISTA,RURAL,CARRETERA,PROVINCIAL,LO-528,-4.238342,-73.487453,DESPEJADO,RURAL,CURVA,PLANA ,ASFALTADA,,,,,IMPRUDENCIA DEL CONDUCTOR,CONDUCIR EN ESTADO DE EBRIEDAD Y/O DROGADICCIÓN
A-2022-08-204,21/08/2022,16:50,CHOQUE,1,4,2,CAJAMARCA,CAJABAMBA,CACHACHI,RURAL,CARRETERA,DEPARTAMENTAL,CA-111,-7.66647,-78.189343,DESPEJADO,RURAL,TRAMO RECTO,PLANA ,ASFALTADA,,,,,EN PROCESO DE INVESTIGACIÓN,NO CUENTA CON CAUSA ESPECIFICA
A-2022-08-152,21/08/2022,18:00,ATROPELLO FUGA,1,0,,LIMA,LIMA,LOS OLIVOS,URBANA,AVENIDA,URBANO,NO CORRESPONDE,-11.966786844074285,-77.07867906365713,DESPEJADO,RESIDENCIAL,TRAMO RECTO,PLANA ,ASFALTADA,,,,,EN PROCESO DE INVESTIGACIÓN,NO CUENTA CON CAUSA ESPECIFICA
A-2022-08-42,21/08/2022,18:10,DESPISTE,1,5,1,CUSCO,LA CONVENCION,MARANURA,RURAL,CARRETERA,DEPARTAMENTAL,CU-107,-13.00493,-72.62902,DESPEJADO,RURAL,TRAMO RECTO,INCLINADA,TROCHA,,,,,IMPRUDENCIA DEL CONDUCTOR,FATIGA Y/O CANSANCIO
A-2022-08-199,21/08/2022,19:00,ATROPELLO,1,0,1,UCAYALI,CORONEL PORTILLO,CAMPOVERDE,RURAL,CARRETERA,NACIONAL,PE-18C,-8.462914202544406,-74.79043359000752,DESPEJADO,RURAL,TRAMO RECTO,PLANA ,ASFALTADA,,,,,IMPRUDENCIA DEL PEATÓN,ESTADO DE EBRIEDAD Y/O DROGADICCIÓN
A-2022-08-78,21/08/2022,19:00,DESPISTE,4,17,1,CUSCO,LA CONVENCION,HUAYOPATA,RURAL,CARRETERA,NACIONAL,PE-28B,-13.134524372311047,-72.30551066918457,LLUVIOSO,RURAL,CURVA,INCLINADA,ASFALTADA,SI,PREVENTIVA (P),,SI,IMPRUDENCIA DEL CONDUCTOR,OTRO (IMPRUDENCIA DEL CONDUCTOR)
A-2022-08-54,21/08/2022,19:10,DESPISTE,1,0,1,ICA,ICA,PUEBLO NUEVO,URBANA,CARRETERA,NACIONAL,PE-1S,-14.123743,-75.716513,DESPEJADO,INDUSTRIAL,CURVA,PLANA ,ASFALTADA,,,,,EN PROCESO DE INVESTIGACIÓN,NO CUENTA CON CAUSA ESPECIFICA
A-2022-08-99,21/08/2022,20:30,ATROPELLO FUGA,1,0,1,LA LIBERTAD,TRUJILLO,MOCHE,RURAL,CARRETERA,NACIONAL,PE-1N,-8.172859,-78.999754,DESPEJADO,RURAL,TRAMO RECTO,PLANA ,ASFALTADA,,,,,EN PROCESO DE INVESTIGACIÓN,NO CUENTA CON CAUSA ESPECIFICA
A-2022-08-108,21/08/2022,21:30,ATROPELLO FUGA,1,0,,HUANUCO,LEONCIO PRADO,LUYANDO,URBANA,CARRETERA,NACIONAL,PE-18A,-9.236276,-75.990074,DESPEJADO,COMERCIAL,TRAMO RECTO,PLANA ,ASFALTADA,,,,,EN PROCESO DE INVESTIGACIÓN,NO CUENTA CON CAUSA ESPECIFICA
A-2022-08-38,22/08/2022,00:05,ATROPELLO FUGA,1,0,,PUNO,PUNO,PLATERIA,RURAL,CARRETERA,NACIONAL,PE-3S,-15.941423923055954,-69.8608213651606,DESPEJADO,RURAL,TRAMO RECTO,PLANA ,ASFALTADA,,,,,IMPRUDENCIA DEL CONDUCTOR,OTRO (IMPRUDENCIA DEL CONDUCTOR)
A-2022-08-179,22/08/2022,06:00,CHOQUE,1,0,,LA LIBERTAD,VIRU,GUADALUPITO,RURAL,CARRETERA,NACIONAL,PE-1N,-8.966218,-78.621979,DESPEJADO,RURAL,PUENTE,PLANA ,ASFALTADA,,,,,EN PROCESO DE INVESTIGACIÓN,NO CUENTA CON CAUSA ESPECIFICA
A-2022-08-105,22/08/2022,11:00,DESPISTE,1,0,1,HUANCAVELICA,HUANCAVELICA,YAULI,RURAL,CARRETERA,DEPARTAMENTAL,HV-112,-12.783613,-74.878034,DESPEJADO,RURAL,CURVA,PLANA ,AFIRMADO,,,,,EN PROCESO DE INVESTIGACIÓN,NO CUENTA CON CAUSA ESPECIFICA
A-2022-08-57,22/08/2022,12:30,DESPISTE,2,0,1,CUSCO,CHUMBIVILCAS,COLQUEMARCA,RURAL,CARRETERA,SIN CLASIFICAR,SIN CLASIFICAR,-14.17791178,-72.072791,DESPEJADO,RURAL,CURVA,INCLINADA,TROCHA,,,,,IMPRUDENCIA DEL CONDUCTOR,CONDUCIR EN ESTADO DE EBRIEDAD Y/O DROGADICCIÓN
A-2022-08-49,22/08/2022,15:50,CHOQUE,1,1,2,LA LIBERTAD,VIRU,VIRU,RURAL,CARRETERA,NACIONAL,PE-1N,-8.364427,-78.870685,DESPEJADO,RURAL,TRAMO RECTO,PLANA ,ASFALTADA,,,,,IMPRUDENCIA DEL CONDUCTOR,INVASIÓN DE CARRIL
A-2022-08-255,22/08/2022,17:45,CHOQUE,1,1,2,ICA,CHINCHA,ALTO LARAN,RURAL,CARRETERA,PROVINCIAL,IC-514,-13.453583,-76.086533,DESPEJADO,RURAL,CURVA,PLANA ,ASFALTADA,,,,,EN PROCESO DE INVESTIGACIÓN,NO CUENTA CON CAUSA ESPECIFICA
A-2022-08-55,22/08/2022,19:00,CHOQUE,1,3,2,ICA,NASCA,MARCONA,URBANA,CARRETERA,NACIONAL,PE-30,-15.294279,-75.129566,DESPEJADO,RURAL,TRAMO RECTO,PLANA ,ASFALTADA,,,,,EN PROCESO DE INVESTIGACIÓN,NO CUENTA CON CAUSA ESPECIFICA
A-2022-08-257,22/08/2022,20:35,CHOQUE,1,0,2,ICA,CHINCHA,PUEBLO NUEVO,URBANA,CARRETERA,DEPARTAMENTAL,IC-100,-13.401391490523105,-76.12882723875794,DESPEJADO,RESIDENCIAL,INTERSECCIÓN,PLANA ,ASFALTADA,,,,,IMPRUDENCIA DEL CONDUCTOR,OTRO (IMPRUDENCIA DEL CONDUCTOR)
A-2022-08-39,22/08/2022,21:40,CHOQUE,1,0,,PUNO,CHUCUITO,DESAGUADERO,RURAL,CARRETERA,NACIONAL,PE-36A,-16.592826040394534,-69.07447273556632,DESPEJADO,RURAL,TRAMO RECTO,PLANA ,ASFALTADA,,,,,IMPRUDENCIA DEL CONDUCTOR,VEHÍCULO MAL ESTACIONADO
A-2022-08-212,23/08/2022,08:00,VOLCADURA,1,0,1,CALLAO,CALLAO,VENTANILLA,URBANA,AVENIDA,URBANO,NO CORRESPONDE,-11.9198928,-77.132012817,DESPEJADO,INDUSTRIAL,TRAMO RECTO,PLANA ,ASFALTADA,SI,REGULADORA (R),INFORMATIVA (I),SI,IMPRUDENCIA DEL CONDUCTOR,EXCESO DE VELOCIDAD
A-2022-08-60,23/08/2022,11:30,CHOQUE,3,3,4,AREQUIPA,AREQUIPA,UCHUMAYO,RURAL,CARRETERA,NACIONAL,PE-34A,-16.430772,-71.69295,SOLEADO,RURAL,TRAMO RECTO,PLANA ,ASFALTADA,NO,,,SI,EN PROCESO DE INVESTIGACIÓN,NO CUENTA CON CAUSA ESPECIFICA
A-2022-08-134,23/08/2022,12:00,CHOQUE,1,0,2,PUNO,MELGAR,ORURILLO,URBANA,CARRETERA,PROVINCIAL,PU-647,-14.71019465391884,-70.53411479331245,DESPEJADO,RURAL,TRAMO RECTO,PLANA ,TROCHA,,,,,IMPRUDENCIA DEL CONDUCTOR,INVASIÓN DE CARRIL
A-2022-08-149,23/08/2022,13:10,CHOQUE,1,0,1,LIMA,LIMA,EL AGUSTINO,URBANA,CARRETERA,NACIONAL,PE-1N,-12.03010121507606,-77.00158913661262,DESPEJADO,COMERCIAL,TRAMO RECTO,PLANA ,ASFALTADA,,,,,EN PROCESO DE INVESTIGACIÓN,NO CUENTA CON CAUSA ESPECIFICA
A-2022-08-71,23/08/2022,18:40,CHOQUE,1,0,2,AREQUIPA,AREQUIPA,VITOR,RURAL,CARRETERA,NACIONAL,PE-1S,-16.481673,-71.902491,DESPEJADO,RURAL,TRAMO RECTO,PLANA ,ASFALTADA,SI,REGULADORA (R),,SI,EN PROCESO DE INVESTIGACIÓN,NO CUENTA CON CAUSA ESPECIFICA
A-2022-08-50,23/08/2022,19:45,ATROPELLO,1,0,1,LA LIBERTAD,CHEPEN,PACANGA,RURAL,CARRETERA,NACIONAL,PE-1N,-7.153337,-79.447408,DESPEJADO,RURAL,TRAMO RECTO,PLANA ,ASFALTADA,,,,,IMPRUDENCIA DEL CONDUCTOR,OTRO (IMPRUDENCIA DEL CONDUCTOR)
A-2022-08-91,24/08/2022,06:40,CHOQUE,3,4,2,APURIMAC,CHINCHEROS,OCOBAMBA,RURAL,CARRETERA,DEPARTAMENTAL,AP-102,-13.53668,-73.505308,DESPEJADO,RURAL,CURVA,INCLINADA,AFIRMADO,,,,,IMPRUDENCIA DEL CONDUCTOR,EXCESO DE VELOCIDAD
A-2022-08-259,24/08/2022,18:30,CHOQUE,2,0,2,JUNIN,SATIPO,SATIPO,RURAL,CARRETERA,NACIONAL,PE-5S,-11.236908688363787,-74.59163535621825,DESPEJADO,RURAL,TRAMO RECTO,PLANA ,ASFALTADA,,,,,IMPRUDENCIA DEL CONDUCTOR,EXCESO DE VELOCIDAD
A-2022-08-223,24/08/2022,19:00,ATROPELLO,1,0,1,PIURA,MORROPON,BUENOS AIRES,RURAL,CARRETERA,NACIONAL,PE-02A,-5.244092,-79.983219,DESPEJADO,RURAL,TRAMO RECTO,PLANA ,ASFALTADA,,,,,EN PROCESO DE INVESTIGACIÓN,NO CUENTA CON CAUSA ESPECIFICA