CÓDIGO SINIESTRO,FECHA SINIESTRO,HORA SINIESTRO,CLASE SINIESTRO,CANTIDAD DE FALLECIDOS,CANTIDAD DE LESIONADOS,CANTIDAD DE VEHICULOS DAÑADOS,DEPARTAMENTO,PROVINCIA,DISTRITO,ZONA,TIPO DE VÍA,RED VIAL,COD CARRETERA,COORDENADAS LATITUD,COORDENADAS  LONGITUD,CONDICIÓN CLIMÁTICA,ZONIFICACIÓN,CARACTERÍSTICAS DE VÍA,PERFIL LONGITUDINAL VÍA,SUPERFICIE DE CALZADA,¿EXISTE SEÑAL VERTICAL?,CLASIFICACIÓN DE LA SEÑAL VERTICAL Nº 1,CLASIFICACIÓN DE LA SEÑAL VERTICAL Nº 2,¿EXISTE SEÑAL HORIZONTAL?,CAUSA FACTOR PRINCIPAL,CAUSA ESPECÍFICA
A-2022-09-171,04/09/2022,18:40,CHOQUE,3,0,2,AMAZONAS,UTCUBAMBA,JAMALCA,RURAL,CARRETERA,NACIONAL,PE-5N,-5.819257,-78.2851812,DESPEJADO,RURAL,TRAMO RECTO,PLANA ,ASFALTADA,,,,,EN PROCESO DE INVESTIGACIÓN,NO CUENTA CON CAUSA ESPECIFICA
A-2022-09-252,04/09/2022,19:00,DESPISTE,1,1,1,ICA,CHINCHA,CHINCHA BAJA,RURAL,CARRETERA,NACIONAL,PE-1SE,-13.516056,-76.183805,DESPEJADO,RURAL,TRAMO RECTO,PLANA ,ASFALTADA,,,,,IMPRUDENCIA DEL CONDUCTOR,EXCESO DE VELOCIDAD
A-2022-09-34,04/09/2022,20:00,CHOQUE,1,0,2,LA LIBERTAD,PACASMAYO,SAN PEDRO DE LLOC,RURAL,CARRETERA,NACIONAL,PE-1N,-7.418508,-79.503362,DESPEJADO,RURAL,INTERSECCIÓN,PLANA ,ASFALTADA,,,,,EN PROCESO DE INVESTIGACIÓN,NO CUENTA CON CAUSA ESPECIFICA
A-2022-09-46,04/09/2022,20:20,ATROPELLO,1,0,1,ANCASH,CARHUAZ,ANTA,URBANA,CARRETERA,NACIONAL,PE-3N,-9.362727629586127,-77.5948208322117,DESPEJADO,RURAL,TRAMO RECTO,PLANA ,ASFALTADA,,,,,IMPRUDENCIA DEL PEATÓN,ESTADO DE EBRIEDAD Y/O DROGADICCIÓN
A-2022-09-35,04/09/2022,23:30,DESPISTE,1,0,1,LA LIBERTAD,TRUJILLO,LAREDO,URBANA,CALLE,URBANO,NO CORRESPONDE,-8.061977475218953,-78.97489307159272,DESPEJADO,ESCOLAR,INTERSECCIÓN,PLANA ,ASFALTADA,,,,,EN PROCESO DE INVESTIGACIÓN,NO CUENTA CON CAUSA ESPECIFICA
A-2022-09-21,05/09/2022,06:36,CHOQUE,1,1,2,CUSCO,CHUMBIVILCAS,CHAMACA,RURAL,CARRETERA,PROVINCIAL,CU-1916,-14.419722,-72.013707,DESPEJADO,RURAL,CURVA,INCLINADA,AFIRMADO,SI,PREVENTIVA (P),PREVENTIVA (P),NO,NEGLIGENCIA DEL CONDUCTOR,OTRO (NEGLIGENCIA DEL CONDUCTOR)
A-2022-09-154,05/09/2022,11:00,DESPISTE,1,0,1,LIMA,LIMA,COMAS,URBANA,AVENIDA,URBANO,NO CORRESPONDE,-11.926374,-77.04708,DESPEJADO,RESIDENCIAL,TRAMO RECTO,PLANA ,ASFALTADA,,,,,EN PROCESO DE INVESTIGACIÓN,NO CUENTA CON CAUSA ESPECIFICA
A-2022-09-164,05/09/2022,11:15,DESPISTE,1,1,,TACNA,TACNA,PALCA,RURAL,CARRETERA,NACIONAL,PE-40,-17.720346,-69.85268,DESPEJADO,RURAL,CURVA,INCLINADA,ASFALTADA,,,,,IMPRUDENCIA DEL CONDUCTOR,CONDUCIR EN ESTADO DE EBRIEDAD Y/O DROGADICCIÓN
A-2022-09-36,05/09/2022,12:45,DESPISTE,1,2,1,LA LIBERTAD,ASCOPE,ASCOPE,RURAL,CARRETERA,DEPARTAMENTAL,LI-101,-7.739665,-79.11756,DESPEJADO,RURAL,TRAMO RECTO,PLANA ,ASFALTADA,,,,,EN PROCESO DE INVESTIGACIÓN,NO CUENTA CON CAUSA ESPECIFICA
A-2022-09-224,05/09/2022,15:30,CHOQUE,1,1,,PIURA,PIURA,CATACAOS,RURAL,CARRETERA,NACIONAL,PE-1NK,-5.291043,-80.694731,DESPEJADO,RURAL,TRAMO RECTO,PLANA ,ASFALTADA,,,,,EN PROCESO DE INVESTIGACIÓN,NO CUENTA CON CAUSA ESPECIFICA
A-2022-09-243,05/09/2022,22:00,CHOQUE,1,0,2,PIURA,PIURA,LAS LOMAS,RURAL,CARRETERA,NACIONAL,PE-1NL,-4.635888944321333,-80.21608463004686,DESPEJADO,RURAL,TRAMO RECTO,PLANA ,ASFALTADA,,,,,IMPRUDENCIA DEL CONDUCTOR,OTRO (IMPRUDENCIA DEL CONDUCTOR)
A-2022-09-29,05/09/2022,22:50,ATROPELLO FUGA,1,0,0,ICA,PISCO,SAN ANDRES,URBANA,CARRETERA,NACIONAL,PE-1SB,-13.712419582998914,-76.16259411098763,DESPEJADO,COMERCIAL,TRAMO RECTO,PLANA ,ASFALTADA,,,,,EN PROCESO DE INVESTIGACIÓN,NO CUENTA CON CAUSA ESPECIFICA
A-2022-09-234,06/09/2022,04:00,ATROPELLO FUGA,1,0,,CUSCO,ANTA,ANCAHUASI,RURAL,CARRETERA,NACIONAL,PE-3S,-13.461588,-72.289324,DESPEJADO,RURAL,TRAMO RECTO,PLANA ,ASFALTADA,NO,,,SI,EN PROCESO DE INVESTIGACIÓN,NO CUENTA CON CAUSA ESPECIFICA
A-2022-09-37,06/09/2022,05:15,CHOQUE,1,5,2,LA LIBERTAD,SANCHEZ CARRION,HUAMACHUCO,RURAL,CARRETERA,NACIONAL,PE-3N,-7.797149,-77.979515,DESPEJADO,RURAL,TRAMO RECTO,PLANA ,ASFALTADA,,,,,IMPRUDENCIA DEL CONDUCTOR,GIRAR IMPRUDENTEMENTE
A-2022-09-245,06/09/2022,07:29,CHOQUE,1,0,2,PIURA,PAITA,COLAN,RURAL,CARRETERA,DEPARTAMENTAL,PI-101,-4.8803047272721045,-81.02488877386406,DESPEJADO,RURAL,CURVA,PLANA ,ASFALTADA,,,,,EN PROCESO DE INVESTIGACIÓN,NO CUENTA CON CAUSA ESPECIFICA
A-2022-09-38,06/09/2022,11:00,CHOQUE,1,0,2,AREQUIPA,AREQUIPA,UCHUMAYO,RURAL,CARRETERA,NACIONAL,PE-34A,-16.4480264906928,-71.6963396678696,DESPEJADO,RURAL,TRAMO RECTO,PLANA ,ASFALTADA,NO,,,SI,EN PROCESO DE INVESTIGACIÓN,NO CUENTA CON CAUSA ESPECIFICA
A-2022-09-30,06/09/2022,17:00,CHOQUE,1,0,2,ICA,ICA,SALAS,URBANA,CARRETERA,NACIONAL,PE-1S,-13.932476501803674,-75.90137908551644,DESPEJADO,RURAL,TRAMO RECTO,PLANA ,ASFALTADA,SI,INFORMATIVA (I),,NO,EN PROCESO DE INVESTIGACIÓN,NO CUENTA CON CAUSA ESPECIFICA
A-2022-09-11,06/09/2022,18:30,ATROPELLO,1,0,,PUNO,CHUCUITO,ZEPITA,RURAL,CARRETERA,NACIONAL,PE-3S,-16.420344386832223,-69.17697611976979,DESPEJADO,RURAL,TRAMO RECTO,PLANA ,ASFALTADA,,,,,IMPRUDENCIA DEL PEATÓN,CRUCE INDEBIDO POR LA CALZADA
A-2022-09-90,06/09/2022,19:25,ATROPELLO,1,0,1,LAMBAYEQUE,CHICLAYO,CHICLAYO,URBANA,CARRETERA,PROVINCIAL,LA-816,-6.774435,-79.827557,DESPEJADO,RURAL,TRAMO RECTO,PLANA ,ASFALTADA,,,,,EN PROCESO DE INVESTIGACIÓN,NO CUENTA CON CAUSA ESPECIFICA
A-2022-09-192,07/09/2022,12:10,DESPISTE,3,4,1,CAJAMARCA,HUALGAYOC,BAMBAMARCA,URBANA,CARRETERA,NACIONAL,PE-3NB,-6.81184833,-78.52093,DESPEJADO,RESIDENCIAL,TRAMO RECTO,PLANA ,AFIRMADO,,,,,EN PROCESO DE INVESTIGACIÓN,NO CUENTA CON CAUSA ESPECIFICA
A-2022-09-254,07/09/2022,12:30,ATROPELLO,1,0,1,ICA,CHINCHA,CHINCHA BAJA,URBANA,CARRETERA,NACIONAL,PE-1SE,-13.52451224,-76.18294515,DESPEJADO,RESIDENCIAL,TRAMO RECTO,PLANA ,ASFALTADA,,,,,IMPRUDENCIA DEL CONDUCTOR,OTRO (IMPRUDENCIA DEL CONDUCTOR)
A-2022-09-253,07/09/2022,15:15,DESPISTE,1,6,2,ICA,CHINCHA,GROCIO PRADO,RURAL,CARRETERA,NACIONAL,PE-1S,-13.37090848,-76.21061733,DESPEJADO,RURAL,TRAMO RECTO,PLANA ,ASFALTADA,,,,,IMPRUDENCIA DEL CONDUCTOR,INVASIÓN DE CARRIL
A-2022-09-244,07/09/2022,18:00,ATROPELLO,1,0,1,PIURA,PIURA,TAMBO GRANDE,RURAL,CARRETERA,NACIONAL,PE-1NU,-4.937904985516145,-80.34658990521181,DESPEJADO,RURAL,TRAMO RECTO,PLANA ,ASFALTADA,,,,,EN PROCESO DE INVESTIGACIÓN,NO CUENTA CON CAUSA ESPECIFICA
A-2022-09-94,07/09/2022,19:20,ATROPELLO,1,0,1,LAMBAYEQUE,LAMBAYEQUE,MOTUPE,RURAL,CARRETERA,NACIONAL,PE-1NJ,-6.1622747,-79.6995453,DESPEJADO,RURAL,TRAMO RECTO,PLANA ,ASFALTADA,,,,,EN PROCESO DE INVESTIGACIÓN,NO CUENTA CON CAUSA ESPECIFICA
A-2022-09-91,08/09/2022,04:50,ATROPELLO FUGA,1,0,0,LAMBAYEQUE,CHICLAYO,MONSEFU,URBANA,CARRETERA,NACIONAL,PE-1N,-6.8525446,-79.826536,DESPEJADO,RESIDENCIAL,TRAMO RECTO,PLANA ,ASFALTADA,SI,PREVENTIVA (P),PREVENTIVA (P),NO,EN PROCESO DE INVESTIGACIÓN,NO CUENTA CON CAUSA ESPECIFICA
A-2022-09-153,08/09/2022,05:00,CHOQUE CON OBJETO FIJO,1,0,,LIMA,LIMA,SANTIAGO DE SURCO,URBANA,CARRETERA,NACIONAL,PE-1S,-12.145132657141879,-76.98188781738283,DESPEJADO,COMERCIAL,TRAMO RECTO,PLANA ,ASFALTADA,,,,,EN PROCESO DE INVESTIGACIÓN,NO CUENTA CON CAUSA ESPECIFICA
A-2022-10-212,08/09/2022,06:00,CHOQUE,1,0,,LORETO,MAYNAS,SAN JUAN BAUTISTA,RURAL,CARRETERA,DEPARTAMENTAL,LO-103,-4.24693489640324,-73.4936109331865,DESPEJADO,RURAL,TRAMO RECTO,PLANA ,ASFALTADA,,,,,EN PROCESO DE INVESTIGACIÓN,NO CUENTA CON CAUSA ESPECIFICA
A-2022-09-152,08/09/2022,08:30,CAÍDA DE PASAJERO,1,0,,LIMA,LIMA,VILLA EL SALVADOR,URBANA,AVENIDA,URBANO,NO CORRESPONDE,-12.220176056972232,-76.93040657050007,DESPEJADO,COMERCIAL,TRAMO RECTO,PLANA ,ASFALTADA,,,,,EN PROCESO DE INVESTIGACIÓN,NO CUENTA CON CAUSA ESPECIFICA
A-2022-09-42,08/09/2022,11:40,CHOQUE,1,1,2,LA LIBERTAD,PACASMAYO,GUADALUPE,URBANA,CARRETERA,PROVINCIAL,LI-508,-7.23794,-79.468746,DESPEJADO,COMERCIAL,TRAMO RECTO,PLANA ,ASFALTADA,,,,,EN PROCESO DE INVESTIGACIÓN,NO CUENTA CON CAUSA ESPECIFICA
A-2022-09-13,08/09/2022,19:30,ATROPELLO FUGA,1,0,,PUNO,PUNO,PUNO,URBANA,AVENIDA,URBANO,NO CORRESPONDE,-15.852219,-70.015328,DESPEJADO,RURAL,TRAMO RECTO,PLANA ,ASFALTADA,,,,,IMPRUDENCIA DEL CONDUCTOR,OTRO (IMPRUDENCIA DEL CONDUCTOR)
A-2022-09-44,08/09/2022,20:20,ATROPELLO,1,0,1,LA LIBERTAD,VIRU,VIRU,RURAL,CARRETERA,NACIONAL,PE-1N,-8.361588718090237,-78.87269059512508,DESPEJADO,RURAL,TRAMO RECTO,PLANA ,ASFALTADA,,,,,EN PROCESO DE INVESTIGACIÓN,NO CUENTA CON CAUSA ESPECIFICA
A-2022-09-45,08/09/2022,22:30,CHOQUE,1,0,2,LA LIBERTAD,TRUJILLO,TRUJILLO,URBANA,JIRÓN,URBANO,NO CORRESPONDE,-8.112046,-79.031226,DESPEJADO,COMERCIAL,INTERSECCIÓN,PLANA ,ASFALTADA,,,,,EN PROCESO DE INVESTIGACIÓN,NO CUENTA CON CAUSA ESPECIFICA
A-2022-09-18,09/09/2022,01:20,CHOQUE,1,0,1,TUMBES,TUMBES,TUMBES,RURAL,CARRETERA,NACIONAL,PE-1N,-3.546450350732249,-80.39683026628057,DESPEJADO,RURAL,TRAMO RECTO,PLANA ,ASFALTADA,SI,PREVENTIVA (P),,NO,IMPRUDENCIA DEL CONDUCTOR,EXCESO DE VELOCIDAD
A-2022-09-151,09/09/2022,04:20,ATROPELLO,1,0,,LIMA,LIMA,VILLA EL SALVADOR,URBANA,AVENIDA,URBANO,NO CORRESPONDE,-12.233369129098184,-76.94168413314078,DESPEJADO,COMERCIAL,INTERSECCIÓN,PLANA ,ASFALTADA,,,,,EN PROCESO DE INVESTIGACIÓN,NO CUENTA CON CAUSA ESPECIFICA
A-2022-09-39,09/09/2022,06:15,DESPISTE,1,0,1,AREQUIPA,AREQUIPA,UCHUMAYO,RURAL,CARRETERA,NACIONAL,PE-34A,-16.4473730886001,-71.6987912068164,DESPEJADO,RURAL,CURVA,INCLINADA,ASFALTADA,NO,,,SI,EN PROCESO DE INVESTIGACIÓN,NO CUENTA CON CAUSA ESPECIFICA
A-2022-09-100,09/09/2022,06:40,DESPISTE,1,4,1,CUSCO,CHUMBIVILCAS,COLQUEMARCA,RURAL,CARRETERA,PROVINCIAL,CU-1535,-14.19716441,-72.0473002,DESPEJADO,RURAL,TRAMO RECTO,PLANA ,TROCHA,,,,,IMPRUDENCIA DEL CONDUCTOR,EXCESO DE VELOCIDAD
A-2022-09-186,09/09/2022,08:00,DESPISTE,3,0,,LIMA,CAJATAMBO,HUANCAPON,RURAL,CARRETERA,NACIONAL,PE-16A,-10.463511,-77.098645,DESPEJADO,RURAL,SINUOSA,INCLINADA,TROCHA,,,,,EN PROCESO DE INVESTIGACIÓN,NO CUENTA CON CAUSA ESPECIFICA
A-2022-09-219,09/09/2022,08:40,ATROPELLO,1,0,,CAJAMARCA,CAJAMARCA,CAJAMARCA,RURAL,CARRETERA,NACIONAL,PE-3N,-7.1889496,-78.472057,,,,,,,,,,EN PROCESO DE INVESTIGACIÓN,NO CUENTA CON CAUSA ESPECIFICA
A-2022-09-40,09/09/2022,08:50,ATROPELLO,1,0,1,AREQUIPA,AREQUIPA,LA JOYA,RURAL,CARRETERA,NACIONAL,PE-1S,-16.643654,-71.8715585,DESPEJADO,RURAL,OTRO,PLANA ,TROCHA,,,,,EN PROCESO DE INVESTIGACIÓN,NO CUENTA CON CAUSA ESPECIFICA
A-2022-09-92,09/09/2022,18:50,ATROPELLO,1,1,1,LAMBAYEQUE,CHICLAYO,CHICLAYO,URBANA,CARRETERA,NACIONAL,PE-1N,-6.767848,-79.872157,DESPEJADO,RESIDENCIAL,TRAMO RECTO,PLANA ,ASFALTADA,,,,,EN PROCESO DE INVESTIGACIÓN,NO CUENTA CON CAUSA ESPECIFICA
A-2022-09-217,09/09/2022,22:00,CHOQUE,2,0,,AMAZONAS,LUYA,SAN JERONIMO,RURAL,CARRETERA,NACIONAL,PE-5N,-5.9214044,-78.1221324,SOLEADO,RURAL,TRAMO RECTO,PLANA ,ASFALTADA,,,,,EN PROCESO DE INVESTIGACIÓN,NO CUENTA CON CAUSA ESPECIFICA
A-2022-09-49,09/09/2022,22:30,CHOQUE,1,0,2,TUMBES,TUMBES,TUMBES,RURAL,CARRETERA,DEPARTAMENTAL,TU-103,-3.5331077251061815,-80.3779871480488,DESPEJADO,RURAL,TRAMO RECTO,PLANA ,ASFALTADA,,,,,IMPRUDENCIA DEL CONDUCTOR,CONDUCIR EN ESTADO DE EBRIEDAD Y/O DROGADICCIÓN
A-2022-09-274,10/09/2022,01:20,CHOQUE,1,0,,LIMA,LIMA,CARABAYLLO,URBANA,AVENIDA,URBANO,NO CORRESPONDE,-11.88510591,-77.02328814,DESPEJADO,COMERCIAL,SINUOSA,INCLINADA,ASFALTADA,,,,,EN PROCESO DE INVESTIGACIÓN,NO CUENTA CON CAUSA ESPECIFICA
A-2022-09-174,10/09/2022,05:30,CHOQUE,1,0,1,CAJAMARCA,CAJAMARCA,CAJAMARCA,URBANA,CARRETERA,NACIONAL,PE-3N,-7.18324759955135,-78.480325900348,DESPEJADO,RESIDENCIAL,TRAMO RECTO,PLANA ,ASFALTADA,,,,,EN PROCESO DE INVESTIGACIÓN,NO CUENTA CON CAUSA ESPECIFICA
A-2022-09-175,10/09/2022,06:00,DESPISTE,1,3,1,CAJAMARCA,CELENDIN,JOSE GALVEZ,RURAL,CARRETERA,NACIONAL,PE-08B,-6.941962,-78.190139,DESPEJADO,RURAL,CURVA,PLANA ,ASFALTADA,,,,,EN PROCESO DE INVESTIGACIÓN,NO CUENTA CON CAUSA ESPECIFICA
A-2022-09-232,10/09/2022,07:35,CHOQUE,1,2,,JUNIN,TARMA,LA UNION,RURAL,CARRETERA,NACIONAL,PE-3N,-11.37485093259026,-75.88154385098277,DESPEJADO,RURAL,TRAMO RECTO,PLANA ,ASFALTADA,NO,,,SI,IMPRUDENCIA DEL CONDUCTOR,GIRAR IMPRUDENTEMENTE
A-2022-09-221,10/09/2022,16:00,ATROPELLO,1,0,1,HUANUCO,HUANUCO,CHURUBAMBA,RURAL,CARRETERA,NACIONAL,PE-18A,-9.8394522753849,-76.1236411880271,DESPEJADO,RURAL,PASE A DESNIVEL,INCLINADA,ASFALTADA,,,,,IMPRUDENCIA DEL PEATÓN,CRUCE INDEBIDO POR LA CALZADA
A-2022-09-172,10/09/2022,17:15,CHOQUE,1,2,2,LAMBAYEQUE,LAMBAYEQUE,OLMOS,RURAL,CARRETERA,NACIONAL,PE-1N,-6.3143388,-80.2453331,DESPEJADO,RURAL,TRAMO RECTO,PLANA ,ASFALTADA,,,,,EN PROCESO DE INVESTIGACIÓN,NO CUENTA CON CAUSA ESPECIFICA
A-2022-09-82,10/09/2022,17:56,CHOQUE,5,0,2,CUSCO,PAUCARTAMBO,COLQUEPATA,RURAL,CARRETERA,DEPARTAMENTAL,CU-113,-13.4165393,-71.6327733,DESPEJADO,RURAL,TRAMO RECTO,PLANA ,ASFALTADA,,,,,IMPRUDENCIA DEL CONDUCTOR,FATIGA Y/O CANSANCIO
A-2022-09-210,10/09/2022,18:00,ATROPELLO,1,1,1,PIURA,MORROPON,SALITRAL,RURAL,CARRETERA,NACIONAL,PE-02A,-5.435089,-79.767511,DESPEJADO,RURAL,TRAMO RECTO,PLANA ,ASFALTADA,,,,,EN PROCESO DE INVESTIGACIÓN,NO CUENTA CON CAUSA ESPECIFICA
A-2022-09-185,10/09/2022,18:45,CHOQUE FUGA,1,0,2,UCAYALI,CORONEL PORTILLO,YARINACOCHA,RURAL,JIRÓN,URBANO,NO CORRESPONDE,-8.353281,-74.583656,DESPEJADO,RURAL,CURVA,INCLINADA,CONCRETO,SI,PREVENTIVA (P),REGULADORA (R),NO,EN PROCESO DE INVESTIGACIÓN,NO CUENTA CON CAUSA ESPECIFICA
A-2022-09-255,10/09/2022,20:30,ATROPELLO,2,0,1,ICA,CHINCHA,EL CARMEN,RURAL,CARRETERA,NACIONAL,PE-1SE,-13.57847387,-76.17195543,DESPEJADO,RURAL,TRAMO RECTO,PLANA ,ASFALTADA,,,,,EN PROCESO DE INVESTIGACIÓN,NO CUENTA CON CAUSA ESPECIFICA
A-2022-09-176,11/09/2022,00:35,CHOQUE CON OBJETO FIJO,1,0,1,CAJAMARCA,CAJABAMBA,CAJABAMBA,URBANA,CARRETERA,NACIONAL,PE-3N,-7.61436643,-78.05144613,DESPEJADO,RESIDENCIAL,TRAMO RECTO,PLANA ,ASFALTADA,,,,,EN PROCESO DE INVESTIGACIÓN,NO CUENTA CON CAUSA ESPECIFICA
A-2022-09-209,11/09/2022,01:30,CAÍDA DE PASAJERO,1,0,,PIURA,PIURA,PIURA,RURAL,CARRETERA,PROVINCIAL,PI-984,-5.05968220593445,-80.6306377877767,DESPEJADO,RURAL,TRAMO RECTO,PLANA ,ASFALTADA,,,,,EN PROCESO DE INVESTIGACIÓN,NO CUENTA CON CAUSA ESPECIFICA
A-2022-09-258,11/09/2022,05:45,CHOQUE,1,0,2,ICA,CHINCHA,EL CARMEN,RURAL,CARRETERA,NACIONAL,PE-1SE,-13.59524097,-76.1658727273,DESPEJADO,RURAL,TRAMO RECTO,PLANA ,ASFALTADA,,,,,IMPRUDENCIA DEL CONDUCTOR,INVASIÓN DE CARRIL
A-2022-09-41,11/09/2022,06:50,CHOQUE,5,7,2,AREQUIPA,CAYLLOMA,SAN ANTONIO DE CHUCA,RURAL,CARRETERA,NACIONAL,PE-34J,-15.7111933,-71.0532133,DESPEJADO,RURAL,CURVA,PLANA ,ASFALTADA,,,,,EN PROCESO DE INVESTIGACIÓN,NO CUENTA CON CAUSA ESPECIFICA
A-2022-09-240,11/09/2022,09:20,DESPISTE,1,1,1,HUANCAVELICA,HUANCAVELICA,ACORIA,RURAL,CARRETERA,PROVINCIAL,HV-764,-12.615141,-74.706235,SOLEADO,RURAL,TRAMO RECTO,PLANA ,TROCHA,,,,,IMPRUDENCIA DEL CONDUCTOR,FATIGA Y/O CANSANCIO
A-2022-09-241,11/09/2022,15:40,DESPISTE,2,3,1,HUANCAVELICA,CASTROVIRREYNA,SAN JUAN,RURAL,CARRETERA,NACIONAL,PE-26,-13.239866,-75.6172,DESPEJADO,RURAL,TRAMO RECTO,PLANA ,TROCHA,,,,,IMPRUDENCIA DEL CONDUCTOR,FATIGA Y/O CANSANCIO
A-2022-09-165,11/09/2022,19:35,ATROPELLO FUGA,2,0,,TACNA,TACNA,TACNA,URBANA,AVENIDA,URBANO,NO CORRESPONDE,-18.029989,-70.270627,DESPEJADO,ESCOLAR,TRAMO RECTO,PLANA ,ASFALTADA,,,,,EN PROCESO DE INVESTIGACIÓN,NO CUENTA CON CAUSA ESPECIFICA
A-2022-09-66,11/09/2022,23:34,CHOQUE,1,0,,CUSCO,CANAS,KUNTURKANKI,RURAL,CARRETERA,NACIONAL,PE-34F,-14.547866,-71.297084,,,,,,,,,,EN PROCESO DE INVESTIGACIÓN,NO CUENTA CON CAUSA ESPECIFICA
A-2022-09-150,12/09/2022,03:40,DESPISTE,1,1,1,LIMA,LIMA,LURIGANCHO,URBANA,CARRETERA,PROVINCIAL,LM-711,-11.955,-76.936241,DESPEJADO,RURAL,CURVA,INCLINADA,TROCHA,,,,,EN PROCESO DE INVESTIGACIÓN,NO CUENTA CON CAUSA ESPECIFICA
A-2022-09-107,12/09/2022,08:45,ATROPELLO,1,0,0,LAMBAYEQUE,CHICLAYO,PIMENTEL,URBANA,CARRETERA,NACIONAL,PE-1N,-6.770169,-79.875999,DESPEJADO,RESIDENCIAL,TRAMO RECTO,PLANA ,ASFALTADA,,,,,EN PROCESO DE INVESTIGACIÓN,NO CUENTA CON CAUSA ESPECIFICA
A-2022-09-53,12/09/2022,11:30,ATROPELLO FUGA,1,0,,AREQUIPA,AREQUIPA,AREQUIPA,URBANA,CALLE,URBANO,NO CORRESPONDE,-16.406090488618368,-71.52999839264429,DESPEJADO,RESIDENCIAL,TRAMO RECTO,PLANA ,ASFALTADA,NO,,,SI,EN PROCESO DE INVESTIGACIÓN,NO CUENTA CON CAUSA ESPECIFICA
A-2022-09-106,12/09/2022,12:00,ESPECIAL,1,0,0,LAMBAYEQUE,CHICLAYO,SAÑA,RURAL,CARRETERA,PROVINCIAL,LA-817,-6.95035,-79.577458,DESPEJADO,RURAL,TRAMO RECTO,PLANA ,TROCHA,,,,,EN PROCESO DE INVESTIGACIÓN,NO CUENTA CON CAUSA ESPECIFICA
A-2022-09-184,12/09/2022,17:00,CHOQUE,1,0,,AYACUCHO,HUANTA,SIVIA,URBANA,CARRETERA,NACIONAL,PE-28H,-12.51206576,-73.85891497,DESPEJADO,RURAL,TRAMO RECTO,PLANA ,ASFALTADA,,,,,IMPRUDENCIA DEL CONDUCTOR,OTRO (IMPRUDENCIA DEL CONDUCTOR)
A-2022-09-47,12/09/2022,20:20,ATROPELLO,1,0,1,LA LIBERTAD,TRUJILLO,HUANCHACO,RURAL,CARRETERA,NACIONAL,PE-1N,-7.987828,-79.076388,DESPEJADO,INDUSTRIAL,TRAMO RECTO,PLANA ,ASFALTADA,,,,,EN PROCESO DE INVESTIGACIÓN,NO CUENTA CON CAUSA ESPECIFICA
A-2022-09-86,13/09/2022,13:24,CHOQUE,1,0,2,CUSCO,ESPINAR,PALLPATA,RURAL,CARRETERA,NACIONAL,PE-3SG,-14.880277,-71.216049,SOLEADO,RURAL,CURVA,PLANA ,ASFALTADA,,,,,IMPRUDENCIA DEL CONDUCTOR,EXCESO DE VELOCIDAD
A-2022-09-180,13/09/2022,15:10,ATROPELLO,1,0,1,LIMA,LIMA,LIMA,URBANA,AVENIDA,URBANO,NO CORRESPONDE,-12.0354463,-77.0640444,DESPEJADO,COMERCIAL,TRAMO RECTO,PLANA ,ASFALTADA,,,,,IMPRUDENCIA DEL CONDUCTOR,OTRO (IMPRUDENCIA DEL CONDUCTOR)
A-2022-09-76,13/09/2022,18:30,CHOQUE,1,2,2,ANCASH,CARHUAZ,TINCO,RURAL,CARRETERA,NACIONAL,PE-3N,-9.272423427454905,-77.65352364408837,DESPEJADO,RURAL,CURVA,INCLINADA,ASFALTADA,,,,,IMPRUDENCIA DEL CONDUCTOR,ADELANTAR INDEBIDAMENTE
A-2022-09-207,13/09/2022,21:40,DESPISTE,1,1,,LIMA,LIMA,VILLA EL SALVADOR,URBANA,AVENIDA,URBANO,NO CORRESPONDE,-12.210523826851903,-76.9609990769496,DESPEJADO,COMERCIAL,TRAMO RECTO,PLANA ,ASFALTADA,,,,,EN PROCESO DE INVESTIGACIÓN,NO CUENTA CON CAUSA ESPECIFICA
A-2022-09-159,14/09/2022,01:00,DESPISTE,2,1,,ANCASH,SANTA,MORO,RURAL,CARRETERA,DEPARTAMENTAL,AN-104,-9.10332433757847,-78.06845025203265,DESPEJADO,RURAL,SINUOSA,INCLINADA,TROCHA,,,,,EN PROCESO DE INVESTIGACIÓN,NO CUENTA CON CAUSA ESPECIFICA
A-2022-09-43,14/09/2022,05:38,ATROPELLO,1,0,1,SAN MARTIN,MOYOBAMBA,JEPELACIO,RURAL,CARRETERA,NACIONAL,PE-5N,-6.166125,-76.835254,DESPEJADO,RURAL,TRAMO RECTO,PLANA ,CONCRETO,,,,,IMPRUDENCIA DEL PEATÓN,OTRO (IMPRUDENCIA DEL PEATÓN)
A-2022-09-56,14/09/2022,08:00,CHOQUE CON OBJETO FIJO,1,0,,AREQUIPA,AREQUIPA,LA JOYA,URBANA,OTRO,URBANO,NO CORRESPONDE,-16.430721,-71.831583,DESPEJADO,RURAL,OTRO,INCLINADA,CONCRETO,,,,,EN PROCESO DE INVESTIGACIÓN,NO CUENTA CON CAUSA ESPECIFICA
A-2022-09-146,14/09/2022,12:00,DESPISTE,2,0,1,LIMA,OYON,OYON,RURAL,CARRETERA,NACIONAL,PE-18,-10.688409322162903,-76.73704985468738,DESPEJADO,RURAL,CURVA,INCLINADA,CONCRETO,,,,,IMPERICIA DEL CONDUCTOR,