CÓDIGO SINIESTRO,FECHA SINIESTRO,HORA SINIESTRO,CLASE SINIESTRO,CANTIDAD DE FALLECIDOS,CANTIDAD DE LESIONADOS,CANTIDAD DE VEHICULOS DAÑADOS,DEPARTAMENTO,PROVINCIA,DISTRITO,ZONA,TIPO DE VÍA,RED VIAL,COD CARRETERA,COORDENADAS LATITUD,COORDENADAS  LONGITUD,CONDICIÓN CLIMÁTICA,ZONIFICACIÓN,CARACTERÍSTICAS DE VÍA,PERFIL LONGITUDINAL VÍA,SUPERFICIE DE CALZADA,¿EXISTE SEÑAL VERTICAL?,CLASIFICACIÓN DE LA SEÑAL VERTICAL Nº 1,CLASIFICACIÓN DE LA SEÑAL VERTICAL Nº 2,¿EXISTE SEÑAL HORIZONTAL?,CAUSA FACTOR PRINCIPAL,CAUSA ESPECÍFICA
A-2022-09-103,25/09/2022,00:00,DESPISTE,1,0,1,ICA,ICA,SUBTANJALLA,URBANA,CARRETERA,NACIONAL,PE-1S,-14.007825733795688,-75.76587204272653,DESPEJADO,COMERCIAL,TRAMO RECTO,PLANA ,ASFALTADA,,,,,EN PROCESO DE INVESTIGACIÓN,NO CUENTA CON CAUSA ESPECIFICA
A-2022-09-198,25/09/2022,00:00,ATROPELLO,1,0,,LIMA,LIMA,LURIGANCHO,RURAL,CARRETERA,NACIONAL,PE-22,-12.02054195933565,-76.92034182449075,DESPEJADO,INDUSTRIAL,CURVA,PLANA ,ASFALTADA,,,,,EN PROCESO DE INVESTIGACIÓN,NO CUENTA CON CAUSA ESPECIFICA
A-2022-09-97,25/09/2022,03:07,ATROPELLO,1,0,1,AREQUIPA,AREQUIPA,CERRO COLORADO,URBANA,CARRETERA,NACIONAL,PE-34A,-16.340941,-71.587464,DESPEJADO,RESIDENCIAL,INTERSECCIÓN,PLANA ,ASFALTADA,NO,,,SI,EN PROCESO DE INVESTIGACIÓN,NO CUENTA CON CAUSA ESPECIFICA
A-2022-09-104,25/09/2022,03:10,ATROPELLO FUGA,1,0,1,LAMBAYEQUE,LAMBAYEQUE,MOTUPE,URBANA,CARRETERA,NACIONAL,PE-1NJ,-6.264661,-79.734632,DESPEJADO,RURAL,TRAMO RECTO,PLANA ,ASFALTADA,,,,,EN PROCESO DE INVESTIGACIÓN,NO CUENTA CON CAUSA ESPECIFICA
A-2022-09-134,25/09/2022,05:20,ATROPELLO FUGA,1,0,1,LA LIBERTAD,VIRU,VIRU,RURAL,CARRETERA,NACIONAL,PE-1N,-8.439653,-78.756004,DESPEJADO,RURAL,TRAMO RECTO,PLANA ,ASFALTADA,,,,,EN PROCESO DE INVESTIGACIÓN,NO CUENTA CON CAUSA ESPECIFICA
A-2022-09-183,25/09/2022,07:30,DESPISTE,4,1,,AYACUCHO,HUANTA,CHACA,RURAL,CARRETERA,DEPARTAMENTAL,AY-100,-12.801767339137706,-74.24660320779432,DESPEJADO,RURAL,SINUOSA,INCLINADA,TROCHA,,,,,IMPRUDENCIA DEL CONDUCTOR,FATIGA Y/O CANSANCIO
A-2022-09-236,25/09/2022,07:30,CHOQUE,4,1,2,CUSCO,ESPINAR,OCORURO,RURAL,CARRETERA,NACIONAL,PE-34J,-15.134830209200096,-71.11232130724382,DESPEJADO,RURAL,CURVA,INCLINADA,ASFALTADA,SI,PREVENTIVA (P),,SI,IMPRUDENCIA DEL CONDUCTOR,INVASIÓN DE CARRIL
A-2022-09-189,25/09/2022,08:30,DESPISTE,5,11,1,CAJAMARCA,CAJAMARCA,JESUS,RURAL,CARRETERA,PROVINCIAL,CA-1482,-7.297293,-78.332581,DESPEJADO,RURAL,CURVA,INCLINADA,AFIRMADO,,,,,EN PROCESO DE INVESTIGACIÓN,NO CUENTA CON CAUSA ESPECIFICA
A-2022-09-120,25/09/2022,10:40,DESPISTE,4,0,1,ANCASH,SIHUAS,QUICHES,RURAL,OTRO,URBANO,NO CORRESPONDE,-8.395739861175327,-77.49095499538745,NUBLADO,RURAL,CURVA,INCLINADA,TROCHA,,,,,IMPRUDENCIA DEL CONDUCTOR,CONDUCIR EN ESTADO DE EBRIEDAD Y/O DROGADICCIÓN
A-2022-09-233,25/09/2022,18:25,CHOQUE,1,1,,LORETO,MAYNAS,SAN JUAN BAUTISTA,URBANA,CALLE,URBANO,NO CORRESPONDE,-3.78787421518962,-73.2990271409315,DESPEJADO,RURAL,TRAMO RECTO,PLANA ,ASFALTADA,,,,,IMPRUDENCIA DEL CONDUCTOR,INVASIÓN DE CARRIL
A-2022-09-135,25/09/2022,20:00,CHOQUE,1,0,2,LA LIBERTAD,CHEPEN,CHEPEN,RURAL,CARRETERA,NACIONAL,PE-1N,-7.225261,-79.441864,DESPEJADO,RURAL,TRAMO RECTO,PLANA ,ASFALTADA,,,,,EN PROCESO DE INVESTIGACIÓN,NO CUENTA CON CAUSA ESPECIFICA
A-2022-09-199,25/09/2022,20:30,ATROPELLO,1,0,,LIMA,LIMA,CARABAYLLO,URBANA,AVENIDA,URBANO,NO CORRESPONDE,-11.890279917189588,-77.02667528780582,DESPEJADO,COMERCIAL,TRAMO RECTO,PLANA ,ASFALTADA,,,,,EN PROCESO DE INVESTIGACIÓN,NO CUENTA CON CAUSA ESPECIFICA
A-2022-09-149,25/09/2022,21:00,ATROPELLO,1,0,1,PUNO,AZANGARO,SAMAN,RURAL,CARRETERA,NACIONAL,PE-34H,-15.2986737,-70.0041685,DESPEJADO,RURAL,CURVA,PLANA ,ASFALTADA,,,,,IMPRUDENCIA DEL PEATÓN,CRUCE INDEBIDO POR LA CALZADA
A-2022-09-197,25/09/2022,23:20,ATROPELLO FUGA,1,0,,LIMA,LIMA,SAN MARTIN DE PORRES,URBANA,CARRETERA,NACIONAL,PE-1N,-12.03096,-77.056493,DESPEJADO,COMERCIAL,TRAMO RECTO,PLANA ,ASFALTADA,,,,,EN PROCESO DE INVESTIGACIÓN,NO CUENTA CON CAUSA ESPECIFICA
A-2022-09-123,25/09/2022,23:30,ATROPELLO FUGA,1,0,,CUSCO,ANTA,ANCAHUASI,RURAL,CARRETERA,NACIONAL,PE-3S,-13.443094,-72.3258691,DESPEJADO,RURAL,TRAMO RECTO,PLANA ,ASFALTADA,NO,,,NO,IMPRUDENCIA DEL CONDUCTOR,OTRO (IMPRUDENCIA DEL CONDUCTOR)
A-2022-09-235,25/09/2022,23:30,CHOQUE,1,0,2,CUSCO,CHUMBIVILCAS,COLQUEMARCA,RURAL,CARRETERA,DEPARTAMENTAL,CU-119,-14.309519670541135,-72.03555956055767,DESPEJADO,RURAL,TRAMO RECTO,INCLINADA,ASFALTADA,SI,PREVENTIVA (P),,SI,IMPRUDENCIA DEL CONDUCTOR,CONDUCIR EN ESTADO DE EBRIEDAD Y/O DROGADICCIÓN
A-2022-09-212,25/09/2022,23:40,CHOQUE,1,0,2,PIURA,PIURA,CATACAOS,RURAL,CARRETERA,NACIONAL,PE-1N,-5.230762,-80.649735,DESPEJADO,RURAL,TRAMO RECTO,PLANA ,ASFALTADA,,,,,EN PROCESO DE INVESTIGACIÓN,NO CUENTA CON CAUSA ESPECIFICA
A-2022-09-196,26/09/2022,02:45,CHOQUE,1,2,,LIMA,LIMA,LOS OLIVOS,URBANA,AVENIDA,URBANO,NO CORRESPONDE,-11.991499397351815,-77.07698281958683,,,,,,,,,,EN PROCESO DE INVESTIGACIÓN,NO CUENTA CON CAUSA ESPECIFICA
A-2022-09-128,26/09/2022,18:10,ATROPELLO,1,0,1,CUSCO,CUSCO,SAN JERONIMO,URBANA,CARRETERA,PROVINCIAL,CU-1297,-13.55073574501743,-71.89623168881086,DESPEJADO,INDUSTRIAL,CURVA,PLANA ,TROCHA,,,,,EN PROCESO DE INVESTIGACIÓN,NO CUENTA CON CAUSA ESPECIFICA
A-2022-09-195,26/09/2022,18:30,ATROPELLO,1,0,,LIMA,LIMA,LOS OLIVOS,URBANA,CARRETERA,NACIONAL,PE-1N,-11.937325489263406,-77.07183834107147,DESPEJADO,COMERCIAL,TRAMO RECTO,PLANA ,ASFALTADA,,,,,EN PROCESO DE INVESTIGACIÓN,NO CUENTA CON CAUSA ESPECIFICA
A-2022-09-214,26/09/2022,18:30,DESPISTE,1,0,,CAJAMARCA,CUTERVO,SOCOTA,RURAL,CARRETERA,PROVINCIAL,CA-807,-6.309768,-78.731268,SOLEADO,RURAL,TRAMO RECTO,INCLINADA,AFIRMADO,,,,,EN PROCESO DE INVESTIGACIÓN,NO CUENTA CON CAUSA ESPECIFICA
A-2022-09-264,26/09/2022,19:05,ATROPELLO,1,0,,JUNIN,CHANCHAMAYO,CHANCHAMAYO,URBANA,CARRETERA,NACIONAL,PE-22B,-11.055139408393439,-75.32507095194653,SOLEADO,COMERCIAL,INTERSECCIÓN,PLANA ,ASFALTADA,,,,,IMPRUDENCIA DEL CONDUCTOR,EXCESO DE VELOCIDAD
A-2022-09-111,26/09/2022,20:20,CHOQUE CON OBJETO FIJO,1,3,1,PUNO,EL COLLAO,ILAVE,RURAL,CARRETERA,PROVINCIAL,PU-1161,-16.023256,-69.46735,DESPEJADO,RURAL,CURVA,PLANA ,ASFALTADA,,,,,IMPRUDENCIA DEL CONDUCTOR,CONDUCIR EN ESTADO DE EBRIEDAD Y/O DROGADICCIÓN
A-2022-09-268,27/09/2022,07:00,CHOQUE,1,1,2,TACNA,TARATA,TARATA,RURAL,CARRETERA,NACIONAL,PE-38,-17.486377064836503,-70.03535122740591,DESPEJADO,RURAL,CURVA,INCLINADA,ASFALTADA,,,,,IMPRUDENCIA DEL CONDUCTOR,EXCESO DE VELOCIDAD
A-2022-09-121,27/09/2022,08:25,DESPISTE,2,2,1,ANCASH,SIHUAS,SIHUAS,RURAL,CARRETERA,NACIONAL,PE-12A,-8.554169556512898,-77.63231125198146,DESPEJADO,RURAL,CURVA,PLANA ,ASFALTADA,,,,,EN PROCESO DE INVESTIGACIÓN,NO CUENTA CON CAUSA ESPECIFICA
A-2022-09-122,27/09/2022,19:00,DESPISTE,3,10,1,CUSCO,CALCA,LARES,RURAL,CARRETERA,PROVINCIAL,CU-709,-13.022108,-72.021209,DESPEJADO,RURAL,CURVA,PLANA ,TROCHA,,,,,NEGLIGENCIA DEL CONDUCTOR,CONDUCIR CON FALLAS DE FRENOS
A-2022-09-170,27/09/2022,21:15,CHOQUE,1,1,2,AMAZONAS,BAGUA,BAGUA,URBANA,AVENIDA,URBANO,NO CORRESPONDE,-5.6423699,-78.5289435,DESPEJADO,RESIDENCIAL,TRAMO RECTO,PLANA ,ASFALTADA,,,,,EN PROCESO DE INVESTIGACIÓN,NO CUENTA CON CAUSA ESPECIFICA
A-2022-09-270,28/09/2022,02:00,DESPISTE,3,0,1,LIMA,CAJATAMBO,CAJATAMBO,RURAL,CARRETERA,NACIONAL,PE-16A,-10.539394113562087,-76.9222783487711,DESPEJADO,RURAL,CURVA,PLANA ,AFIRMADO,,,,,IMPRUDENCIA DEL CONDUCTOR,FATIGA Y/O CANSANCIO
A-2022-09-108,28/09/2022,08:20,ATROPELLO,1,2,1,LAMBAYEQUE,CHICLAYO,LA VICTORIA,URBANA,CARRETERA,NACIONAL,PE-1N,-6.800802,-79.85263,DESPEJADO,RESIDENCIAL,TRAMO RECTO,PLANA ,ASFALTADA,,,,,EN PROCESO DE INVESTIGACIÓN,NO CUENTA CON CAUSA ESPECIFICA
A-2022-09-125,28/09/2022,12:15,DESPISTE,1,2,1,CUSCO,PAUCARTAMBO,COLQUEPATA,RURAL,CARRETERA,PROVINCIAL,CU-1051,-13.384018988587554,-71.67242819947957,DESPEJADO,RURAL,CURVA,INCLINADA,TROCHA,,,,,IMPRUDENCIA DEL CONDUCTOR,EXCESO DE VELOCIDAD
A-2022-09-162,28/09/2022,12:40,CHOQUE,1,0,,ANCASH,SANTA,NUEVO CHIMBOTE,URBANA,AVENIDA,URBANO,NO CORRESPONDE,-9.116871945416634,-78.53996729874962,DESPEJADO,COMERCIAL,INTERSECCIÓN,PLANA ,ASFALTADA,,,,,IMPRUDENCIA DEL CONDUCTOR,EXCESO DE VELOCIDAD
A-2022-09-126,28/09/2022,13:30,DESPISTE,1,2,1,ANCASH,HUARI,HUARI,RURAL,CARRETERA,SIN CLASIFICAR,SIN CLASIFICAR,-9.350030592725405,-77.18241985849733,NUBLADO,RURAL,TRAMO RECTO,INCLINADA,CONCRETO,,,,,EN PROCESO DE INVESTIGACIÓN,NO CUENTA CON CAUSA ESPECIFICA
A-2022-09-265,28/09/2022,14:20,CHOQUE,1,2,,PASCO,OXAPAMPA,CHONTABAMBA,RURAL,CARRETERA,DEPARTAMENTAL,PA-106,-10.603233521241323,-75.41952227157061,SOLEADO,RURAL,CURVA,PLANA ,ASFALTADA,NO,,,SI,IMPRUDENCIA DEL CONDUCTOR,OTRO (IMPRUDENCIA DEL CONDUCTOR)
A-2022-09-112,28/09/2022,18:30,CHOQUE FUGA,1,0,2,PUNO,EL COLLAO,ILAVE,RURAL,CARRETERA,NACIONAL,PE-3S,-16.0746542,-69.6659172,DESPEJADO,RURAL,TRAMO RECTO,PLANA ,ASFALTADA,,,,,IMPRUDENCIA DEL CONDUCTOR,EXCESO DE VELOCIDAD
A-2022-09-227,28/09/2022,19:30,DESPISTE,1,0,1,HUANUCO,HUANUCO,SANTA MARIA DEL VALLE,RURAL,CARRETERA,NACIONAL,PE-18A,-9.880419524313712,-76.19139227887348,DESPEJADO,RURAL,TRAMO RECTO,PLANA ,AFIRMADO,,,,,IMPRUDENCIA DEL CONDUCTOR,EXCESO DE VELOCIDAD
A-2022-09-260,28/09/2022,20:40,CHOQUE,1,1,,LORETO,MAYNAS,SAN JUAN BAUTISTA,URBANA,CARRETERA,DEPARTAMENTAL,LO-103,-3.7779235,-73.2921401,DESPEJADO,COMERCIAL,TRAMO RECTO,PLANA ,ASFALTADA,,,,,IMPRUDENCIA DEL CONDUCTOR,ADELANTAR INDEBIDAMENTE
A-2022-09-191,29/09/2022,03:10,DESPISTE,1,3,1,CAJAMARCA,CAJAMARCA,CAJAMARCA,URBANA,CARRETERA,NACIONAL,PE-08,-7.145457,-78.517004,DESPEJADO,RESIDENCIAL,CURVA,PLANA ,ASFALTADA,SI,PREVENTIVA (P),REGULADORA (R),SI,EN PROCESO DE INVESTIGACIÓN,NO CUENTA CON CAUSA ESPECIFICA
A-2022-09-118,29/09/2022,05:29,VOLCADURA,4,15,1,CUSCO,QUISPICANCHI,QUIQUIJANA,RURAL,CARRETERA,NACIONAL,PE-3S,-13.779691,-71.5721246,DESPEJADO,RURAL,CURVA,PLANA ,ASFALTADA,,,,,IMPRUDENCIA DEL CONDUCTOR,EXCESO DE VELOCIDAD
A-2022-09-127,29/09/2022,12:30,DESPISTE,5,12,1,CUSCO,QUISPICANCHI,URCOS,RURAL,CARRETERA,NACIONAL,PE-30C,-13.682981,-71.601747,DESPEJADO,RURAL,CURVA,INCLINADA,ASFALTADA,SI,PREVENTIVA (P),PREVENTIVA (P),NO,IMPRUDENCIA DEL CONDUCTOR,EXCESO DE VELOCIDAD
A-2022-09-269,30/09/2022,00:45,CHOQUE,1,0,2,TACNA,JORGE BASADRE,ITE,RURAL,CARRETERA,NACIONAL,PE-1SD,-17.89004252231127,-70.97987672251102,DESPEJADO,RURAL,TRAMO RECTO,PLANA ,ASFALTADA,,,,,IMPRUDENCIA DEL CONDUCTOR,EXCESO DE VELOCIDAD
A-2022-09-266,30/09/2022,02:00,DESPISTE,1,0,1,TACNA,TACNA,TACNA,URBANA,AVENIDA,URBANO,NO CORRESPONDE,-18.01749141925637,-70.25418869431164,DESPEJADO,COMERCIAL,TRAMO RECTO,PLANA ,ASFALTADA,,,,,IMPRUDENCIA DEL CONDUCTOR,CONDUCIR EN ESTADO DE EBRIEDAD Y/O DROGADICCIÓN
A-2022-09-194,30/09/2022,05:25,CHOQUE,3,0,2,CAJAMARCA,JAEN,POMAHUACA,RURAL,CARRETERA,NACIONAL,PE-3N,-5.927889,-79.301348,DESPEJADO,RURAL,CURVA,INCLINADA,ASFALTADA,NO,,,SI,EN PROCESO DE INVESTIGACIÓN,NO CUENTA CON CAUSA ESPECIFICA
A-2022-09-262,30/09/2022,18:50,ATROPELLO,1,0,1,ICA,CHINCHA,CHINCHA BAJA,RURAL,CARRETERA,NACIONAL,PE-1SE,-13.4971638773255,-76.1402541059521,DESPEJADO,RURAL,TRAMO RECTO,PLANA ,ASFALTADA,,,,,EN PROCESO DE INVESTIGACIÓN,NO CUENTA CON CAUSA ESPECIFICA
A-2022-10-146,01/10/2022,04:30,CHOQUE,1,1,,LIMA,LIMA,CIENEGUILLA,RURAL,AVENIDA,URBANO,NO CORRESPONDE,-12.127822656610041,-76.82059050697266,SOLEADO,RURAL,TRAMO RECTO,PLANA ,ASFALTADA,,,,,EN PROCESO DE INVESTIGACIÓN,NO CUENTA CON CAUSA ESPECIFICA
A-2022-10-175,01/10/2022,04:30,ATROPELLO FUGA,1,0,1,PIURA,SECHURA,VICE,RURAL,CARRETERA,NACIONAL,PE-1NK,-5.487949563690543,-80.82341722911619,DESPEJADO,RURAL,TRAMO RECTO,PLANA ,ASFALTADA,,,,,IMPRUDENCIA DEL PEATÓN,ESTADO DE EBRIEDAD Y/O DROGADICCIÓN
A-2022-10-124,01/10/2022,05:00,CHOQUE,1,1,,LIMA,BARRANCA,PATIVILCA,RURAL,CARRETERA,NACIONAL,PE-16A,-10.66644,-77.736418,DESPEJADO,RURAL,TRAMO RECTO,PLANA ,ASFALTADA,,,,,EN PROCESO DE INVESTIGACIÓN,NO CUENTA CON CAUSA ESPECIFICA
A-2022-10-200,01/10/2022,11:00,CHOQUE,1,7,2,JUNIN,CHANCHAMAYO,PICHANAQUI,RURAL,CARRETERA,NACIONAL,PE-5S,-10.93326927284781,-74.86730365543939,DESPEJADO,RURAL,TRAMO RECTO,PLANA ,ASFALTADA,,,,,IMPRUDENCIA DEL CONDUCTOR,EXCESO DE VELOCIDAD
A-2022-10-3,01/10/2022,11:20,ATROPELLO,1,0,1,ICA,ICA,SALAS,URBANA,CARRETERA,NACIONAL,PE-1S,-14.000404,-75.76811,SOLEADO,RESIDENCIAL,TRAMO RECTO,PLANA ,ASFALTADA,,,,,EN PROCESO DE INVESTIGACIÓN,NO CUENTA CON CAUSA ESPECIFICA
A-2022-10-198,01/10/2022,11:40,DESPISTE,3,2,1,ICA,CHINCHA,TAMBO DE MORA,RURAL,CARRETERA,NACIONAL,PE-1SE,-13.42019236,-76.18764161,DESPEJADO,RURAL,TRAMO RECTO,PLANA ,ASFALTADA,,,,,IMPRUDENCIA DEL CONDUCTOR,FATIGA Y/O CANSANCIO
A-2022-10-202,01/10/2022,11:40,CHOQUE,1,0,,JUNIN,SATIPO,SATIPO,RURAL,CARRETERA,NACIONAL,PE-24A,-11.261780753678373,-74.6378720284313,DESPEJADO,RURAL,TRAMO RECTO,PLANA ,CONCRETO,,,,,IMPRUDENCIA DEL CONDUCTOR,INVASIÓN DE CARRIL
A-2022-10-13,01/10/2022,21:09,ATROPELLO,1,0,1,AREQUIPA,AREQUIPA,MIRAFLORES,URBANA,CALLE,URBANO,NO CORRESPONDE,-16.398576,-71.519627,DESPEJADO,COMERCIAL,TRAMO RECTO,PLANA ,ASFALTADA,,,,,EN PROCESO DE INVESTIGACIÓN,NO CUENTA CON CAUSA ESPECIFICA
A-2022-10-158,02/10/2022,09:30,ATROPELLO,1,0,1,PIURA,PIURA,PIURA,URBANA,AVENIDA,URBANO,NO CORRESPONDE,-5.18377,-80.631468,DESPEJADO,COMERCIAL,TRAMO RECTO,PLANA ,ASFALTADA,,,,,IMPRUDENCIA DEL PEATÓN,OTRO (IMPRUDENCIA DEL PEATÓN)
A-2022-10-61,02/10/2022,09:50,ATROPELLO,1,0,1,LA LIBERTAD,ASCOPE,CHICAMA,RURAL,CARRETERA,NACIONAL,PE-1NF,-7.832513,-79.149217,DESPEJADO,RURAL,TRAMO RECTO,PLANA ,AFIRMADO,,,,,EN PROCESO DE INVESTIGACIÓN,NO CUENTA CON CAUSA ESPECIFICA
A-2022-10-4,02/10/2022,14:00,CHOQUE,1,0,2,ICA,NASCA,NASCA,URBANA,CARRETERA,NACIONAL,PE-1S,-14.987139011804674,-74.99568299838792,SOLEADO,COMERCIAL,CURVA,PLANA ,ASFALTADA,,,,,EN PROCESO DE INVESTIGACIÓN,NO CUENTA CON CAUSA ESPECIFICA
A-2022-10-176,02/10/2022,15:45,VOLCADURA,1,1,,JUNIN,HUANCAYO,CULLHUAS,RURAL,CARRETERA,NACIONAL,PE-3S,-12.2073,-75.173784,DESPEJADO,RURAL,CURVA,INCLINADA,ASFALTADA,NO,,,SI,IMPRUDENCIA DEL CONDUCTOR,OTRO (IMPRUDENCIA DEL CONDUCTOR)
A-2022-10-219,02/10/2022,18:00,DESPISTE,1,4,1,HUANCAVELICA,CHURCAMPA,LOCROJA,RURAL,CARRETERA,PROVINCIAL,HV-730,-12.703873,-74.436193,DESPEJADO,RURAL,CURVA,INCLINADA,AFIRMADO,SI,PREVENTIVA (P),REGULADORA (R),NO,IMPRUDENCIA DEL CONDUCTOR,EXCESO DE VELOCIDAD
A-2022-10-100,02/10/2022,19:00,DESPISTE,1,0,1,LAMBAYEQUE,CHICLAYO,PICSI,RURAL,CARRETERA,NACIONAL,PE-06A,-6.7411976,-79.7161823,DESPEJADO,RURAL,CURVA,PLANA ,ASFALTADA,,,,,EN PROCESO DE INVESTIGACIÓN,NO CUENTA CON CAUSA ESPECIFICA
A-2022-10-62,02/10/2022,19:30,CHOQUE,1,33,2,LA LIBERTAD,ASCOPE,CHICAMA,RURAL,CARRETERA,NACIONAL,PE-1NF,-7.832145,-79.149068,DESPEJADO,RURAL,TRAMO RECTO,PLANA ,ASFALTADA,,,,,IMPRUDENCIA DEL CONDUCTOR,NO ESTABLECER EL DERECHO DE PASO
A-2022-10-16,02/10/2022,21:30,ATROPELLO,1,0,,CUSCO,LA CONVENCION,MARANURA,RURAL,CARRETERA,NACIONAL,PE-28B,-12.9563698,-72.6736112,DESPEJADO,RURAL,TRAMO RECTO,PLANA ,ASFALTADA,,,,,IMPRUDENCIA DEL CONDUCTOR,EXCESO DE VELOCIDAD
A-2022-10-144,03/10/2022,07:30,ATROPELLO,1,0,,LIMA,LIMA,CHORRILLOS,URBANA,AVENIDA,URBANO,NO CORRESPONDE,-12.182793437982793,-76.99984942508037,DESPEJADO,COMERCIAL,TRAMO RECTO,PLANA ,ASFALTADA,,,,,EN PROCESO DE INVESTIGACIÓN,NO CUENTA CON CAUSA ESPECIFICA
A-2022-10-68,03/10/2022,12:00,ATROPELLO,1,0,1,LA LIBERTAD,TRUJILLO,TRUJILLO,URBANA,AVENIDA,URBANO,NO CORRESPONDE,-8.129605,-79.021337,DESPEJADO,COMERCIAL,TRAMO RECTO,PLANA ,ASFALTADA,,,,,IMPRUDENCIA DEL PEATÓN,ESTADO DE EBRIEDAD Y/O DROGADICCIÓN
A-2022-10-41,03/10/2022,15:00,CHOQUE,1,1,2,PASCO,PASCO,YANACANCHA,URBANA,CARRETERA,NACIONAL,PE-3N,-10.542373862227407,-76.18979912470938,DESPEJADO,RURAL,TRAMO RECTO,PLANA ,ASFALTADA,,,,,EN PROCESO DE INVESTIGACIÓN,NO CUENTA CON CAUSA ESPECIFICA
A-2022-10-7,03/10/2022,15:40,ATROPELLO FUGA,1,0,1,TUMBES,ZARUMILLA,MATAPALO,RURAL,CARRETERA,DEPARTAMENTAL,TU-101,-3.678658379346804,-80.19644125789904,DESPEJADO,RURAL,CURVA,INCLINADA,ASFALTADA,,,,,EN PROCESO DE INVESTIGACIÓN,NO CUENTA CON CAUSA ESPECIFICA
A-2022-10-143,03/10/2022,16:00,DESPISTE,1,0,,LIMA,LIMA,PUNTA HERMOSA,URBANA,CARRETERA,NACIONAL,PE-1S,-12.3317711172414,-76.8210779708697,,,,,,,,,,EN PROCESO DE INVESTIGACIÓN,NO CUENTA CON CAUSA ESPECIFICA
A-2022-10-14,03/10/2022,16:08,DESPISTE,1,0,1,AREQUIPA,CAYLLOMA,CALLALLI,URBANA,AVENIDA,URBANO,NO CORRESPONDE,-15.504957,-71.436949,DESPEJADO,RESIDENCIAL,CURVA,INCLINADA,EMPEDRADO,,,,,EN PROCESO DE INVESTIGACIÓN,NO CUENTA CON CAUSA ESPECIFICA
A-2022-10-5,03/10/2022,19:20,CHOQUE,3,4,4,ICA,PISCO,HUMAY,RURAL,CARRETERA,NACIONAL,PE-28A,-13.728955,-75.910783,DESPEJADO,RURAL,TRAMO RECTO,PLANA ,ASFALTADA,,,,,EN PROCESO DE INVESTIGACIÓN,NO CUENTA CON CAUSA ESPECIFICA
A-2022-10-8,03/10/2022,21:40,CHOQUE,1,0,2,TUMBES,TUMBES,CORRALES,RURAL,CARRETERA,NACIONAL,PE-1N,-3.6095039538801275,-80.50651960329908,DESPEJADO,RURAL,TRAMO RECTO,PLANA ,ASFALTADA,,,,,IMPRUDENCIA DEL CONDUCTOR,CONDUCIR EN ESTADO DE EBRIEDAD Y/O DROGADICCIÓN
A-2022-10-142,04/10/2022,17:30,ATROPELLO,1,0,,LIMA,LIMA,LA MOLINA,URBANA,CARRETERA,DEPARTAMENTAL,LM-117,-12.085930019709732,-76.89798830105987,DESPEJADO,RESIDENCIAL,TRAMO RECTO,PLANA ,ASFALTADA,,,,,EN PROCESO DE INVESTIGACIÓN,NO CUENTA CON CAUSA ESPECIFICA
A-2022-10-197,04/10/2022,19:00,CHOQUE,1,2,,MADRE DE DIOS,TAMBOPATA,TAMBOPATA,URBANA,AVENIDA,URBANO,NO CORRESPONDE,-12.584593,-69.191509,,,,,,,,,,EN PROCESO DE INVESTIGACIÓN,NO CUENTA CON CAUSA ESPECIFICA
A-2022-10-6,04/10/2022,20:30,CHOQUE,1,0,1,SAN MARTIN,RIOJA,RIOJA,RURAL,CARRETERA,NACIONAL,PE-5N,-6.050985,-77.151191,DESPEJADO,RURAL,TRAMO RECTO,PLANA ,ASFALTADA,,,,,NEGLIGENCIA DEL CONDUCTOR,OTRO (NEGLIGENCIA DEL CONDUCTOR)
A-2022-10-2,04/10/2022,22:20,ATROPELLO FUGA,1,0,,PUNO,CHUCUITO,ZEPITA,RURAL,CARRETERA,NACIONAL,PE-36A,-16.56978768425826,-69.25715261508257,DESPEJADO,RURAL,TRAMO RECTO,PLANA ,ASFALTADA,,,,,EN PROCESO DE INVESTIGACIÓN,NO CUENTA CON CAUSA ESPECIFICA
A-2022-10-182,05/10/2022,10:00,CHOQUE,1,0,2,PIURA,SULLANA,MARCAVELICA,URBANA,CARRETERA,PROVINCIAL,PI-535,-4.877,-80.8,DESPEJADO,RURAL,OTRO,INCLINADA,AFIRMADO,,,,,IMPRUDENCIA DEL CONDUCTOR,OTRO (IMPRUDENCIA DEL CONDUCTOR)
A-2022-10-11,06/10/2022,18:10,CHOQUE,1,1,2,SAN MARTIN,RIOJA,ELIAS SOPLIN VARGAS,URBANA,CARRETERA,NACIONAL,PE-5N,-5.990655,-77.281353,DESPEJADO,ESCOLAR,TRAMO RECTO,PLANA ,ASFALTADA,,,,,IMPRUDENCIA DEL CONDUCTOR,OTRO (IMPRUDENCIA DEL CONDUCTOR)
A-2022-10-12,06/10/2022,18:45,CHOQUE,1,2,2,PUNO,PUNO,PAUCARCOLLA,RURAL,CARRETERA,NACIONAL,PE-3S,-15.7377667,-70.0565938,DESPEJADO,RURAL,TRAMO RECTO,PLANA ,ASFALTADA,,,,,IMPRUDENCIA DEL CONDUCTOR,OTRO (IMPRUDENCIA DEL CONDUCTOR)