CÓDIGO SINIESTRO,FECHA SINIESTRO,HORA SINIESTRO,CLASE SINIESTRO,CANTIDAD DE FALLECIDOS,CANTIDAD DE LESIONADOS,CANTIDAD DE VEHICULOS DAÑADOS,DEPARTAMENTO,PROVINCIA,DISTRITO,ZONA,TIPO DE VÍA,RED VIAL,COD CARRETERA,COORDENADAS LATITUD,COORDENADAS  LONGITUD,CONDICIÓN CLIMÁTICA,ZONIFICACIÓN,CARACTERÍSTICAS DE VÍA,PERFIL LONGITUDINAL VÍA,SUPERFICIE DE CALZADA,¿EXISTE SEÑAL VERTICAL?,CLASIFICACIÓN DE LA SEÑAL VERTICAL Nº 1,CLASIFICACIÓN DE LA SEÑAL VERTICAL Nº 2,¿EXISTE SEÑAL HORIZONTAL?,CAUSA FACTOR PRINCIPAL,CAUSA ESPECÍFICA
A-2022-10-133,18/10/2022,19:45,DESPISTE,1,0,,LIMA,LIMA,SAN MARTIN DE PORRES,URBANA,AVENIDA,URBANO,NO CORRESPONDE,-12.00789,-77.082345,,,,,,,,,,EN PROCESO DE INVESTIGACIÓN,NO CUENTA CON CAUSA ESPECIFICA
A-2022-10-188,19/10/2022,19:10,DESPISTE,1,4,1,ICA,ICA,SALAS,RURAL,CARRETERA,NACIONAL,PE-1S,-14.00055522161072,-75.76813952987881,DESPEJADO,RURAL,TRAMO RECTO,PLANA ,ASFALTADA,,,,,EN PROCESO DE INVESTIGACIÓN,NO CUENTA CON CAUSA ESPECIFICA
A-2022-10-156,19/10/2022,22:28,CHOQUE CON OBJETO FIJO,1,2,1,MOQUEGUA,MARISCAL NIETO,TORATA,RURAL,CARRETERA,PROVINCIAL,MO-579,-17.079439816526428,-70.84838394365939,DESPEJADO,RURAL,TRAMO RECTO,INCLINADA,ASFALTADA,SI,PREVENTIVA (P),,NO,IMPRUDENCIA DEL CONDUCTOR,EXCESO DE VELOCIDAD
A-2022-10-80,20/10/2022,03:00,DESPISTE,1,0,1,LA LIBERTAD,TRUJILLO,LA ESPERANZA,URBANA,AVENIDA,URBANO,NO CORRESPONDE,-8.084082903826076,-79.04408476444254,DESPEJADO,COMERCIAL,TRAMO RECTO,PLANA ,ASFALTADA,,,,,IMPRUDENCIA DEL CONDUCTOR,OTRO (IMPRUDENCIA DEL CONDUCTOR)
A-2022-10-196,20/10/2022,14:42,CHOQUE,1,1,,LORETO,MAYNAS,IQUITOS,URBANA,CARRETERA,NACIONAL,PE-5NI,-3.7437743,-73.2424293,DESPEJADO,COMERCIAL,TRAMO RECTO,PLANA ,ASFALTADA,,,,,IMPRUDENCIA DEL CONDUCTOR,INVASIÓN DE CARRIL
A-2022-10-205,20/10/2022,16:50,CHOQUE,1,0,,JUNIN,SATIPO,RIO NEGRO,RURAL,CARRETERA,NACIONAL,PE-5S,-11.197666793264661,-74.66462006310384,DESPEJADO,RURAL,TRAMO RECTO,PLANA ,ASFALTADA,,,,,IMPRUDENCIA DEL CONDUCTOR,INVASIÓN DE CARRIL
A-2022-10-168,20/10/2022,18:50,CHOQUE,1,0,,JUNIN,CHUPACA,CHUPACA,URBANA,CARRETERA,PROVINCIAL,JU-891,-12.05742,-75.272283,DESPEJADO,RURAL,TRAMO RECTO,PLANA ,ASFALTADA,NO,,,SI,IMPRUDENCIA DEL CONDUCTOR,ADELANTAR INDEBIDAMENTE
A-2022-10-163,20/10/2022,20:00,ATROPELLO,1,0,1,LORETO,MAYNAS,IQUITOS,URBANA,CALLE,URBANO,NO CORRESPONDE,-3.7403536,-73.2517471,DESPEJADO,RURAL,TRAMO RECTO,PLANA ,ASFALTADA,,,,,IMPRUDENCIA DEL CONDUCTOR,EXCESO DE VELOCIDAD
A-2022-10-40,21/10/2022,03:00,CHOQUE,1,0,2,PASCO,PASCO,CHAUPIMARCA,URBANA,CARRETERA,NACIONAL,PE-3N,-10.716356717249699,-76.24258502249458,DESPEJADO,COMERCIAL,TRAMO RECTO,INCLINADA,ASFALTADA,,,,,EN PROCESO DE INVESTIGACIÓN,NO CUENTA CON CAUSA ESPECIFICA
A-2022-10-132,21/10/2022,03:50,CHOQUE,7,3,,LIMA,LIMA,PUNTA HERMOSA,URBANA,CARRETERA,NACIONAL,PE-1S,-12.332332547463732,-76.82065955391347,DESPEJADO,RURAL,TRAMO RECTO,PLANA ,ASFALTADA,,,,,EN PROCESO DE INVESTIGACIÓN,NO CUENTA CON CAUSA ESPECIFICA
A-2022-10-199,21/10/2022,05:30,CHOQUE,1,0,2,ICA,CHINCHA,ALTO LARAN,RURAL,CARRETERA,PROVINCIAL,IC-514,-13.45315334,-76.09587616,DESPEJADO,RURAL,TRAMO RECTO,PLANA ,ASFALTADA,,,,,IMPRUDENCIA DEL CONDUCTOR,INVASIÓN DE CARRIL
A-2022-10-123,21/10/2022,16:50,ATROPELLO,1,0,,CALLAO,CALLAO,CALLAO,URBANA,CARRETERA,NACIONAL,PE-20,-11.9571297,-77.128831317,DESPEJADO,INDUSTRIAL,TRAMO RECTO,PLANA ,ASFALTADA,SI,REGULADORA (R),,NO,IMPRUDENCIA DEL CONDUCTOR,OTRO (IMPRUDENCIA DEL CONDUCTOR)
A-2022-10-81,21/10/2022,19:45,CHOQUE,1,0,2,LA LIBERTAD,ASCOPE,CHICAMA,RURAL,CARRETERA,NACIONAL,PE-1NF,-7.634195853020548,-78.93936596008311,DESPEJADO,RURAL,TRAMO RECTO,PLANA ,ASFALTADA,,,,,IMPRUDENCIA DEL CONDUCTOR,OTRO (IMPRUDENCIA DEL CONDUCTOR)
A-2022-10-66,21/10/2022,19:50,ATROPELLO,2,0,,ANCASH,HUARMEY,HUARMEY,RURAL,CARRETERA,NACIONAL,PE-1N,-10.180887,-78.070966,DESPEJADO,RURAL,TRAMO RECTO,PLANA ,ASFALTADA,,,,,EN PROCESO DE INVESTIGACIÓN,NO CUENTA CON CAUSA ESPECIFICA
A-2022-10-102,21/10/2022,20:00,DESPISTE,1,2,1,LAMBAYEQUE,LAMBAYEQUE,LAMBAYEQUE,URBANA,CALLE,URBANO,NO CORRESPONDE,-6.70663,-79.913605,DESPEJADO,RESIDENCIAL,TRAMO RECTO,PLANA ,ASFALTADA,,,,,EN PROCESO DE INVESTIGACIÓN,NO CUENTA CON CAUSA ESPECIFICA
A-2022-10-189,22/10/2022,03:20,CHOQUE,1,0,2,ICA,PISCO,SAN ANDRES,URBANA,CARRETERA,NACIONAL,PE-1SG,-13.724683,-76.222012,DESPEJADO,COMERCIAL,TRAMO RECTO,PLANA ,ASFALTADA,,,,,EN PROCESO DE INVESTIGACIÓN,NO CUENTA CON CAUSA ESPECIFICA
A-2022-10-150,22/10/2022,05:30,CHOQUE,1,2,4,PIURA,SECHURA,CRISTO NOS VALGA,RURAL,CARRETERA,NACIONAL,PE-1N,-5.5478073,-80.5849894,DESPEJADO,RURAL,TRAMO RECTO,PLANA ,ASFALTADA,,,,,EN PROCESO DE INVESTIGACIÓN,NO CUENTA CON CAUSA ESPECIFICA
A-2022-10-27,22/10/2022,06:00,DESPISTE,5,0,1,AREQUIPA,CAYLLOMA,MAJES,RURAL,CARRETERA,DEPARTAMENTAL,AR-105,-16.4297463,-72.3623792,DESPEJADO,RURAL,TRAMO RECTO,PLANA ,ASFALTADA,,,,,EN PROCESO DE INVESTIGACIÓN,NO CUENTA CON CAUSA ESPECIFICA
A-2022-10-67,22/10/2022,07:30,CHOQUE,1,0,,ANCASH,SANTA,NUEVO CHIMBOTE,URBANA,CARRETERA,NACIONAL,PE-1N,-9.146313,-78.511861,DESPEJADO,RESIDENCIAL,TRAMO RECTO,PLANA ,ASFALTADA,,,,,EN PROCESO DE INVESTIGACIÓN,NO CUENTA CON CAUSA ESPECIFICA
A-2022-10-101,22/10/2022,11:10,DESPISTE,1,1,1,AMAZONAS,RODRIGUEZ DE MENDOZA,OMIA,RURAL,CARRETERA,SIN CLASIFICAR,SIN CLASIFICAR,-6.4135619,-77.360909,DESPEJADO,RURAL,TRAMO RECTO,PLANA ,ASFALTADA,,,,,EN PROCESO DE INVESTIGACIÓN,NO CUENTA CON CAUSA ESPECIFICA
A-2022-10-82,22/10/2022,16:15,ATROPELLO,1,0,1,LA LIBERTAD,TRUJILLO,EL PORVENIR,URBANA,CALLE,URBANO,NO CORRESPONDE,-8.085705739843602,-79.01043913015172,DESPEJADO,COMERCIAL,TRAMO RECTO,PLANA ,ASFALTADA,,,,,IMPRUDENCIA DEL CONDUCTOR,CONDUCIR EN ESTADO DE EBRIEDAD Y/O DROGADICCIÓN
A-2022-10-190,22/10/2022,16:40,CHOQUE,1,0,2,ICA,PISCO,SAN ANDRES,URBANA,CARRETERA,NACIONAL,PE-1SB,-13.7125937403694,-76.1615861223051,DESPEJADO,COMERCIAL,TRAMO RECTO,PLANA ,ASFALTADA,,,,,EN PROCESO DE INVESTIGACIÓN,NO CUENTA CON CAUSA ESPECIFICA
A-2022-10-34,22/10/2022,18:26,ATROPELLO,1,0,0,CUSCO,CUSCO,WANCHAQ,URBANA,CARRETERA,NACIONAL,PE-3S,-13.5330045,-71.9584463,DESPEJADO,RESIDENCIAL,TRAMO RECTO,PLANA ,ASFALTADA,SI,PREVENTIVA (P),,NO,IMPRUDENCIA DEL PEATÓN,CRUCE INDEBIDO POR LA CALZADA
A-2022-10-19,22/10/2022,19:40,DESPISTE,1,0,1,CUSCO,ESPINAR,ESPINAR,URBANA,CARRETERA,NACIONAL,PE-3SK,-14.81369644941654,-71.39221523941819,DESPEJADO,RURAL,TRAMO RECTO,PLANA ,ASFALTADA,,,,,NEGLIGENCIA DEL CONDUCTOR,OTRO (NEGLIGENCIA DEL CONDUCTOR)
A-2022-10-122,22/10/2022,21:00,ATROPELLO,1,0,1,CALLAO,CALLAO,CALLAO,URBANA,AVENIDA,URBANO,NO CORRESPONDE,-11.9761301,-77.127638817,DESPEJADO,INDUSTRIAL,TRAMO RECTO,PLANA ,ASFALTADA,NO,,,SI,IMPRUDENCIA DEL PEATÓN,ESTADO DE EBRIEDAD Y/O DROGADICCIÓN
A-2022-10-161,22/10/2022,22:30,DESPISTE,1,0,1,LAMBAYEQUE,LAMBAYEQUE,OLMOS,RURAL,CARRETERA,PROVINCIAL,PI-938,-5.857127,-79.651379,DESPEJADO,RURAL,TRAMO RECTO,INCLINADA,CASCAJO/RIPIO,,,,,IMPRUDENCIA DEL CONDUCTOR,EXCESO DE VELOCIDAD
A-2022-10-206,23/10/2022,01:00,VOLCADURA,1,1,1,JUNIN,CHANCHAMAYO,SAN RAMON,RURAL,CARRETERA,DEPARTAMENTAL,JU-104,-11.13618087138012,-75.35505343335127,DESPEJADO,COMERCIAL,INTERSECCIÓN,PLANA ,ASFALTADA,,,,,EN PROCESO DE INVESTIGACIÓN,NO CUENTA CON CAUSA ESPECIFICA
A-2022-10-26,23/10/2022,02:45,DESPISTE,1,0,1,SAN MARTIN,MOYOBAMBA,CALZADA,URBANA,CARRETERA,NACIONAL,PE-5N,-6.041973,-77.132429,DESPEJADO,RURAL,CURVA,PLANA ,ASFALTADA,,,,,IMPERICIA DEL CONDUCTOR,
A-2022-10-125,23/10/2022,03:00,ESPECIAL,1,0,,LIMA,BARRANCA,SUPE,URBANA,CALLE,URBANO,NO CORRESPONDE,-10.77089488,-77.66253708,DESPEJADO,RESIDENCIAL,OTRO,PLANA ,AFIRMADO,,,,,EN PROCESO DE INVESTIGACIÓN,NO CUENTA CON CAUSA ESPECIFICA
A-2022-10-166,23/10/2022,05:30,CHOQUE,1,1,2,JUNIN,JAUJA,PARCO,RURAL,CARRETERA,NACIONAL,PE-3S,-11.802236,-75.528333,DESPEJADO,RURAL,CURVA,PLANA ,ASFALTADA,,,,,IMPRUDENCIA DEL CONDUCTOR,EXCESO DE VELOCIDAD
A-2022-10-76,23/10/2022,12:00,CHOQUE,1,0,2,PUNO,AZANGARO,CAMINACA,RURAL,CARRETERA,DEPARTAMENTAL,PU-113,-15.2809077,-70.0833549,DESPEJADO,RURAL,TRAMO RECTO,PLANA ,ASFALTADA,,,,,IMPRUDENCIA DEL CONDUCTOR,EXCESO DE VELOCIDAD
A-2022-10-83,23/10/2022,15:40,DESPISTE,3,8,1,LA LIBERTAD,VIRU,GUADALUPITO,RURAL,CARRETERA,NACIONAL,PE-1N,-8.787714,-78.640269,DESPEJADO,RURAL,TRAMO RECTO,PLANA ,ASFALTADA,,,,,NEGLIGENCIA DEL CONDUCTOR,CONDUCIR CON FALLAS DE NEUMÁTICOS
A-2022-10-46,23/10/2022,20:00,CHOQUE,2,2,3,ANCASH,YUNGAY,YUNGAY,RURAL,CALLE,URBANO,NO CORRESPONDE,-9.142371862121077,-77.74714557515162,DESPEJADO,RURAL,TRAMO RECTO,PLANA ,ASFALTADA,SI,PREVENTIVA (P),PREVENTIVA (P),SI,IMPRUDENCIA DEL CONDUCTOR,INVASIÓN DE CARRIL
A-2022-10-184,23/10/2022,21:00,DESPISTE,1,0,,PIURA,AYABACA,PAIMAS,RURAL,CARRETERA,NACIONAL,PE-1NT,-4.670343319942845,-79.89076984122505,DESPEJADO,RURAL,CURVA,INCLINADA,AFIRMADO,,,,,IMPRUDENCIA DEL CONDUCTOR,OTRO (IMPRUDENCIA DEL CONDUCTOR)
A-2022-10-90,23/10/2022,23:10,ATROPELLO,1,0,1,LAMBAYEQUE,LAMBAYEQUE,MORROPE,RURAL,CARRETERA,NACIONAL,PE-1N,-6.5912381,-79.9794219,DESPEJADO,RURAL,TRAMO RECTO,PLANA ,ASFALTADA,,,,,EN PROCESO DE INVESTIGACIÓN,NO CUENTA CON CAUSA ESPECIFICA
A-2022-10-28,24/10/2022,02:00,ATROPELLO,1,0,1,AREQUIPA,AREQUIPA,CERRO COLORADO,URBANA,CARRETERA,NACIONAL,PE-34A,-16.4072297,-71.6049182,DESPEJADO,INDUSTRIAL,TRAMO RECTO,PLANA ,ASFALTADA,NO,,,SI,EN PROCESO DE INVESTIGACIÓN,NO CUENTA CON CAUSA ESPECIFICA
A-2022-10-155,24/10/2022,02:30,DESPISTE,1,0,,PIURA,PIURA,PIURA,RURAL,CARRETERA,NACIONAL,PE-1N,-5.048571,-80.702771,DESPEJADO,RURAL,TRAMO RECTO,PLANA ,ASFALTADA,,,,,EN PROCESO DE INVESTIGACIÓN,NO CUENTA CON CAUSA ESPECIFICA
A-2022-10-33,24/10/2022,03:00,DESPISTE,1,0,1,SAN MARTIN,RIOJA,NUEVA CAJAMARCA,URBANA,CARRETERA,DEPARTAMENTAL,SM-113,-5.946134,-77.288765,LLUVIOSO,RURAL,TRAMO RECTO,PLANA ,ASFALTADA,,,,,NEGLIGENCIA DEL CONDUCTOR,OTRO (NEGLIGENCIA DEL CONDUCTOR)
A-2022-10-99,24/10/2022,04:10,CHOQUE CON OBJETO FIJO,1,0,1,TUMBES,TUMBES,TUMBES,URBANA,CARRETERA,NACIONAL,PE-1N,-3.5550008808020586,-80.43687968382321,DESPEJADO,RESIDENCIAL,TRAMO RECTO,PLANA ,ASFALTADA,,,,,IMPRUDENCIA DEL CONDUCTOR,CONDUCIR EN ESTADO DE EBRIEDAD Y/O DROGADICCIÓN
A-2022-10-178,24/10/2022,05:00,DESPISTE,2,2,1,HUANCAVELICA,HUANCAVELICA,HUANCAVELICA,RURAL,CARRETERA,PROVINCIAL,HV-896,-12.92452108045251,-74.92311524477275,DESPEJADO,RURAL,CURVA,PLANA ,AFIRMADO,,,,,NEGLIGENCIA DEL CONDUCTOR,CONDUCIR CON FALLAS DE NEUMÁTICOS
A-2022-10-84,24/10/2022,05:30,ATROPELLO FUGA,1,0,1,LA LIBERTAD,ASCOPE,CASA GRANDE,RURAL,CARRETERA,SIN CLASIFICAR,SIN CLASIFICAR,-7.772012,-79.16684,DESPEJADO,RURAL,TRAMO RECTO,PLANA ,TROCHA,,,,,EN PROCESO DE INVESTIGACIÓN,NO CUENTA CON CAUSA ESPECIFICA
A-2022-10-85,24/10/2022,05:30,CHOQUE,1,0,2,LA LIBERTAD,CHEPEN,CHEPEN,RURAL,CARRETERA,NACIONAL,PE-1N,-7.1905379225024655,-79.43022090778861,DESPEJADO,RURAL,TRAMO RECTO,PLANA ,ASFALTADA,,,,,EN PROCESO DE INVESTIGACIÓN,NO CUENTA CON CAUSA ESPECIFICA
A-2022-10-148,24/10/2022,08:50,CHOQUE,1,0,,LIMA,LIMA,COMAS,URBANA,AVENIDA,URBANO,NO CORRESPONDE,-11.923537566881812,-77.05427522669308,DESPEJADO,RESIDENCIAL,TRAMO RECTO,PLANA ,ASFALTADA,,,,,EN PROCESO DE INVESTIGACIÓN,NO CUENTA CON CAUSA ESPECIFICA
A-2022-10-96,24/10/2022,13:50,DESPISTE,3,0,1,TACNA,TACNA,ALTO DE LA ALIANZA,URBANA,CARRETERA,PROVINCIAL,TA-619,-17.984444,-70.244534,DESPEJADO,RESIDENCIAL,TRAMO RECTO,INCLINADA,ASFALTADA,,,,,IMPRUDENCIA DEL CONDUCTOR,CONDUCIR EN ESTADO DE EBRIEDAD Y/O DROGADICCIÓN
A-2022-10-191,24/10/2022,15:00,ATROPELLO,1,0,1,ICA,PALPA,SANTA CRUZ,RURAL,CARRETERA,NACIONAL,PE-1S,-14.4954663,-75.2725431,DESPEJADO,RURAL,TRAMO RECTO,PLANA ,ASFALTADA,,,,,EN PROCESO DE INVESTIGACIÓN,NO CUENTA CON CAUSA ESPECIFICA
A-2022-10-31,24/10/2022,22:50,CHOQUE,1,0,2,CUSCO,ESPINAR,ESPINAR,RURAL,CARRETERA,NACIONAL,PE-3SG,-14.8601,-71.275891,DESPEJADO,RURAL,TRAMO RECTO,PLANA ,ASFALTADA,,,,,EN PROCESO DE INVESTIGACIÓN,NO CUENTA CON CAUSA ESPECIFICA
A-2022-10-98,25/10/2022,22:40,DESPISTE,1,1,,APURIMAC,ABANCAY,SAN PEDRO DE CACHORA,RURAL,CARRETERA,SIN CLASIFICAR,SIN CLASIFICAR,-13.501698438871035,-72.80350696107206,,,,,,,,,,EN PROCESO DE INVESTIGACIÓN,NO CUENTA CON CAUSA ESPECIFICA
A-2022-10-88,26/10/2022,00:10,CHOQUE,1,13,2,LAMBAYEQUE,LAMBAYEQUE,LAMBAYEQUE,RURAL,CARRETERA,NACIONAL,PE-1N,-6.673352,-79.9135,DESPEJADO,RURAL,TRAMO RECTO,PLANA ,ASFALTADA,,,,,EN PROCESO DE INVESTIGACIÓN,NO CUENTA CON CAUSA ESPECIFICA
A-2022-10-211,26/10/2022,09:10,CHOQUE,1,0,,UCAYALI,CORONEL PORTILLO,CAMPOVERDE,RURAL,CARRETERA,NACIONAL,PE-18C,-8.524143,-74.865134,DESPEJADO,RURAL,TRAMO RECTO,INCLINADA,ASFALTADA,SI,REGULADORA (R),PREVENTIVA (P),SI,IMPRUDENCIA DEL CONDUCTOR,OTRO (IMPRUDENCIA DEL CONDUCTOR)
A-2022-10-131,26/10/2022,11:27,ATROPELLO,1,0,,CAJAMARCA,CHOTA,CHOTA,URBANA,AVENIDA,URBANO,NO CORRESPONDE,-6.55942397954099,-78.6460065699737,DESPEJADO,RESIDENCIAL,INTERSECCIÓN,INCLINADA,CONCRETO,SI,REGULADORA (R),,NO,EN PROCESO DE INVESTIGACIÓN,NO CUENTA CON CAUSA ESPECIFICA
A-2022-10-50,26/10/2022,11:30,DESPISTE,1,0,1,ANCASH,HUARAZ,LA LIBERTAD,RURAL,CARRETERA,SIN CLASIFICAR,SIN CLASIFICAR,-9.585754482605962,-77.74972501555617,NUBLADO,RURAL,OTRO,INCLINADA,TROCHA,,,,,EN PROCESO DE INVESTIGACIÓN,NO CUENTA CON CAUSA ESPECIFICA
A-2022-10-22,26/10/2022,22:00,CHOQUE FUGA,1,0,1,CUSCO,CANCHIS,SICUANI,URBANA,CARRETERA,NACIONAL,PE-3S,-14.267190471484216,-71.23508063147825,DESPEJADO,RESIDENCIAL,TRAMO RECTO,PLANA ,ASFALTADA,,,,,IMPRUDENCIA DEL CONDUCTOR,EXCESO DE VELOCIDAD
A-2022-10-192,26/10/2022,23:50,ATROPELLO,1,0,1,ICA,NASCA,VISTA ALEGRE,URBANA,CARRETERA,NACIONAL,PE-1S,-14.852785,-74.960668,DESPEJADO,COMERCIAL,TRAMO RECTO,PLANA ,ASFALTADA,,,,,EN PROCESO DE INVESTIGACIÓN,NO CUENTA CON CAUSA ESPECIFICA
A-2022-10-147,27/10/2022,08:10,ATROPELLO,1,0,,LIMA,LIMA,CHORRILLOS,URBANA,AVENIDA,URBANO,NO CORRESPONDE,-12.198134,-76.99227,DESPEJADO,COMERCIAL,INTERSECCIÓN,PLANA ,ASFALTADA,,,,,EN PROCESO DE INVESTIGACIÓN,NO CUENTA CON CAUSA ESPECIFICA
A-2022-10-207,27/10/2022,17:10,ESPECIAL,1,0,,JUNIN,CHANCHAMAYO,SAN RAMON,RURAL,CARRETERA,NACIONAL,PE-22B,-11.211064288533125,-75.48924918672195,DESPEJADO,RURAL,TÚNEL,PLANA ,ASFALTADA,,,,,IMPRUDENCIA DEL CONDUCTOR,FATIGA Y/O CANSANCIO
A-2022-10-48,27/10/2022,17:30,DESPISTE,1,4,1,CUSCO,LA CONVENCION,INKAWASI,RURAL,CARRETERA,PROVINCIAL,CU-871,-13.302176913616588,-73.26411812450871,DESPEJADO,RURAL,CURVA,INCLINADA,TROCHA,,,,,IMPRUDENCIA DEL CONDUCTOR,EXCESO DE VELOCIDAD
A-2022-10-36,27/10/2022,18:20,CHOQUE,1,0,2,SAN MARTIN,MOYOBAMBA,CALZADA,RURAL,CARRETERA,NACIONAL,PE-5N,-6.037927,-77.105069,DESPEJADO,RURAL,TRAMO RECTO,PLANA ,ASFALTADA,,,,,IMPRUDENCIA DEL CONDUCTOR,OTRO (IMPRUDENCIA DEL CONDUCTOR)
A-2022-10-49,27/10/2022,19:20,CHOQUE,1,0,2,CUSCO,ESPINAR,ESPINAR,URBANA,AVENIDA,URBANO,NO CORRESPONDE,-14.786014017864233,-71.40338392635606,DESPEJADO,RESIDENCIAL,TRAMO RECTO,PLANA ,ASFALTADA,SI,REGULADORA (R),,NO,IMPRUDENCIA DEL CONDUCTOR,EXCESO DE VELOCIDAD
A-2022-10-160,27/10/2022,19:30,CHOQUE,1,1,3,PIURA,PIURA,VEINTISEIS DE OCTUBRE,RURAL,CARRETERA,NACIONAL,PE-02,-5.168052397024789,-80.69619479673428,DESPEJADO,RURAL,TRAMO RECTO,PLANA ,ASFALTADA,,,,,IMPRUDENCIA DEL CONDUCTOR,CONDUCIR EN ESTADO DE EBRIEDAD Y/O DROGADICCIÓN
A-2022-10-57,27/10/2022,20:30,CHOQUE,1,0,2,PUNO,EL COLLAO,ILAVE,RURAL,CARRETERA,PROVINCIAL,PU-1149,-16.0187692,-69.6207661,DESPEJADO,RURAL,TRAMO RECTO,PLANA ,ASFALTADA,,,,,IMPRUDENCIA DEL CONDUCTOR,INVASIÓN DE CARRIL
A-2022-10-58,28/10/2022,13:20,DESPISTE,1,0,1,PUNO,CHUCUITO,DESAGUADERO,RURAL,CARRETERA,DEPARTAMENTAL,PU-152,-16.6335463,-69.1100662,DESPEJADO,RURAL,TRAMO RECTO,PLANA ,ASFALTADA,,,,,IMPRUDENCIA DEL CONDUCTOR,FATIGA Y/O CANSANCIO
A-2022-10-169,28/10/2022,16:00,DESPISTE,1,1,1,PIURA,PIURA,LA ARENA,RURAL,CARRETERA,SIN CLASIFICAR,SIN CLASIFICAR,-5.33114555578513,-80.7309745498571,DESPEJADO,RURAL,TRAMO RECTO,PLANA ,ASFALTADA,,,,,IMPRUDENCIA DEL CONDUCTOR,CONDUCIR EN ESTADO DE EBRIEDAD Y/O DROGADICCIÓN
A-2022-10-120,28/10/2022,18:00,DESPISTE,1,0,,AYACUCHO,HUAMANGA,CHIARA,RURAL,CARRETERA,PROVINCIAL,AY-765,-13.27988823210462,-74.20784530052758,DESPEJADO,RURAL,TRAMO RECTO,INCLINADA,ASFALTADA,SI,PREVENTIVA (P),REGULADORA (R),SI,IMPRUDENCIA DEL CONDUCTOR,FATIGA Y/O CANSANCIO
A-2022-10-170,28/10/2022,18:00,DESPISTE,1,0,1,PIURA,SECHURA,VICE,RURAL,CARRETERA,PROVINCIAL,PI-1067,-5.436585,-80.782746,DESPEJADO,RURAL,TRAMO RECTO,PLANA ,ASFALTADA,,,,,IMPRUDENCIA DEL CONDUCTOR,CONDUCIR EN ESTADO DE EBRIEDAD Y/O DROGADICCIÓN
A-2022-10-89,28/10/2022,18:40,CHOQUE,1,0,2,LAMBAYEQUE,LAMBAYEQUE,JAYANCA,URBANA,CARRETERA,NACIONAL,PE-1NJ,-6.366941,-79.789168,DESPEJADO,RURAL,TRAMO RECTO,PLANA ,ASFALTADA,,,,,EN PROCESO DE INVESTIGACIÓN,NO CUENTA CON CAUSA ESPECIFICA
A-2022-10-77,28/10/2022,19:30,DESPISTE,1,0,1,PUNO,SANDIA,LIMBANI,RURAL,CARRETERA,DEPARTAMENTAL,PU-106,-14.163988,-69.691694,DESPEJADO,RURAL,CURVA,PLANA ,TROCHA,,,,,IMPRUDENCIA DEL CONDUCTOR,EXCESO DE VELOCIDAD
A-2022-10-193,28/10/2022,21:30,DESPISTE,1,1,1,ICA,NASCA,VISTA ALEGRE,URBANA,CARRETERA,NACIONAL,PE-1S,-14.8514547,-74.9574237,DESPEJADO,COMERCIAL,TRAMO RECTO,PLANA ,ASFALTADA,,,,,EN PROCESO DE INVESTIGACIÓN,NO CUENTA CON CAUSA ESPECIFICA
A-2022-10-59,29/10/2022,09:00,DESPISTE,2,6,1,PUNO,EL COLLAO,SANTA ROSA,RURAL,CARRETERA,NACIONAL,PE-36A,-16.7533892,-69.8371142,DESPEJADO,RURAL,TRAMO RECTO,PLANA ,ASFALTADA,,,,,IMPRUDENCIA DEL CONDUCTOR,EXCESO DE VELOCIDAD
A-2022-10-86,29/10/2022,18:30,ATROPELLO FUGA,1,0,1,LA LIBERTAD,VIRU,CHAO,RURAL,CARRETERA,PROVINCIAL,LI-1193,-8.493315829620448,-78.61949106563041,DESPEJADO,RURAL,TRAMO RECTO,PLANA ,AFIRMADO,,,,,EN PROCESO DE INVESTIGACIÓN,NO CUENTA CON CAUSA ESPECIFICA
A-2022-10-35,29/10/2022,19:50,CHOQUE,2,1,3,AREQUIPA,AREQUIPA,VITOR,RURAL,CARRETERA,NACIONAL,PE-1S,-16.466434,-71.927508,DESPEJADO,RURAL,TRAMO RECTO,PLANA ,ASFALTADA,,,,,EN PROCESO DE INVESTIGACIÓN,NO CUENTA CON CAUSA ESPECIFICA
A-2022-10-87,29/10/2022,22:15,CHOQUE,1,0,2,LA LIBERTAD,VIRU,VIRU,RURAL,CARRETERA,NACIONAL,PE-1N,-8.424366,-78.781794,DESPEJADO,RURAL,TRAMO RECTO,PLANA ,ASFALTADA,,,,,EN PROCESO DE INVESTIGACIÓN,NO CUENTA CON CAUSA ESPECIFICA
A-2022-10-32,30/10/2022,00:30,DESPISTE,1,1,1,CUSCO,QUISPICANCHI,OROPESA,URBANA,CARRETERA,NACIONAL,PE-3S,-13.6024625,-71.7601825,DESPEJADO,COMERCIAL,TRAMO RECTO,PLANA ,ASFALTADA,,,,,IMPRUDENCIA DEL CONDUCTOR,EXCESO DE VELOCIDAD
A-2022-10-93,30/10/2022,06:30,DESPISTE,1,0,1,TACNA,TACNA,LA YARADA LOS PALOS,RURAL,CARRETERA,NACIONAL,PE-1SD,-18.1706661,-70.4890929,DESPEJADO,RURAL,TRAMO RECTO,PLANA ,ASFALTADA,,,,,NEGLIGENCIA DEL CONDUCTOR,CONDUCIR CON FALLAS DE NEUMÁTICOS