CÓDIGO SINIESTRO,FECHA SINIESTRO,HORA SINIESTRO,CLASE SINIESTRO,CANTIDAD DE FALLECIDOS,CANTIDAD DE LESIONADOS,CANTIDAD DE VEHICULOS DAÑADOS,DEPARTAMENTO,PROVINCIA,DISTRITO,ZONA,TIPO DE VÍA,RED VIAL,COD CARRETERA,COORDENADAS LATITUD,COORDENADAS  LONGITUD,CONDICIÓN CLIMÁTICA,ZONIFICACIÓN,CARACTERÍSTICAS DE VÍA,PERFIL LONGITUDINAL VÍA,SUPERFICIE DE CALZADA,¿EXISTE SEÑAL VERTICAL?,CLASIFICACIÓN DE LA SEÑAL VERTICAL Nº 1,CLASIFICACIÓN DE LA SEÑAL VERTICAL Nº 2,¿EXISTE SEÑAL HORIZONTAL?,CAUSA FACTOR PRINCIPAL,CAUSA ESPECÍFICA
A-2022-12-52,11/12/2022,07:00,DESPISTE,2,0,1,TACNA,TACNA,PALCA,RURAL,CARRETERA,NACIONAL,PE-40,-17.7816758,-69.960725,DESPEJADO,RURAL,CURVA,INCLINADA,ASFALTADA,,,,,IMPRUDENCIA DEL CONDUCTOR,FATIGA Y/O CANSANCIO
A-2022-12-199,11/12/2022,09:50,ATROPELLO FUGA,1,0,1,PIURA,MORROPON,MORROPON,URBANA,JIRÓN,URBANO,NO CORRESPONDE,-5.183082788205004,-79.97179906624112,DESPEJADO,RURAL,TRAMO RECTO,PLANA ,ADOQUINADO,,,,,EN PROCESO DE INVESTIGACIÓN,NO CUENTA CON CAUSA ESPECIFICA
A-2022-12-144,11/12/2022,12:50,ATROPELLO,1,0,,LIMA,LIMA,COMAS,URBANA,CARRETERA,NACIONAL,PE-1N,-11.924983900113455,-77.07292633774752,DESPEJADO,INDUSTRIAL,TRAMO RECTO,PLANA ,ASFALTADA,,,,,EN PROCESO DE INVESTIGACIÓN,NO CUENTA CON CAUSA ESPECIFICA
A-2022-12-85,11/12/2022,15:00,DESPISTE,1,0,,ANCASH,PALLASCA,TAUCA,RURAL,CARRETERA,NACIONAL,PE-3N,-8.424965607503932,-78.01537559310515,DESPEJADO,RURAL,CURVA,INCLINADA,ASFALTADA,,,,,EN PROCESO DE INVESTIGACIÓN,NO CUENTA CON CAUSA ESPECIFICA
A-2022-12-180,11/12/2022,16:50,CHOQUE,1,0,,JUNIN,HUANCAYO,CHILCA,URBANA,CARRETERA,NACIONAL,PE-3SC,-12.083191,-75.203209,DESPEJADO,COMERCIAL,TRAMO RECTO,PLANA ,ASFALTADA,NO,,,SI,IMPRUDENCIA DEL CONDUCTOR,OTRO (IMPRUDENCIA DEL CONDUCTOR)
A-2022-12-184,11/12/2022,21:10,ATROPELLO,1,0,1,PIURA,MORROPON,CHULUCANAS,RURAL,CARRETERA,PROVINCIAL,PI-972,-5.1641789925816814,-80.14089228164413,DESPEJADO,RURAL,TRAMO RECTO,PLANA ,ASFALTADA,,,,,IMPRUDENCIA DEL PEATÓN,ESTADO DE EBRIEDAD Y/O DROGADICCIÓN
A-2022-12-65,11/12/2022,22:15,DESPISTE,1,0,1,LA LIBERTAD,CHEPEN,PUEBLO NUEVO,RURAL,CARRETERA,PROVINCIAL,LI-500,-7.134118338608683,-79.57560070186892,DESPEJADO,RURAL,TRAMO RECTO,PLANA ,AFIRMADO,,,,,IMPRUDENCIA DEL CONDUCTOR,CONDUCIR EN ESTADO DE EBRIEDAD Y/O DROGADICCIÓN
A-2022-12-194,11/12/2022,23:25,DESPISTE,2,4,1,PIURA,SULLANA,MIGUEL CHECA,RURAL,CARRETERA,NACIONAL,PE-02,-5.1307716,-80.8296016,DESPEJADO,RURAL,TRAMO RECTO,PLANA ,ASFALTADA,,,,,EN PROCESO DE INVESTIGACIÓN,NO CUENTA CON CAUSA ESPECIFICA
A-2022-12-114,12/12/2022,00:30,DESPISTE,1,2,1,LIMA,HUAURA,SANTA MARIA,URBANA,CARRETERA,DEPARTAMENTAL,LM-101,-11.075882266303873,-77.59806092770323,DESPEJADO,COMERCIAL,TRAMO RECTO,PLANA ,ASFALTADA,,,,,IMPRUDENCIA DEL CONDUCTOR,EXCESO DE VELOCIDAD
A-2022-12-217,12/12/2022,02:10,DESPISTE,1,0,,JUNIN,CHANCHAMAYO,PERENE,RURAL,CARRETERA,NACIONAL,PE-5S,-10.955558578167285,-75.22837130424345,DESPEJADO,RURAL,TRAMO RECTO,PLANA ,ASFALTADA,,,,,IMPRUDENCIA DEL CONDUCTOR,EXCESO DE VELOCIDAD
A-2022-12-175,12/12/2022,10:20,DESPISTE,1,0,1,PASCO,DANIEL ALCIDES CARRION,SANTA ANA DE TUSI,RURAL,CARRETERA,PROVINCIAL,PA-527,-10.477271666840013,-76.35200326989789,LLUVIOSO,RURAL,PASE A DESNIVEL,PLANA ,TROCHA,,,,,NEGLIGENCIA DEL CONDUCTOR,OTRO (NEGLIGENCIA DEL CONDUCTOR)
A-2022-12-187,12/12/2022,17:30,ATROPELLO,1,0,1,JUNIN,HUANCAYO,HUANCAN,URBANA,CARRETERA,NACIONAL,PE-3SC,-12.116658,-75.180572,LLUVIOSO,COMERCIAL,TRAMO RECTO,PLANA ,ASFALTADA,NO,,,SI,IMPRUDENCIA DEL CONDUCTOR,NO DAR PASO PREFERENTE AL PEATÓN
A-2022-12-152,12/12/2022,18:15,ATROPELLO,1,0,,LIMA,LIMA,SAN MARTIN DE PORRES,URBANA,AVENIDA,URBANO,NO CORRESPONDE,-12.029883924894243,-77.06106400049627,DESPEJADO,COMERCIAL,TRAMO RECTO,PLANA ,ASFALTADA,,,,,EN PROCESO DE INVESTIGACIÓN,NO CUENTA CON CAUSA ESPECIFICA
A-2022-12-132,13/12/2022,05:00,ATROPELLO FUGA,1,0,,PIURA,PIURA,CASTILLA,URBANA,CARRETERA,NACIONAL,PE-1NJ,-5.182648240572088,-80.57897714696101,DESPEJADO,RURAL,TRAMO RECTO,PLANA ,AFIRMADO,,,,,EN PROCESO DE INVESTIGACIÓN,NO CUENTA CON CAUSA ESPECIFICA
A-2022-12-153,13/12/2022,13:00,ATROPELLO,1,0,,LIMA,LIMA,SAN MARTIN DE PORRES,URBANA,AVENIDA,URBANO,NO CORRESPONDE,-11.9879312,-77.1144248,DESPEJADO,COMERCIAL,INTERSECCIÓN,PLANA ,ASFALTADA,,,,,EN PROCESO DE INVESTIGACIÓN,NO CUENTA CON CAUSA ESPECIFICA
A-2022-12-21,13/12/2022,14:45,VOLCADURA,1,0,1,AREQUIPA,AREQUIPA,PAUCARPATA,URBANA,AVENIDA,URBANO,NO CORRESPONDE,-16.4217923,-71.4842916,LLUVIOSO,RESIDENCIAL,CURVA,INCLINADA,ASFALTADA,NO,,,SI,EN PROCESO DE INVESTIGACIÓN,NO CUENTA CON CAUSA ESPECIFICA
A-2022-12-188,13/12/2022,17:31,ATROPELLO,1,0,0,JUNIN,HUANCAYO,HUANCAYO,URBANA,AVENIDA,URBANO,NO CORRESPONDE,-12.072968040783241,-75.19755815694708,LLUVIOSO,COMERCIAL,INTERSECCIÓN,PLANA ,ASFALTADA,SI,REGULADORA (R),,SI,IMPRUDENCIA DEL CONDUCTOR,EXCESO DE VELOCIDAD
A-2022-12-154,13/12/2022,21:10,ATROPELLO FUGA,1,0,,LIMA,LIMA,LOS OLIVOS,URBANA,AVENIDA,URBANO,NO CORRESPONDE,-11.975885,-77.083015,DESPEJADO,COMERCIAL,TRAMO RECTO,PLANA ,ASFALTADA,,,,,EN PROCESO DE INVESTIGACIÓN,NO CUENTA CON CAUSA ESPECIFICA
A-2022-12-123,13/12/2022,22:00,DESPISTE,1,0,1,CAJAMARCA,SAN MIGUEL,SAN GREGORIO,RURAL,CARRETERA,DEPARTAMENTAL,CA-100,-7.053935,-79.093381,NUBLADO,RURAL,CURVA,PLANA ,AFIRMADO,,,,,EN PROCESO DE INVESTIGACIÓN,NO CUENTA CON CAUSA ESPECIFICA
A-2022-12-66,14/12/2022,16:30,CHOQUE,1,0,1,LA LIBERTAD,TRUJILLO,SIMBAL,RURAL,CARRETERA,NACIONAL,PE-10A,-8.013975,-78.832225,DESPEJADO,RURAL,TRAMO RECTO,PLANA ,ASFALTADA,,,,,IMPRUDENCIA DEL CONDUCTOR,OTRO (IMPRUDENCIA DEL CONDUCTOR)
A-2022-12-33,14/12/2022,22:40,VOLCADURA,1,0,1,CUSCO,CANCHIS,CHECACUPE,RURAL,CARRETERA,NACIONAL,PE-3S,-14.012664,-71.457956,DESPEJADO,RURAL,TRAMO RECTO,INCLINADA,ASFALTADA,SI,INFORMATIVA (I),,SI,IMPRUDENCIA DEL CONDUCTOR,EXCESO DE VELOCIDAD
A-2022-12-67,14/12/2022,23:10,ATROPELLO FUGA,1,0,0,LA LIBERTAD,VIRU,VIRU,RURAL,CARRETERA,NACIONAL,PE-1N,-8.412123662190222,-78.8008278148734,DESPEJADO,RURAL,TRAMO RECTO,PLANA ,ASFALTADA,,,,,EN PROCESO DE INVESTIGACIÓN,NO CUENTA CON CAUSA ESPECIFICA
A-2022-12-90,15/12/2022,01:05,ATROPELLO FUGA,1,0,1,LAMBAYEQUE,LAMBAYEQUE,LAMBAYEQUE,RURAL,CARRETERA,NACIONAL,PE-1NJ,-6.673127,-79.90011,DESPEJADO,RURAL,TRAMO RECTO,PLANA ,ASFALTADA,,,,,EN PROCESO DE INVESTIGACIÓN,NO CUENTA CON CAUSA ESPECIFICA
A-2022-12-68,15/12/2022,15:20,DESPISTE,1,0,1,LA LIBERTAD,TRUJILLO,SALAVERRY,URBANA,CARRETERA,NACIONAL,PE-1N,-8.178108,-78.992894,DESPEJADO,COMERCIAL,TRAMO RECTO,PLANA ,ASFALTADA,,,,,IMPRUDENCIA DEL CONDUCTOR,ADELANTAR INDEBIDAMENTE
A-2022-12-183,15/12/2022,19:30,VOLCADURA,1,2,,JUNIN,JAUJA,ACOLLA,RURAL,CARRETERA,NACIONAL,PE-3SA,-11.6706701,-75.57409,LLUVIOSO,RURAL,TRAMO RECTO,PLANA ,ASFALTADA,NO,,,SI,IMPRUDENCIA DEL CONDUCTOR,CONDUCIR EN ESTADO DE EBRIEDAD Y/O DROGADICCIÓN
A-2022-12-44,15/12/2022,19:30,VOLCADURA,1,0,1,CUSCO,ESPINAR,OCORURO,RURAL,CARRETERA,NACIONAL,PE-34J,-15.0379146,-71.1376333,LLUVIOSO,RURAL,TRAMO RECTO,PLANA ,ASFALTADA,,,,,EN PROCESO DE INVESTIGACIÓN,NO CUENTA CON CAUSA ESPECIFICA
A-2022-12-176,15/12/2022,20:00,CHOQUE,3,0,2,PASCO,PASCO,VICCO,RURAL,CARRETERA,NACIONAL,PE-20A,-10.842177547433543,-76.26215447471071,DESPEJADO,RURAL,TRAMO RECTO,PLANA ,ASFALTADA,,,,,IMPRUDENCIA DEL CONDUCTOR,EXCESO DE VELOCIDAD
A-2022-12-230,15/12/2022,21:50,ATROPELLO,1,0,,LIMA,LIMA,COMAS,URBANA,AVENIDA,URBANO,NO CORRESPONDE,-11.92179259,-77.03542497,DESPEJADO,RESIDENCIAL,TRAMO RECTO,PLANA ,ASFALTADA,,,,,EN PROCESO DE INVESTIGACIÓN,NO CUENTA CON CAUSA ESPECIFICA
A-2022-12-69,16/12/2022,00:35,CHOQUE,1,0,2,LA LIBERTAD,CHEPEN,PACANGA,RURAL,CARRETERA,NACIONAL,PE-1N,-7.1187,-79.48835,DESPEJADO,RURAL,TRAMO RECTO,PLANA ,ASFALTADA,,,,,IMPRUDENCIA DEL CONDUCTOR,CONDUCIR EN ESTADO DE EBRIEDAD Y/O DROGADICCIÓN
A-2022-12-27,16/12/2022,03:30,DESPISTE,1,0,1,CUSCO,CANAS,CHECCA,RURAL,CARRETERA,PROVINCIAL,CU-1801,-14.478974619273771,-71.53463365004313,DESPEJADO,RURAL,CURVA,PLANA ,TROCHA,,,,,IMPRUDENCIA DEL CONDUCTOR,EXCESO DE VELOCIDAD
A-2022-12-34,16/12/2022,07:45,ESPECIAL,1,0,1,CUSCO,LA CONVENCION,VILCABAMBA,RURAL,CARRETERA,DEPARTAMENTAL,CU-100,-13.038977224331129,-72.81404612229271,NUBLADO,RURAL,CURVA,INCLINADA,TROCHA,,,,,IMPRUDENCIA DEL CONDUCTOR,OTRO (IMPRUDENCIA DEL CONDUCTOR)
A-2022-12-95,16/12/2022,10:30,CHOQUE,2,4,3,LAMBAYEQUE,LAMBAYEQUE,LAMBAYEQUE,RURAL,CARRETERA,NACIONAL,PE-1NJ,-6.6365542,-79.8906636,DESPEJADO,RURAL,TRAMO RECTO,PLANA ,ASFALTADA,,,,,EN PROCESO DE INVESTIGACIÓN,NO CUENTA CON CAUSA ESPECIFICA
A-2022-12-220,16/12/2022,11:30,ATROPELLO,1,0,,PIURA,SULLANA,SULLANA,URBANA,CARRETERA,NACIONAL,PE-1NL,-4.915,-80.691,DESPEJADO,RURAL,INTERSECCIÓN,PLANA ,AFIRMADO,,,,,IMPRUDENCIA DEL PEATÓN,OTRO (IMPRUDENCIA DEL PEATÓN)
A-2022-12-70,16/12/2022,19:30,DESPISTE,1,0,1,LA LIBERTAD,GRAN CHIMU,CASCAS,RURAL,CARRETERA,NACIONAL,PE-1NF,-7.594535020727171,-78.88960892189267,DESPEJADO,RURAL,TRAMO RECTO,PLANA ,ASFALTADA,,,,,IMPRUDENCIA DEL CONDUCTOR,OTRO (IMPRUDENCIA DEL CONDUCTOR)
A-2022-12-91,16/12/2022,20:45,CHOQUE,1,0,2,LAMBAYEQUE,CHICLAYO,CHONGOYAPE,RURAL,CARRETERA,NACIONAL,PE-06A,-6.6572423,-79.4276372,DESPEJADO,RURAL,TRAMO RECTO,PLANA ,ASFALTADA,,,,,EN PROCESO DE INVESTIGACIÓN,NO CUENTA CON CAUSA ESPECIFICA
A-2022-12-227,17/12/2022,02:09,DESPISTE,1,0,,LORETO,MAYNAS,SAN JUAN BAUTISTA,URBANA,AVENIDA,URBANO,NO CORRESPONDE,-3.7791599,-73.279583,DESPEJADO,RURAL,CURVA,INCLINADA,ASFALTADA,,,,,IMPRUDENCIA DEL CONDUCTOR,EXCESO DE VELOCIDAD
A-2022-12-195,17/12/2022,04:00,DESPISTE,1,0,1,PIURA,PIURA,PIURA,URBANA,AVENIDA,URBANO,NO CORRESPONDE,-5.16419502051092,-80.64683133915902,DESPEJADO,INDUSTRIAL,TRAMO RECTO,PLANA ,ASFALTADA,NO,,,SI,IMPRUDENCIA DEL CONDUCTOR,CONDUCIR EN ESTADO DE EBRIEDAD Y/O DROGADICCIÓN
A-2022-12-51,17/12/2022,08:30,DESPISTE,1,1,1,ANCASH,RECUAY,CATAC,RURAL,CARRETERA,NACIONAL,PE-3N,-9.946212455525938,-77.3817788327808,LLUVIOSO,RURAL,TRAMO RECTO,PLANA ,ASFALTADA,SI,REGULADORA (R),,SI,EN PROCESO DE INVESTIGACIÓN,NO CUENTA CON CAUSA ESPECIFICA
A-2022-12-235,17/12/2022,10:15,DESPISTE,1,2,1,AYACUCHO,SUCRE,QUEROBAMBA,RURAL,CARRETERA,NACIONAL,PE-32A,-13.986602,-73.850651,DESPEJADO,RURAL,CURVA,INCLINADA,ASFALTADA,SI,PREVENTIVA (P),PREVENTIVA (P),NO,IMPRUDENCIA DEL CONDUCTOR,OTRO (IMPRUDENCIA DEL CONDUCTOR)
A-2022-12-108,17/12/2022,20:02,DESPISTE,1,0,1,LAMBAYEQUE,CHICLAYO,POMALCA,RURAL,CARRETERA,PROVINCIAL,LA-816,-6.7710257,-79.7874357,DESPEJADO,RURAL,TRAMO RECTO,PLANA ,ASFALTADA,,,,,EN PROCESO DE INVESTIGACIÓN,NO CUENTA CON CAUSA ESPECIFICA
A-2022-12-155,18/12/2022,03:00,ATROPELLO FUGA,1,0,,LIMA,LIMA,LURIN,URBANA,CARRETERA,NACIONAL,PE-1S,-12.250006357950348,-76.93125838153544,DESPEJADO,COMERCIAL,TRAMO RECTO,PLANA ,ASFALTADA,,,,,EN PROCESO DE INVESTIGACIÓN,NO CUENTA CON CAUSA ESPECIFICA
A-2022-12-231,18/12/2022,07:50,ESPECIAL,1,0,,LIMA,LIMA,LURIGANCHO,URBANA,AUTOPISTA,URBANO,NO CORRESPONDE,-12.007382682308082,-76.87868439810828,DESPEJADO,COMERCIAL,OTRO,INCLINADA,TROCHA,,,,,EN PROCESO DE INVESTIGACIÓN,NO CUENTA CON CAUSA ESPECIFICA
A-2022-12-23,18/12/2022,14:00,CHOQUE,1,0,2,AREQUIPA,AREQUIPA,YURA,RURAL,CARRETERA,NACIONAL,PE-34A,-16.29621,-71.642363,DESPEJADO,RURAL,CURVA,INCLINADA,ASFALTADA,NO,,,SI,EN PROCESO DE INVESTIGACIÓN,NO CUENTA CON CAUSA ESPECIFICA
A-2022-12-156,19/12/2022,02:00,DESPISTE,1,1,,LIMA,LIMA,PUENTE PIEDRA,URBANA,CARRETERA,NACIONAL,PE-1N,-11.8627248,-77.0772256,DESPEJADO,COMERCIAL,TRAMO RECTO,PLANA ,ASFALTADA,,,,,EN PROCESO DE INVESTIGACIÓN,NO CUENTA CON CAUSA ESPECIFICA
A-2022-12-79,19/12/2022,02:20,CHOQUE,1,2,2,TUMBES,ZARUMILLA,MATAPALO,RURAL,CARRETERA,DEPARTAMENTAL,TU-101,-3.6276798433710558,-80.1971590481813,DESPEJADO,RURAL,TRAMO RECTO,PLANA ,ASFALTADA,SI,PREVENTIVA (P),PREVENTIVA (P),NO,IMPRUDENCIA DEL CONDUCTOR,INVASIÓN DE CARRIL
A-2022-12-30,19/12/2022,05:30,VOLCADURA,7,25,1,CUSCO,CHUMBIVILCAS,LIVITACA,RURAL,CARRETERA,PROVINCIAL,CU-1589,-14.179242,-71.595118,DESPEJADO,RURAL,TRAMO RECTO,INCLINADA,TROCHA,,,,,IMPRUDENCIA DEL CONDUCTOR,FATIGA Y/O CANSANCIO
A-2022-12-157,19/12/2022,09:25,VOLCADURA,1,0,,LIMA,LIMA,PUENTE PIEDRA,URBANA,CARRETERA,NACIONAL,PE-1N,-11.900399,-77.067679,DESPEJADO,COMERCIAL,TRAMO RECTO,PLANA ,ASFALTADA,,,,,EN PROCESO DE INVESTIGACIÓN,NO CUENTA CON CAUSA ESPECIFICA
A-2022-12-193,19/12/2022,11:30,ATROPELLO,1,0,,JUNIN,HUANCAYO,EL TAMBO,URBANA,CARRETERA,NACIONAL,PE-24,-12.053305,-75.233278,SOLEADO,COMERCIAL,INTERSECCIÓN,PLANA ,ASFALTADA,NO,,,SI,IMPRUDENCIA DEL PEATÓN,OTRO (IMPRUDENCIA DEL PEATÓN)
A-2022-12-222,19/12/2022,15:30,ATROPELLO FUGA,1,0,,PIURA,PIURA,TAMBO GRANDE,URBANA,CARRETERA,NACIONAL,PE-1NL,-4.903164773382002,-80.34626822118075,DESPEJADO,RURAL,TRAMO RECTO,PLANA ,ASFALTADA,,,,,EN PROCESO DE INVESTIGACIÓN,NO CUENTA CON CAUSA ESPECIFICA
A-2022-12-88,19/12/2022,15:50,DESPISTE,1,1,1,LAMBAYEQUE,CHICLAYO,PIMENTEL,RURAL,CARRETERA,DEPARTAMENTAL,LA-115,-6.835819,-79.927081,DESPEJADO,RURAL,CURVA,PLANA ,ASFALTADA,,,,,EN PROCESO DE INVESTIGACIÓN,NO CUENTA CON CAUSA ESPECIFICA
A-2022-12-189,19/12/2022,20:30,ATROPELLO,1,2,2,PIURA,SULLANA,MIGUEL CHECA,RURAL,CARRETERA,NACIONAL,PE-02,-5.127405,-80.834232,DESPEJADO,RURAL,TRAMO RECTO,PLANA ,ASFALTADA,,,,,EN PROCESO DE INVESTIGACIÓN,NO CUENTA CON CAUSA ESPECIFICA
A-2022-12-158,19/12/2022,22:00,ATROPELLO,1,0,,LIMA,LIMA,SAN MARTIN DE PORRES,URBANA,AVENIDA,URBANO,NO CORRESPONDE,-11.9886123,-77.08101323,DESPEJADO,COMERCIAL,INTERSECCIÓN,PLANA ,ASFALTADA,,,,,EN PROCESO DE INVESTIGACIÓN,NO CUENTA CON CAUSA ESPECIFICA
A-2022-12-159,19/12/2022,23:45,ATROPELLO FUGA,1,0,,LIMA,LIMA,LURIGANCHO,URBANA,AVENIDA,URBANO,NO CORRESPONDE,-12.005509,-76.864542,DESPEJADO,RESIDENCIAL,TRAMO RECTO,PLANA ,AFIRMADO,,,,,EN PROCESO DE INVESTIGACIÓN,NO CUENTA CON CAUSA ESPECIFICA
A-2022-12-61,20/12/2022,03:20,CHOQUE,1,0,,AYACUCHO,HUAMANGA,VINCHOS,RURAL,CARRETERA,NACIONAL,PE-28A,-13.262814,-74.313207,DESPEJADO,RURAL,CURVA,PLANA ,TROCHA,,,,,IMPRUDENCIA DEL CONDUCTOR,CONDUCIR EN ESTADO DE EBRIEDAD Y/O DROGADICCIÓN
A-2022-12-162,20/12/2022,06:30,VOLCADURA,1,0,,LIMA,LIMA,RIMAC,URBANA,CARRETERA,NACIONAL,PE-1N,-12.041029903264159,-77.03330573589118,DESPEJADO,RESIDENCIAL,TRAMO RECTO,PLANA ,ASFALTADA,,,,,EN PROCESO DE INVESTIGACIÓN,NO CUENTA CON CAUSA ESPECIFICA
A-2022-12-208,20/12/2022,07:00,DESPISTE,2,0,1,JUNIN,YAULI,LA OROYA,RURAL,CARRETERA,NACIONAL,PE-3S,-11.522878,-75.896354,DESPEJADO,RURAL,CURVA,INCLINADA,ASFALTADA,,,,,IMPRUDENCIA DEL CONDUCTOR,EXCESO DE VELOCIDAD
A-2022-12-160,20/12/2022,11:15,ATROPELLO FUGA,1,0,,LIMA,LIMA,CARABAYLLO,URBANA,AVENIDA,URBANO,NO CORRESPONDE,-11.853195628398918,-77.00321274235941,DESPEJADO,COMERCIAL,TRAMO RECTO,INCLINADA,ASFALTADA,,,,,EN PROCESO DE INVESTIGACIÓN,NO CUENTA CON CAUSA ESPECIFICA
A-2022-12-161,20/12/2022,14:15,ATROPELLO,1,0,,LIMA,LIMA,PUCUSANA,URBANA,CARRETERA,NACIONAL,PE-1S,-12.450924,-76.75534,DESPEJADO,RURAL,TRAMO RECTO,PLANA ,ASFALTADA,,,,,EN PROCESO DE INVESTIGACIÓN,NO CUENTA CON CAUSA ESPECIFICA
A-2022-12-71,20/12/2022,15:15,CHOQUE,1,0,2,LA LIBERTAD,PACASMAYO,GUADALUPE,RURAL,CARRETERA,NACIONAL,PE-1N,-7.311197,-79.480883,DESPEJADO,RURAL,TRAMO RECTO,PLANA ,ASFALTADA,,,,,EN PROCESO DE INVESTIGACIÓN,NO CUENTA CON CAUSA ESPECIFICA
A-2022-12-29,21/12/2022,05:30,CHOQUE,1,0,2,PUNO,PUNO,CHUCUITO,RURAL,CARRETERA,NACIONAL,PE-3S,-15.900134096683441,-69.88882902488676,DESPEJADO,RURAL,TRAMO RECTO,PLANA ,ASFALTADA,,,,,INFRAESTRUCTURA Y ENTORNO VIAL,OTRO (INFRAESTRUCTURA Y ENTORNO VIAL)
A-2022-12-163,21/12/2022,07:30,ATROPELLO,1,0,,LIMA,LIMA,JESUS MARIA,URBANA,AVENIDA,URBANO,NO CORRESPONDE,-12.089428754673301,-77.05854595639885,DESPEJADO,COMERCIAL,TRAMO RECTO,PLANA ,ASFALTADA,SI,REGULADORA (R),,NO,EN PROCESO DE INVESTIGACIÓN,NO CUENTA CON CAUSA ESPECIFICA
A-2022-12-192,21/12/2022,08:00,ATROPELLO,1,0,,JUNIN,HUANCAYO,PILCOMAYO,URBANA,CARRETERA,NACIONAL,PE-3SB,-12.044905,-75.252199,DESPEJADO,RURAL,TRAMO RECTO,PLANA ,ASFALTADA,NO,,,SI,IMPRUDENCIA DEL PEATÓN,OTRO (IMPRUDENCIA DEL PEATÓN)
A-2022-12-32,21/12/2022,11:00,CAÍDA DE PASAJERO,1,0,0,AREQUIPA,AREQUIPA,AREQUIPA,URBANA,AVENIDA,URBANO,NO CORRESPONDE,-16.405651,-71.540207,SOLEADO,ESCOLAR,TRAMO RECTO,INCLINADA,ASFALTADA,NO,,,SI,EN PROCESO DE INVESTIGACIÓN,NO CUENTA CON CAUSA ESPECIFICA
A-2022-12-121,21/12/2022,16:00,DESPISTE,1,0,,CAJAMARCA,CUTERVO,CUTERVO,RURAL,CARRETERA,PROVINCIAL,CA-825,-6.29315262885474,-78.983828722132,DESPEJADO,RURAL,CURVA,INCLINADA,AFIRMADO,,,,,IMPRUDENCIA DEL CONDUCTOR,EXCESO DE VELOCIDAD
A-2022-12-212,21/12/2022,17:40,CHOQUE,1,2,2,JUNIN,SATIPO,MAZAMARI,RURAL,CARRETERA,NACIONAL,PE-5S,-11.322435142214069,-74.53659806109265,DESPEJADO,RURAL,TRAMO RECTO,PLANA ,ASFALTADA,,,,,IMPRUDENCIA DEL CONDUCTOR,EXCESO DE PASAJEROS O CARGA
A-2022-12-203,21/12/2022,18:30,DESPISTE,1,0,,MADRE DE DIOS,TAMBOPATA,LAS PIEDRAS,RURAL,CARRETERA,NACIONAL,PE-30C,-12.359385,-69.153991,DESPEJADO,RURAL,TRAMO RECTO,PLANA ,ASFALTADA,,,,,EN PROCESO DE INVESTIGACIÓN,NO CUENTA CON CAUSA ESPECIFICA
A-2022-12-164,21/12/2022,19:40,ATROPELLO FUGA,1,0,,LIMA,LIMA,PUENTE PIEDRA,URBANA,CARRETERA,NACIONAL,PE-20,-11.835598,-77.111331,DESPEJADO,ESCOLAR,CURVA,PLANA ,ASFALTADA,,,,,EN PROCESO DE INVESTIGACIÓN,NO CUENTA CON CAUSA ESPECIFICA
A-2022-12-181,21/12/2022,21:30,CHOQUE,1,2,2,LIMA,HUAURA,HUAURA,RURAL,CARRETERA,NACIONAL,PE-1NE,-11.06219,-77.55213,DESPEJADO,RURAL,TRAMO RECTO,PLANA ,ASFALTADA,SI,REGULADORA (R),,NO,IMPRUDENCIA DEL CONDUCTOR,CONDUCIR EN ESTADO DE EBRIEDAD Y/O DROGADICCIÓN
A-2022-12-165,21/12/2022,22:30,CHOQUE,1,0,,LIMA,LIMA,LURIN,URBANA,CARRETERA,NACIONAL,PE-1S,-12.249877,-76.931362,DESPEJADO,COMERCIAL,TRAMO RECTO,PLANA ,ASFALTADA,,,,,EN PROCESO DE INVESTIGACIÓN,NO CUENTA CON CAUSA ESPECIFICA
A-2022-12-72,21/12/2022,23:30,ATROPELLO,1,0,1,LA LIBERTAD,TRUJILLO,LA ESPERANZA,URBANA,AVENIDA,URBANO,NO CORRESPONDE,-8.0735967,-79.0487591,DESPEJADO,COMERCIAL,TRAMO RECTO,PLANA ,ASFALTADA,,,,,IMPRUDENCIA DEL PEATÓN,CRUCE INDEBIDO POR LA CALZADA
A-2022-12-86,22/12/2022,05:20,CHOQUE,2,2,1,ANCASH,CASMA,CASMA,RURAL,CARRETERA,NACIONAL,PE-1N,-9.445646,-78.350371,DESPEJADO,RURAL,TRAMO RECTO,PLANA ,ASFALTADA,,,,,EN PROCESO DE INVESTIGACIÓN,NO CUENTA CON CAUSA ESPECIFICA
A-2022-12-36,22/12/2022,10:00,ATROPELLO,1,1,1,ICA,ICA,SANTIAGO,RURAL,CARRETERA,NACIONAL,PE-1S,-14.1853908,-75.7144103,DESPEJADO,RURAL,TRAMO RECTO,PLANA ,ASFALTADA,,,,,EN PROCESO DE INVESTIGACIÓN,NO CUENTA CON CAUSA ESPECIFICA
A-2022-12-167,22/12/2022,13:30,DESPISTE,2,5,,LIMA,LIMA,ATE,URBANA,AVENIDA,URBANO,NO CORRESPONDE,-12.042236570848894,-76.91083070181811,DESPEJADO,RESIDENCIAL,TRAMO RECTO,PLANA ,ASFALTADA,,,,,EN PROCESO DE INVESTIGACIÓN,NO CUENTA CON CAUSA ESPECIFICA