CÓDIGO SINIESTRO,FECHA SINIESTRO,HORA SINIESTRO,CLASE SINIESTRO,CANTIDAD DE FALLECIDOS,CANTIDAD DE LESIONADOS,CANTIDAD DE VEHICULOS DAÑADOS,DEPARTAMENTO,PROVINCIA,DISTRITO,ZONA,TIPO DE VÍA,RED VIAL,COD CARRETERA,COORDENADAS LATITUD,COORDENADAS  LONGITUD,CONDICIÓN CLIMÁTICA,ZONIFICACIÓN,CARACTERÍSTICAS DE VÍA,PERFIL LONGITUDINAL VÍA,SUPERFICIE DE CALZADA,¿EXISTE SEÑAL VERTICAL?,CLASIFICACIÓN DE LA SEÑAL VERTICAL Nº 1,CLASIFICACIÓN DE LA SEÑAL VERTICAL Nº 2,¿EXISTE SEÑAL HORIZONTAL?,CAUSA FACTOR PRINCIPAL,CAUSA ESPECÍFICA
A-2022-12-40,22/12/2022,20:30,ATROPELLO FUGA,1,0,1,AREQUIPA,AREQUIPA,CERRO COLORADO,URBANA,CARRETERA,DEPARTAMENTAL,AR-123,-16.346203,-71.606285,DESPEJADO,COMERCIAL,TRAMO RECTO,PLANA ,ASFALTADA,NO,,,SI,EN PROCESO DE INVESTIGACIÓN,NO CUENTA CON CAUSA ESPECIFICA
A-2022-12-96,23/12/2022,00:30,CHOQUE FUGA,1,2,2,LAMBAYEQUE,CHICLAYO,JOSE LEONARDO ORTIZ,RURAL,CARRETERA,DEPARTAMENTAL,LA-111,-6.7378566,-79.7915933,DESPEJADO,RURAL,TRAMO RECTO,PLANA ,ASFALTADA,,,,,EN PROCESO DE INVESTIGACIÓN,NO CUENTA CON CAUSA ESPECIFICA
A-2022-12-87,23/12/2022,04:00,CHOQUE,4,0,2,ANCASH,SANTA,NUEVO CHIMBOTE,URBANA,CARRETERA,NACIONAL,PE-1N,-9.131875997,-78.52748606,DESPEJADO,RESIDENCIAL,INTERSECCIÓN,PLANA ,ASFALTADA,,,,,IMPRUDENCIA DEL CONDUCTOR,INVASIÓN DE CARRIL
A-2022-12-73,23/12/2022,05:00,CHOQUE,2,1,2,LA LIBERTAD,CHEPEN,PACANGA,RURAL,CARRETERA,NACIONAL,PE-1N,-7.178833728458344,-79.4373320667413,DESPEJADO,RURAL,TRAMO RECTO,PLANA ,ASFALTADA,,,,,IMPRUDENCIA DEL CONDUCTOR,CONDUCIR EN ESTADO DE EBRIEDAD Y/O DROGADICCIÓN
A-2022-12-47,23/12/2022,12:25,ATROPELLO,1,0,,MADRE DE DIOS,MANU,MANU,URBANA,CALLE,URBANO,NO CORRESPONDE,-12.833549284035202,-71.37055755146186,DESPEJADO,RESIDENCIAL,TRAMO RECTO,INCLINADA,CASCAJO/RIPIO,,,,,IMPRUDENCIA DEL CONDUCTOR,OTRO (IMPRUDENCIA DEL CONDUCTOR)
A-2022-12-134,23/12/2022,16:40,ATROPELLO FUGA,1,0,,CALLAO,CALLAO,CALLAO,URBANA,AVENIDA,URBANO,NO CORRESPONDE,-12.0425695,-77.118363617,DESPEJADO,COMERCIAL,TRAMO RECTO,PLANA ,ASFALTADA,SI,REGULADORA (R),,SI,EN PROCESO DE INVESTIGACIÓN,NO CUENTA CON CAUSA ESPECIFICA
A-2022-12-204,23/12/2022,20:00,CHOQUE,1,0,,MADRE DE DIOS,TAHUAMANU,TAHUAMANU,RURAL,CARRETERA,NACIONAL,PE-30C,-11.7926840460836,-69.1849551896851,,,,,,,,,,EN PROCESO DE INVESTIGACIÓN,NO CUENTA CON CAUSA ESPECIFICA
A-2022-12-190,23/12/2022,21:30,CHOQUE,1,1,2,PIURA,SECHURA,CRISTO NOS VALGA,RURAL,CARRETERA,NACIONAL,PE-1N,-5.528242,-80.589899,SOLEADO,RURAL,TRAMO RECTO,PLANA ,ASFALTADA,,,,,IMPRUDENCIA DEL CONDUCTOR,EXCESO DE VELOCIDAD
A-2022-12-48,23/12/2022,22:30,DESPISTE,1,1,1,CUSCO,ESPINAR,ALTO PICHIGUA,RURAL,CARRETERA,NACIONAL,PE-34F,-14.7367389,-71.3256878,DESPEJADO,RURAL,SINUOSA,INCLINADA,ASFALTADA,SI,PREVENTIVA (P),,SI,IMPRUDENCIA DEL CONDUCTOR,EXCESO DE VELOCIDAD
A-2022-12-166,23/12/2022,23:00,ATROPELLO,1,0,,LIMA,LIMA,COMAS,URBANA,AVENIDA,URBANO,NO CORRESPONDE,-11.912144054579986,-77.04594553809683,DESPEJADO,RESIDENCIAL,TRAMO RECTO,PLANA ,ASFALTADA,,,,,EN PROCESO DE INVESTIGACIÓN,NO CUENTA CON CAUSA ESPECIFICA
A-2022-12-198,24/12/2022,04:50,ATROPELLO,1,0,1,PIURA,PIURA,CASTILLA,URBANA,CARRETERA,NACIONAL,PE-1NJ,-5.1909672739431745,-80.6055176561906,DESPEJADO,COMERCIAL,TRAMO RECTO,PLANA ,ASFALTADA,,,,,IMPRUDENCIA DEL CONDUCTOR,EXCESO DE VELOCIDAD
A-2022-12-49,24/12/2022,07:00,VOLCADURA,1,1,1,CUSCO,ESPINAR,CONDOROMA,RURAL,CARRETERA,NACIONAL,PE-34J,-15.3191984,-71.1253199,DESPEJADO,RURAL,CURVA,INCLINADA,ASFALTADA,SI,PREVENTIVA (P),,SI,IMPRUDENCIA DEL CONDUCTOR,EXCESO DE VELOCIDAD
A-2022-12-37,24/12/2022,08:15,ATROPELLO,1,0,1,ICA,PISCO,INDEPENDENCIA,RURAL,CARRETERA,NACIONAL,PE-28A,-13.709045,-75.9864218,DESPEJADO,RURAL,TRAMO RECTO,PLANA ,ASFALTADA,,,,,EN PROCESO DE INVESTIGACIÓN,NO CUENTA CON CAUSA ESPECIFICA
A-2022-12-93,24/12/2022,08:45,ATROPELLO,1,0,1,LAMBAYEQUE,LAMBAYEQUE,MOTUPE,RURAL,CARRETERA,NACIONAL,PE-1NJ,-6.2305182,-79.7133815,DESPEJADO,RURAL,TRAMO RECTO,PLANA ,ASFALTADA,,,,,EN PROCESO DE INVESTIGACIÓN,NO CUENTA CON CAUSA ESPECIFICA
A-2022-12-178,24/12/2022,17:00,CHOQUE,1,1,3,LIMA,HUAURA,HUACHO,RURAL,CARRETERA,NACIONAL,PE-1N,-11.18402,-77.57669,DESPEJADO,RURAL,TRAMO RECTO,PLANA ,ASFALTADA,,,,,IMPRUDENCIA DEL CONDUCTOR,EXCESO DE VELOCIDAD
A-2022-12-39,24/12/2022,20:02,CHOQUE FUGA,1,0,,PUNO,CHUCUITO,DESAGUADERO,RURAL,CARRETERA,NACIONAL,PE-36A,-16.618889,-69.149559,DESPEJADO,RURAL,TRAMO RECTO,PLANA ,ASFALTADA,,,,,EN PROCESO DE INVESTIGACIÓN,NO CUENTA CON CAUSA ESPECIFICA
A-2022-12-169,25/12/2022,02:45,ATROPELLO FUGA,1,0,,LIMA,LIMA,SANTIAGO DE SURCO,URBANA,CARRETERA,NACIONAL,PE-1S,-12.144819356636646,-76.98190654884502,DESPEJADO,COMERCIAL,TRAMO RECTO,PLANA ,ASFALTADA,,,,,EN PROCESO DE INVESTIGACIÓN,NO CUENTA CON CAUSA ESPECIFICA
A-2022-12-207,25/12/2022,06:10,DESPISTE,2,0,,JUNIN,JAUJA,CURICACA,RURAL,CARRETERA,NACIONAL,PE-3S,-11.814658245043239,-75.62874008771473,DESPEJADO,RURAL,TRAMO RECTO,PLANA ,ASFALTADA,NO,,,SI,IMPRUDENCIA DEL CONDUCTOR,OTRO (IMPRUDENCIA DEL CONDUCTOR)
A-2022-12-170,25/12/2022,07:30,DESPISTE,1,0,,LIMA,LIMA,BARRANCO,URBANA,AUTOPISTA,URBANO,NO CORRESPONDE,-12.139128988004245,-77.02745275937706,DESPEJADO,COMERCIAL,CURVA,INCLINADA,ASFALTADA,,,,,EN PROCESO DE INVESTIGACIÓN,NO CUENTA CON CAUSA ESPECIFICA
A-2022-12-196,25/12/2022,08:15,CHOQUE,1,1,2,PIURA,PIURA,CATACAOS,RURAL,CARRETERA,NACIONAL,PE-1N,-5.233518,-80.645968,DESPEJADO,RURAL,TRAMO RECTO,PLANA ,ASFALTADA,,,,,IMPRUDENCIA DEL CONDUCTOR,EXCESO DE VELOCIDAD
A-2022-12-38,25/12/2022,08:41,ATROPELLO,1,0,1,ICA,PISCO,PISCO,URBANA,AVENIDA,URBANO,NO CORRESPONDE,-13.71781184364795,-76.1953913975266,DESPEJADO,RESIDENCIAL,INTERSECCIÓN,PLANA ,ASFALTADA,,,,,EN PROCESO DE INVESTIGACIÓN,NO CUENTA CON CAUSA ESPECIFICA
A-2022-12-168,25/12/2022,16:30,CHOQUE,1,0,,LIMA,LIMA,LIMA,URBANA,AVENIDA,URBANO,NO CORRESPONDE,-12.044994952836248,-77.04283697391459,DESPEJADO,COMERCIAL,INTERSECCIÓN,PLANA ,ASFALTADA,,,,,EN PROCESO DE INVESTIGACIÓN,NO CUENTA CON CAUSA ESPECIFICA
A-2022-12-213,25/12/2022,21:00,CHOQUE,2,0,,JUNIN,TARMA,SAN PEDRO DE CAJAS,RURAL,CARRETERA,DEPARTAMENTAL,JU-105,-11.255772483987002,-75.82256735949572,DESPEJADO,RURAL,CURVA,PLANA ,TROCHA,,,,,IMPRUDENCIA DEL CONDUCTOR,EXCESO DE VELOCIDAD
A-2022-12-185,25/12/2022,22:30,ATROPELLO,1,0,1,PIURA,PIURA,VEINTISEIS DE OCTUBRE,URBANA,OTRO,URBANO,NO CORRESPONDE,-5.182306321297527,-80.65152538203908,DESPEJADO,COMERCIAL,OTRO,PLANA ,ASFALTADA,,,,,IMPRUDENCIA DEL PEATÓN,ESTADO DE EBRIEDAD Y/O DROGADICCIÓN
A-2022-12-45,25/12/2022,23:37,DESPISTE,1,0,1,AREQUIPA,CAYLLOMA,MAJES,RURAL,CARRETERA,PROVINCIAL,AR-733,-16.353223,-72.149276,DESPEJADO,RURAL,TRAMO RECTO,PLANA ,TROCHA,,,,,EN PROCESO DE INVESTIGACIÓN,NO CUENTA CON CAUSA ESPECIFICA
A-2022-12-171,26/12/2022,14:30,ATROPELLO,1,0,,LIMA,LIMA,SAN JUAN DE LURIGANCHO,URBANA,AVENIDA,URBANO,NO CORRESPONDE,-12.029394015701405,-77.01166679892997,DESPEJADO,COMERCIAL,TRAMO RECTO,PLANA ,ASFALTADA,,,,,EN PROCESO DE INVESTIGACIÓN,NO CUENTA CON CAUSA ESPECIFICA
A-2022-12-131,26/12/2022,15:56,CHOQUE,1,0,,CALLAO,CALLAO,CALLAO,URBANA,CARRETERA,NACIONAL,PE-20,-11.9439428,-77.1315501,DESPEJADO,COMERCIAL,TRAMO RECTO,PLANA ,ASFALTADA,NO,,,SI,EN PROCESO DE INVESTIGACIÓN,NO CUENTA CON CAUSA ESPECIFICA
A-2022-12-41,26/12/2022,22:00,CHOQUE,1,1,3,AREQUIPA,AREQUIPA,LA JOYA,RURAL,CARRETERA,NACIONAL,PE-1S,-16.5619253,-71.8240875,DESPEJADO,RURAL,TRAMO RECTO,PLANA ,ASFALTADA,,,,,EN PROCESO DE INVESTIGACIÓN,NO CUENTA CON CAUSA ESPECIFICA
A-2022-12-186,27/12/2022,04:00,CHOQUE,2,4,,JUNIN,JAUJA,PACCHA,URBANA,CARRETERA,NACIONAL,PE-3S,-11.825113,-75.499218,DESPEJADO,RURAL,CURVA,PLANA ,ASFALTADA,NO,,,SI,IMPRUDENCIA DEL CONDUCTOR,INVASIÓN DE CARRIL
A-2022-12-210,27/12/2022,04:40,DESPISTE,1,1,,MADRE DE DIOS,TAMBOPATA,LAS PIEDRAS,RURAL,CARRETERA,NACIONAL,PE-30C,-12.175021,-69.114092,,,,,,,,,,EN PROCESO DE INVESTIGACIÓN,NO CUENTA CON CAUSA ESPECIFICA
A-2022-12-122,27/12/2022,05:50,CHOQUE,2,3,2,CAJAMARCA,CAJAMARCA,MAGDALENA,RURAL,CARRETERA,NACIONAL,PE-08,-7.27770333,-78.59512833,SOLEADO,RURAL,CURVA,PLANA ,ASFALTADA,NO,,,SI,EN PROCESO DE INVESTIGACIÓN,NO CUENTA CON CAUSA ESPECIFICA
A-2022-12-174,27/12/2022,18:50,CHOQUE,1,0,3,CUSCO,CANCHIS,CHECACUPE,RURAL,CARRETERA,NACIONAL,PE-3S,-14.046643,-71.447767,LLUVIOSO,RURAL,CURVA,PLANA ,ASFALTADA,SI,PREVENTIVA (P),,SI,IMPRUDENCIA DEL CONDUCTOR,EXCESO DE VELOCIDAD
A-2022-12-53,27/12/2022,23:00,CHOQUE,2,0,3,TACNA,TACNA,SAMA,RURAL,CARRETERA,NACIONAL,PE-1SD,-18.127199,-70.708028,DESPEJADO,RURAL,TRAMO RECTO,PLANA ,ASFALTADA,,,,,IMPRUDENCIA DEL CONDUCTOR,OTRO (IMPRUDENCIA DEL CONDUCTOR)
A-2022-12-74,28/12/2022,06:20,CHOQUE,1,1,2,LA LIBERTAD,TRUJILLO,VICTOR LARCO HERRERA,RURAL,CARRETERA,NACIONAL,PE-1N,-8.133712,-79.064233,DESPEJADO,RURAL,TRAMO RECTO,PLANA ,ASFALTADA,,,,,IMPRUDENCIA DEL CONDUCTOR,EXCESO DE VELOCIDAD
A-2022-12-214,28/12/2022,08:30,CHOQUE,1,0,,JUNIN,CHANCHAMAYO,SAN RAMON,RURAL,CARRETERA,NACIONAL,PE-22B,-11.110062655924239,-75.3426289488776,DESPEJADO,RURAL,CURVA,PLANA ,ASFALTADA,,,,,IMPRUDENCIA DEL CONDUCTOR,INVASIÓN DE CARRIL
A-2022-12-46,28/12/2022,19:00,CHOQUE FUGA,1,0,2,CUSCO,ANTA,LIMATAMBO,RURAL,CARRETERA,NACIONAL,PE-3S,-13.5020023542712,-72.4952346239632,LLUVIOSO,RURAL,TRAMO RECTO,INCLINADA,ASFALTADA,SI,REGULADORA (R),,SI,IMPRUDENCIA DEL CONDUCTOR,EXCESO DE VELOCIDAD
A-2022-12-182,28/12/2022,21:00,ATROPELLO FUGA,1,0,,JUNIN,HUANCAYO,CULLHUAS,RURAL,CARRETERA,NACIONAL,PE-3S,-12.2696677,-75.1242455,LLUVIOSO,RURAL,TRAMO RECTO,PLANA ,ASFALTADA,NO,,,SI,EN PROCESO DE INVESTIGACIÓN,NO CUENTA CON CAUSA ESPECIFICA
A-2022-12-56,28/12/2022,21:15,CHOQUE,4,1,2,ICA,PISCO,PARACAS,RURAL,CARRETERA,NACIONAL,PE-1S,-13.805843718923223,-76.1534953254719,DESPEJADO,RURAL,INTERSECCIÓN,PLANA ,ASFALTADA,,,,,EN PROCESO DE INVESTIGACIÓN,NO CUENTA CON CAUSA ESPECIFICA
A-2022-12-43,29/12/2022,01:40,ATROPELLO FUGA,1,0,,CUSCO,ANTA,ANTA,RURAL,CARRETERA,NACIONAL,PE-3S,-13.47583905853345,-72.12783103066586,DESPEJADO,RURAL,TRAMO RECTO,PLANA ,ASFALTADA,NO,,,SI,EN PROCESO DE INVESTIGACIÓN,NO CUENTA CON CAUSA ESPECIFICA
A-2022-12-58,29/12/2022,04:40,VOLCADURA,1,1,,APURIMAC,ABANCAY,CURAHUASI,RURAL,CARRETERA,SIN CLASIFICAR,SIN CLASIFICAR,-13.6393287540196,-72.60660738232684,,,,,,,,,,EN PROCESO DE INVESTIGACIÓN,NO CUENTA CON CAUSA ESPECIFICA
A-2022-12-57,29/12/2022,06:40,CHOQUE,2,2,2,ICA,PISCO,HUMAY,RURAL,CARRETERA,NACIONAL,PE-28A,-13.72278527950069,-75.88518324361718,DESPEJADO,RURAL,TRAMO RECTO,PLANA ,ASFALTADA,,,,,EN PROCESO DE INVESTIGACIÓN,NO CUENTA CON CAUSA ESPECIFICA
A-2022-12-172,29/12/2022,09:40,ATROPELLO FUGA,1,0,,LIMA,LIMA,SAN MARTIN DE PORRES,URBANA,CARRETERA,NACIONAL,PE-1N,-12.03542145104657,-77.04759117506946,DESPEJADO,COMERCIAL,TRAMO RECTO,PLANA ,ASFALTADA,SI,REGULADORA (R),,NO,EN PROCESO DE INVESTIGACIÓN,NO CUENTA CON CAUSA ESPECIFICA
A-2022-12-75,29/12/2022,16:30,DESPISTE,1,0,1,LA LIBERTAD,CHEPEN,PUEBLO NUEVO,RURAL,CARRETERA,PROVINCIAL,LI-552,-7.203805583509783,-79.6643699865567,DESPEJADO,RURAL,TRAMO RECTO,PLANA ,ASFALTADA,,,,,EN PROCESO DE INVESTIGACIÓN,NO CUENTA CON CAUSA ESPECIFICA
A-2022-12-125,30/12/2022,00:30,CHOQUE,1,0,2,PUNO,HUANCANE,TARACO,RURAL,CARRETERA,NACIONAL,PE-34H,-15.2934527,-69.9602214,DESPEJADO,RURAL,TRAMO RECTO,PLANA ,ASFALTADA,,,,,IMPRUDENCIA DEL CONDUCTOR,EXCESO DE VELOCIDAD
A-2022-12-232,30/12/2022,02:38,CHOQUE,1,0,,LIMA,LIMA,ATE,URBANA,CARRETERA,NACIONAL,PE-1S,-12.067143,-76.971589,DESPEJADO,COMERCIAL,TRAMO RECTO,INCLINADA,ASFALTADA,,,,,EN PROCESO DE INVESTIGACIÓN,NO CUENTA CON CAUSA ESPECIFICA
A-2022-12-113,30/12/2022,04:20,ATROPELLO,1,0,1,PUNO,AZANGARO,ASILLO,RURAL,CARRETERA,NACIONAL,PE-34B,-14.674068728944974,-70.3663212984862,DESPEJADO,RURAL,TRAMO RECTO,PLANA ,ASFALTADA,,,,,IMPRUDENCIA DEL PEATÓN,CRUCE INDEBIDO POR LA CALZADA
A-2022-12-201,30/12/2022,07:30,CHOQUE,1,1,2,JUNIN,JAUJA,MUQUI,RURAL,CARRETERA,NACIONAL,PE-3SB,-11.82719,-75.445205,DESPEJADO,RURAL,TRAMO RECTO,PLANA ,ASFALTADA,NO,,,SI,IMPRUDENCIA DEL CONDUCTOR,EXCESO DE VELOCIDAD
A-2022-12-221,30/12/2022,11:30,CHOQUE CON OBJETO FIJO,1,0,1,PIURA,SULLANA,SULLANA,RURAL,CARRETERA,PROVINCIAL,PI-579,-4.907168007108716,-80.63694425970394,DESPEJADO,RURAL,OTRO,PLANA ,AFIRMADO,,,,,IMPRUDENCIA DEL CONDUCTOR,OTRO (IMPRUDENCIA DEL CONDUCTOR)
A-2022-12-92,30/12/2022,20:40,ATROPELLO,1,0,1,LAMBAYEQUE,CHICLAYO,CHICLAYO,URBANA,AVENIDA,URBANO,NO CORRESPONDE,-6.7644239,-79.8592299,DESPEJADO,RESIDENCIAL,INTERSECCIÓN,PLANA ,ASFALTADA,,,,,EN PROCESO DE INVESTIGACIÓN,NO CUENTA CON CAUSA ESPECIFICA
A-2022-12-54,31/12/2022,01:50,ATROPELLO FUGA,1,0,,PUNO,CHUCUITO,DESAGUADERO,RURAL,CARRETERA,NACIONAL,PE-3S,-16.546402039438025,-69.05188392863842,DESPEJADO,RURAL,TRAMO RECTO,PLANA ,ASFALTADA,,,,,IMPRUDENCIA DEL CONDUCTOR,EXCESO DE VELOCIDAD
A-2022-12-127,31/12/2022,03:30,CHOQUE,1,0,2,LAMBAYEQUE,LAMBAYEQUE,OLMOS,RURAL,CARRETERA,NACIONAL,PE-1NJ,-5.8471795,-79.8080689,DESPEJADO,RURAL,TRAMO RECTO,PLANA ,ASFALTADA,,,,,EN PROCESO DE INVESTIGACIÓN,NO CUENTA CON CAUSA ESPECIFICA
A-2022-12-115,31/12/2022,04:40,ATROPELLO,1,0,1,PUNO,SAN ROMAN,JULIACA,RURAL,CARRETERA,NACIONAL,PE-34A,-15.519566454491216,-70.17767871292796,DESPEJADO,RURAL,TRAMO RECTO,PLANA ,ASFALTADA,,,,,IMPRUDENCIA DEL PEATÓN,CRUCE INDEBIDO POR LA CALZADA
A-2022-12-225,31/12/2022,16:00,ATROPELLO,1,0,2,LORETO,MAYNAS,PUNCHANA,URBANA,CARRETERA,NACIONAL,PE-5NI,-3.7229428,-73.2412068,DESPEJADO,COMERCIAL,TRAMO RECTO,PLANA ,ASFALTADA,,,,,IMPRUDENCIA DEL PEATÓN,ESTADO DE EBRIEDAD Y/O DROGADICCIÓN
A-2022-12-76,31/12/2022,17:30,DESPISTE,1,0,1,LA LIBERTAD,TRUJILLO,SALAVERRY,RURAL,CARRETERA,NACIONAL,PE-1N,-8.179401,-78.991284,DESPEJADO,RURAL,TRAMO RECTO,PLANA ,ASFALTADA,,,,,EN PROCESO DE INVESTIGACIÓN,NO CUENTA CON CAUSA ESPECIFICA
A-2022-12-77,31/12/2022,21:50,ATROPELLO,1,0,1,LA LIBERTAD,ASCOPE,CHICAMA,RURAL,CARRETERA,NACIONAL,PE-1N,-7.868086,-79.135907,DESPEJADO,RURAL,TRAMO RECTO,PLANA ,ASFALTADA,,,,,IMPRUDENCIA DEL CONDUCTOR,OTRO (IMPRUDENCIA DEL CONDUCTOR)
A-2022-12-223,31/12/2022,23:00,ATROPELLO FUGA,1,0,,PIURA,SULLANA,SULLANA,URBANA,AVENIDA,URBANO,NO CORRESPONDE,-4.904666656939374,-80.70136042978902,DESPEJADO,RURAL,INTERSECCIÓN,PLANA ,ASFALTADA,SI,PREVENTIVA (P),,NO,EN PROCESO DE INVESTIGACIÓN,NO CUENTA CON CAUSA ESPECIFICA
A-2022-12-215,31/12/2022,23:15,ATROPELLO FUGA,1,0,,LIMA,LIMA,ANCON,URBANA,CARRETERA,NACIONAL,PE-1N,-11.7849027,-77.1545913,,,,,,,,,,EN PROCESO DE INVESTIGACIÓN,NO CUENTA CON CAUSA ESPECIFICA
A-2022-12-229,31/12/2022,23:15,ATROPELLO FUGA,1,0,,LIMA,LIMA,ANCON,URBANA,CARRETERA,NACIONAL,PE-1N,-11.783896,-77.155454,DESPEJADO,RURAL,TRAMO RECTO,PLANA ,ASFALTADA,,,,,EN PROCESO DE INVESTIGACIÓN,NO CUENTA CON CAUSA ESPECIFICA
A-2023-01-12,01/01/2023,04:00,DESPISTE,1,7,1,ANCASH,HUARI,PONTO,RURAL,CARRETERA,PROVINCIAL,AN-706,-9.34163050225724,-77.0352685109,DESPEJADO,RURAL,CURVA,INCLINADA,TROCHA,,,,,EN PROCESO DE INVESTIGACIÓN,NO CUENTA CON CAUSA ESPECIFICA
A-2023-01-130,01/01/2023,04:30,CHOQUE,1,0,,LIMA,LIMA,LURIGANCHO,URBANA,CARRETERA,NACIONAL,PE-22,-12.02115428,-76.92843602,DESPEJADO,INDUSTRIAL,TRAMO RECTO,PLANA ,ASFALTADA,,,,,IMPRUDENCIA DEL CONDUCTOR,CONDUCIR EN ESTADO DE EBRIEDAD Y/O DROGADICCIÓN
A-2023-01-26,01/01/2023,05:30,DESPISTE,2,4,1,LA LIBERTAD,GRAN CHIMU,MARMOT,RURAL,CARRETERA,SIN CLASIFICAR,SIN CLASIFICAR,-7.6954995974872,-78.6316271126678,DESPEJADO,RURAL,TRAMO RECTO,PLANA ,AFIRMADO,,,,,IMPRUDENCIA DEL CONDUCTOR,OTRO (IMPRUDENCIA DEL CONDUCTOR)
A-2023-01-20,01/01/2023,06:00,DESPISTE,1,0,1,ICA,ICA,SAN JOSE DE LOS MOLINOS,URBANA,CARRETERA,NACIONAL,PE-1SC,-13.945351,-75.680238,DESPEJADO,RESIDENCIAL,TRAMO RECTO,PLANA ,ASFALTADA,,,,,EN PROCESO DE INVESTIGACIÓN,NO CUENTA CON CAUSA ESPECIFICA
A-2023-01-109,01/01/2023,07:10,DESPISTE,1,0,1,MOQUEGUA,ILO,PACOCHA,RURAL,CARRETERA,NACIONAL,PE-1SD,-17.54765,-71.361506,DESPEJADO,RURAL,TRAMO RECTO,PLANA ,ASFALTADA,SI,PREVENTIVA (P),,SI,IMPRUDENCIA DEL CONDUCTOR,FATIGA Y/O CANSANCIO
A-2023-01-27,01/01/2023,10:10,CHOQUE,1,0,2,LA LIBERTAD,PACASMAYO,PACASMAYO,RURAL,CARRETERA,NACIONAL,PE-1N,-7.392707921590365,-79.55616788912027,DESPEJADO,RURAL,TRAMO RECTO,PLANA ,ASFALTADA,,,,,EN PROCESO DE INVESTIGACIÓN,NO CUENTA CON CAUSA ESPECIFICA
A-2023-01-131,01/01/2023,10:50,CHOQUE,1,1,,LIMA,LIMA,CHORRILLOS,URBANA,AVENIDA,URBANO,NO CORRESPONDE,-12.18744311,-76.995348,DESPEJADO,RESIDENCIAL,INTERSECCIÓN,PLANA ,ASFALTADA,,,,,IMPRUDENCIA DEL CONDUCTOR,OTRO (IMPRUDENCIA DEL CONDUCTOR)
A-2023-01-28,01/01/2023,13:00,CHOQUE FUGA,1,0,1,LA LIBERTAD,TRUJILLO,HUANCHACO,URBANA,CARRETERA,NACIONAL,PE-1N,-8.086548612579318,-79.09628712208378,DESPEJADO,INDUSTRIAL,ÓVALO,INCLINADA,ASFALTADA,,,,,EN PROCESO DE INVESTIGACIÓN,NO CUENTA CON CAUSA ESPECIFICA
A-2023-01-32,01/01/2023,14:50,ATROPELLO,1,0,1,CUSCO,ANTA,ANTA,RURAL,CARRETERA,NACIONAL,PE-3S,-13.485952609764276,-72.16745477434834,DESPEJADO,RURAL,TRAMO RECTO,PLANA ,ASFALTADA,,,,,IMPRUDENCIA DEL CONDUCTOR,EXCESO DE VELOCIDAD
A-2023-01-7,01/01/2023,18:30,DESPISTE,1,1,1,PUNO,CHUCUITO,DESAGUADERO,RURAL,CARRETERA,SIN CLASIFICAR,SIN CLASIFICAR,-16.640263,-69.105227,DESPEJADO,RURAL,TRAMO RECTO,PLANA ,TROCHA,,,,,IMPRUDENCIA DEL CONDUCTOR,CONDUCIR EN ESTADO DE EBRIEDAD Y/O DROGADICCIÓN
A-2023-01-9,01/01/2023,19:00,ATROPELLO FUGA,1,0,,PUNO,YUNGUYO,YUNGUYO,URBANA,CALLE,URBANO,NO CORRESPONDE,-16.30571841773991,-69.07482239581564,DESPEJADO,RURAL,TRAMO RECTO,PLANA ,TROCHA,,,,,IMPRUDENCIA DEL CONDUCTOR,OTRO (IMPRUDENCIA DEL CONDUCTOR)
A-2023-01-8,01/01/2023,19:35,DESPISTE,1,0,1,PUNO,YUNGUYO,YUNGUYO,RURAL,CARRETERA,DEPARTAMENTAL,PU-130,-16.28830931265595,-69.0744135791099,DESPEJADO,RURAL,TRAMO RECTO,PLANA ,ASFALTADA,,,,,IMPRUDENCIA DEL CONDUCTOR,OTRO (IMPRUDENCIA DEL CONDUCTOR)
A-2023-01-6,01/01/2023,22:09,CHOQUE,1,3,2,PUNO,PUNO,PAUCARCOLLA,RURAL,CARRETERA,NACIONAL,PE-3S,-15.755179,-70.051617,DESPEJADO,RURAL,CURVA,PLANA ,ASFALTADA,,,,,IMPRUDENCIA DEL CONDUCTOR,CONDUCIR EN ESTADO DE EBRIEDAD Y/O DROGADICCIÓN
A-2023-01-120,01/01/2023,22:58,CHOQUE,1,0,2,ANCASH,SANTA,COISHCO,URBANA,CARRETERA,NACIONAL,PE-1N,-9.019175,-78.616854,DESPEJADO,RURAL,TRAMO RECTO,PLANA ,CONCRETO,,,,,IMPRUDENCIA DEL CONDUCTOR,INVASIÓN DE CARRIL
A-2023-01-157,02/01/2023,00:50,ATROPELLO FUGA,1,0,,LIMA,LIMA,RIMAC,URBANA,CARRETERA,NACIONAL,PE-1N,-12.040883004231532,-77.03392535182245,DESPEJADO,COMERCIAL,TRAMO RECTO,PLANA ,ASFALTADA,,,,,IMPRUDENCIA DEL CONDUCTOR,OTRO (IMPRUDENCIA DEL CONDUCTOR)
A-2023-01-132,02/01/2023,03:30,ATROPELLO,1,0,,LIMA,LIMA,SAN JUAN DE MIRAFLORES,URBANA,CARRETERA,NACIONAL,PE-1S,-12.162271,-76.981829,DESPEJADO,COMERCIAL,TRAMO RECTO,PLANA ,ASFALTADA,,,,,IMPRUDENCIA DEL PEATÓN,CRUCE INDEBIDO POR LA CALZADA