CÓDIGO SINIESTRO,FECHA SINIESTRO,HORA SINIESTRO,CLASE SINIESTRO,CANTIDAD DE FALLECIDOS,CANTIDAD DE LESIONADOS,CANTIDAD DE VEHICULOS DAÑADOS,DEPARTAMENTO,PROVINCIA,DISTRITO,ZONA,TIPO DE VÍA,RED VIAL,COD CARRETERA,COORDENADAS LATITUD,COORDENADAS  LONGITUD,CONDICIÓN CLIMÁTICA,ZONIFICACIÓN,CARACTERÍSTICAS DE VÍA,PERFIL LONGITUDINAL VÍA,SUPERFICIE DE CALZADA,¿EXISTE SEÑAL VERTICAL?,CLASIFICACIÓN DE LA SEÑAL VERTICAL Nº 1,CLASIFICACIÓN DE LA SEÑAL VERTICAL Nº 2,¿EXISTE SEÑAL HORIZONTAL?,CAUSA FACTOR PRINCIPAL,CAUSA ESPECÍFICA
A-2023-02-81,28/02/2023,09:30,CHOQUE,1,0,2,LAMBAYEQUE,CHICLAYO,LA VICTORIA,RURAL,CARRETERA,PROVINCIAL,LA-778,-6.8137662,-79.8531549,DESPEJADO,RURAL,TRAMO RECTO,PLANA ,ASFALTADA,,,,,EN PROCESO DE INVESTIGACIÓN,NO CUENTA CON CAUSA ESPECIFICA
A-2023-02-156,28/02/2023,13:00,DESPISTE,1,3,1,AYACUCHO,HUAMANGA,ACOCRO,RURAL,CARRETERA,PROVINCIAL,AY-743,-13.2641253,-74.0015747,DESPEJADO,RURAL,SINUOSA,INCLINADA,AFIRMADO,,,,,INFRAESTRUCTURA Y ENTORNO VIAL,OTRO (INFRAESTRUCTURA Y ENTORNO VIAL)
A-2023-02-51,28/02/2023,17:30,ATROPELLO,1,0,0,LIMA,HUAURA,VEGUETA,RURAL,CARRETERA,NACIONAL,PE-1N,-11.02054,-77.59848,DESPEJADO,RURAL,INTERSECCIÓN,PLANA ,ASFALTADA,,,,,IMPRUDENCIA DEL CONDUCTOR,ADELANTAR INDEBIDAMENTE
A-2023-02-159,28/02/2023,23:30,CHOQUE,1,0,2,CAJAMARCA,JAEN,BELLAVISTA,RURAL,CARRETERA,NACIONAL,PE-5N,-5.65303167,-78.74728667,DESPEJADO,RURAL,TRAMO RECTO,PLANA ,ASFALTADA,,,,,IMPRUDENCIA DEL CONDUCTOR,INVASIÓN DE CARRIL
A-2023-03-1,01/03/2023,01:00,DESPISTE,1,0,1,PUNO,PUNO,ATUNCOLLA,RURAL,CARRETERA,SIN CLASIFICAR,SIN CLASIFICAR,-15.685763,-70.128152,DESPEJADO,RURAL,CURVA,INCLINADA,TROCHA,,,,,IMPRUDENCIA DEL CONDUCTOR,OTRO (IMPRUDENCIA DEL CONDUCTOR)
A-2023-03-67,01/03/2023,01:00,ATROPELLO FUGA,1,0,,TUMBES,ZARUMILLA,PAPAYAL,RURAL,CARRETERA,NACIONAL,PE-1N,-3.513917994766684,-80.31783696205841,DESPEJADO,RURAL,TRAMO RECTO,PLANA ,ASFALTADA,,,,,IMPRUDENCIA DEL CONDUCTOR,NO DAR PASO PREFERENTE AL PEATÓN
A-2023-03-128,01/03/2023,05:00,CHOQUE,2,1,,JUNIN,YAULI,PACCHA,RURAL,CARRETERA,NACIONAL,PE-3N,-11.431631,-75.931629,NUBLADO,RURAL,CURVA,PLANA ,ASFALTADA,SI,PREVENTIVA (P),REGULADORA (R),SI,IMPRUDENCIA DEL CONDUCTOR,INVASIÓN DE CARRIL
A-2023-03-131-B,01/03/2023,05:30,CHOQUE,1,0,,LIMA,LIMA,LURIGANCHO,RURAL,CARRETERA,PROVINCIAL,LM-711,-11.9982629,-76.92719986,DESPEJADO,INDUSTRIAL,TRAMO RECTO,PLANA ,ASFALTADA,,,,,EN PROCESO DE INVESTIGACIÓN,NO CUENTA CON CAUSA ESPECIFICA
A-2023-03-92,01/03/2023,07:20,CHOQUE,1,2,1,PUNO,SAN ROMAN,CABANILLAS,RURAL,CARRETERA,NACIONAL,PE-34A,-15.672656616209402,-70.37792971503441,DESPEJADO,RURAL,TRAMO RECTO,PLANA ,ASFALTADA,,,,,IMPRUDENCIA DEL CONDUCTOR,EXCESO DE VELOCIDAD
A-2023-03-59,01/03/2023,09:06,CHOQUE,1,0,2,CUSCO,ESPINAR,ESPINAR,URBANA,CARRETERA,DEPARTAMENTAL,CU-131,-14.792305,-71.411903,DESPEJADO,INDUSTRIAL,INTERSECCIÓN,PLANA ,ASFALTADA,,,,,IMPRUDENCIA DEL CONDUCTOR,OTRO (IMPRUDENCIA DEL CONDUCTOR)
A-2023-03-3,01/03/2023,17:10,ATROPELLO,1,1,1,LA LIBERTAD,PACASMAYO,SAN PEDRO DE LLOC,URBANA,CARRETERA,NACIONAL,PE-1N,-7.441096,-79.502069,DESPEJADO,RURAL,TRAMO RECTO,PLANA ,ASFALTADA,,,,,IMPRUDENCIA DEL CONDUCTOR,OTRO (IMPRUDENCIA DEL CONDUCTOR)
A-2023-03-2,01/03/2023,19:45,ATROPELLO,1,0,1,AREQUIPA,AREQUIPA,LA JOYA,URBANA,CARRETERA,NACIONAL,PE-1S,-16.526249,-71.7853308,DESPEJADO,RURAL,TRAMO RECTO,PLANA ,ASFALTADA,SI,REGULADORA (R),,SI,EN PROCESO DE INVESTIGACIÓN,NO CUENTA CON CAUSA ESPECIFICA
A-2023-03-15,02/03/2023,03:20,CHOQUE,1,0,2,LIMA,HUAURA,HUAURA,RURAL,CARRETERA,NACIONAL,PE-1N,-11.071165237804934,-77.58512732558226,DESPEJADO,RURAL,TRAMO RECTO,INCLINADA,ASFALTADA,,,,,IMPRUDENCIA DEL CONDUCTOR,FATIGA Y/O CANSANCIO
A-2023-03-91,02/03/2023,11:15,ATROPELLO,1,2,,MOQUEGUA,ILO,ILO,URBANA,AVENIDA,URBANO,NO CORRESPONDE,-17.649765,-71.331037,,,,,,,,,,EN PROCESO DE INVESTIGACIÓN,NO CUENTA CON CAUSA ESPECIFICA
A-2023-03-4,02/03/2023,12:00,DESPISTE,1,0,1,LA LIBERTAD,PATAZ,TAYABAMBA,RURAL,CARRETERA,PROVINCIAL,LI-874,-8.284816243915852,-77.26909872736194,DESPEJADO,RURAL,TRAMO RECTO,PLANA ,TROCHA,,,,,EN PROCESO DE INVESTIGACIÓN,NO CUENTA CON CAUSA ESPECIFICA
A-2023-03-94,02/03/2023,17:20,ATROPELLO,1,0,1,PUNO,SAN ROMAN,JULIACA,URBANA,CARRETERA,NACIONAL,PE-3S,-15.480696,-70.132039,DESPEJADO,COMERCIAL,INTERSECCIÓN,PLANA ,ASFALTADA,,,,,NEGLIGENCIA DEL CONDUCTOR,OTRO (NEGLIGENCIA DEL CONDUCTOR)
A-2023-03-38,02/03/2023,18:30,CAÍDA DE PASAJERO,1,0,,APURIMAC,ANDAHUAYLAS,SAN JERONIMO,RURAL,CARRETERA,PROVINCIAL,AN-770,-13.616267,-73.38756,DESPEJADO,RURAL,CURVA,PLANA ,TROCHA,,,,,IMPRUDENCIA DEL CONDUCTOR,GIRAR IMPRUDENTEMENTE
A-2023-03-132,03/03/2023,03:40,DESPISTE,1,0,,LIMA,LIMA,CARABAYLLO,URBANA,AVENIDA,URBANO,NO CORRESPONDE,-11.87101077,-77.01986016,DESPEJADO,RESIDENCIAL,TRAMO RECTO,PLANA ,ASFALTADA,,,,,IMPRUDENCIA DEL CONDUCTOR,OTRO (IMPRUDENCIA DEL CONDUCTOR)
A-2023-03-113,03/03/2023,05:50,DESPISTE,1,2,1,LAMBAYEQUE,LAMBAYEQUE,OLMOS,RURAL,CARRETERA,NACIONAL,PE-04B,-5.942054,-79.639296,DESPEJADO,RURAL,TRAMO RECTO,PLANA ,ASFALTADA,,,,,IMPRUDENCIA DEL CONDUCTOR,EXCESO DE VELOCIDAD
A-2023-03-12,03/03/2023,07:00,ESPECIAL,1,0,1,AREQUIPA,AREQUIPA,ALTO SELVA ALEGRE,URBANA,CALLE,URBANO,NO CORRESPONDE,-16.383402,-71.517994,DESPEJADO,RESIDENCIAL,TRAMO RECTO,PLANA ,ASFALTADA,,,,,EN PROCESO DE INVESTIGACIÓN,NO CUENTA CON CAUSA ESPECIFICA
A-2023-03-100,03/03/2023,08:45,VOLCADURA,4,1,,APURIMAC,ABANCAY,LAMBRAMA,RURAL,CARRETERA,NACIONAL,PE-3SF,-13.865215776551064,-72.77140369455645,,,,,,,,,,EN PROCESO DE INVESTIGACIÓN,NO CUENTA CON CAUSA ESPECIFICA
A-2023-03-133,03/03/2023,11:30,CAÍDA DE PASAJERO,1,0,,LIMA,LIMA,LIMA,URBANA,AVENIDA,URBANO,NO CORRESPONDE,-12.045833096595024,-77.02559551938322,DESPEJADO,COMERCIAL,TRAMO RECTO,PLANA ,ASFALTADA,,,,,IMPRUDENCIA DEL PASAJERO/OCUPANTE,OTRO (IMPRUDENCIA DEL PASAJERO/OCUPANTE)
A-2023-03-173,03/03/2023,21:00,CHOQUE,2,0,,LIMA,BARRANCA,PATIVILCA,RURAL,CARRETERA,NACIONAL,PE-1N,-10.689576,-77.787159,DESPEJADO,RURAL,TRAMO RECTO,PLANA ,ASFALTADA,SI,REGULADORA (R),,NO,IMPRUDENCIA DEL CONDUCTOR,OTRO (IMPRUDENCIA DEL CONDUCTOR)
A-2023-03-134,04/03/2023,02:20,ATROPELLO,1,0,,LIMA,LIMA,PUNTA HERMOSA,RURAL,CARRETERA,NACIONAL,PE-1S,-12.308394055205584,-76.83660706823704,DESPEJADO,COMERCIAL,TRAMO RECTO,PLANA ,ASFALTADA,,,,,IMPRUDENCIA DEL PEATÓN,OTRO (IMPRUDENCIA DEL PEATÓN)
A-2023-03-82,04/03/2023,10:40,CHOQUE,1,0,2,ICA,CHINCHA,EL CARMEN,URBANA,CARRETERA,NACIONAL,PE-1SE,-13.5529807364185,-76.1807497671501,DESPEJADO,COMERCIAL,OTRO,PLANA ,ASFALTADA,,,,,EN PROCESO DE INVESTIGACIÓN,NO CUENTA CON CAUSA ESPECIFICA
A-2023-03-5,04/03/2023,12:40,CHOQUE,1,0,2,LA LIBERTAD,TRUJILLO,TRUJILLO,URBANA,AVENIDA,URBANO,NO CORRESPONDE,-8.106627,-79.046801,DESPEJADO,COMERCIAL,INTERSECCIÓN,PLANA ,ASFALTADA,,,,,IMPRUDENCIA DEL CONDUCTOR,OTRO (IMPRUDENCIA DEL CONDUCTOR)
A-2023-03-41,04/03/2023,19:20,DESPISTE,2,2,1,CUSCO,CANCHIS,TINTA,RURAL,CARRETERA,NACIONAL,PE-3S,-14.117727,-71.415727,DESPEJADO,RURAL,CURVA,PLANA ,ASFALTADA,SI,PREVENTIVA (P),,SI,EN PROCESO DE INVESTIGACIÓN,NO CUENTA CON CAUSA ESPECIFICA
A-2023-03-81,04/03/2023,20:30,CHOQUE FUGA,1,0,0,ICA,ICA,SANTIAGO,RURAL,CARRETERA,SIN CLASIFICAR,SIN CLASIFICAR,-14.190407889206439,-75.69521353912057,VENTARRÓN,RURAL,OTRO,PLANA ,TROCHA,,,,,EN PROCESO DE INVESTIGACIÓN,NO CUENTA CON CAUSA ESPECIFICA
A-2023-03-49,05/03/2023,01:20,ATROPELLO,1,0,1,CUSCO,CANCHIS,SICUANI,RURAL,CARRETERA,NACIONAL,PE-3S,-14.24516005,-71.25143527,DESPEJADO,RURAL,TRAMO RECTO,PLANA ,ASFALTADA,,,,,IMPRUDENCIA DEL PEATÓN,CRUCE INDEBIDO POR LA CALZADA
A-2023-03-6,05/03/2023,03:00,CHOQUE,1,1,2,LA LIBERTAD,VIRU,CHAO,RURAL,CARRETERA,NACIONAL,PE-1N,-8.532783,-78.681809,DESPEJADO,RURAL,TRAMO RECTO,PLANA ,ASFALTADA,,,,,EN PROCESO DE INVESTIGACIÓN,NO CUENTA CON CAUSA ESPECIFICA
A-2023-03-28,05/03/2023,03:30,DESPISTE,1,0,1,CAJAMARCA,JAEN,PUCARA,URBANA,CARRETERA,NACIONAL,PE-3N,-6.041541,-79.125163,SOLEADO,RESIDENCIAL,TRAMO RECTO,INCLINADA,ASFALTADA,NO,,,SI,EN PROCESO DE INVESTIGACIÓN,NO CUENTA CON CAUSA ESPECIFICA
A-2023-03-7,05/03/2023,04:20,DESPISTE,1,0,1,LA LIBERTAD,TRUJILLO,MOCHE,URBANA,CARRETERA,PROVINCIAL,LI-1102,-8.1776853,-79.0122907,DESPEJADO,COMERCIAL,TRAMO RECTO,PLANA ,ASFALTADA,,,,,EN PROCESO DE INVESTIGACIÓN,NO CUENTA CON CAUSA ESPECIFICA
A-2023-03-8,05/03/2023,04:40,DESPISTE,1,0,1,LA LIBERTAD,TRUJILLO,TRUJILLO,URBANA,AVENIDA,URBANO,NO CORRESPONDE,-8.1280498,-79.0407257,DESPEJADO,COMERCIAL,TRAMO RECTO,PLANA ,ASFALTADA,,,,,EN PROCESO DE INVESTIGACIÓN,NO CUENTA CON CAUSA ESPECIFICA
A-2023-03-13,05/03/2023,06:30,CHOQUE,1,0,2,AREQUIPA,ISLAY,COCACHACRA,RURAL,CARRETERA,NACIONAL,PE-1NA,-17.0885637,-71.7546942,DESPEJADO,RURAL,TRAMO RECTO,PLANA ,ASFALTADA,,,,,EN PROCESO DE INVESTIGACIÓN,NO CUENTA CON CAUSA ESPECIFICA
A-2023-03-14,05/03/2023,06:30,CHOQUE,1,0,2,AREQUIPA,ISLAY,MEJIA,RURAL,CARRETERA,PROVINCIAL,AR-815,-17.0880411783032,-71.9052503318667,DESPEJADO,RURAL,CURVA,PLANA ,ASFALTADA,SI,REGULADORA (R),,SI,EN PROCESO DE INVESTIGACIÓN,NO CUENTA CON CAUSA ESPECIFICA
A-2023-03-108,05/03/2023,07:20,DESPISTE,1,2,1,ANCASH,SANTA,SAMANCO,RURAL,CARRETERA,PROVINCIAL,AN-933,-9.290535,-78.483732,DESPEJADO,RURAL,TRAMO RECTO,PLANA ,ASFALTADA,,,,,IMPRUDENCIA DEL CONDUCTOR,CONDUCIR EN ESTADO DE EBRIEDAD Y/O DROGADICCIÓN
A-2023-03-165,05/03/2023,11:30,ATROPELLO,1,0,1,AYACUCHO,LUCANAS,PUQUIO,URBANA,JIRÓN,URBANO,NO CORRESPONDE,-14.6954415666746,-74.1206954840495,DESPEJADO,RESIDENCIAL,TRAMO RECTO,INCLINADA,ASFALTADA,SI,INFORMATIVA (I),INFORMATIVA (I),NO,IMPRUDENCIA DEL CONDUCTOR,OTRO (IMPRUDENCIA DEL CONDUCTOR)
A-2023-03-135,05/03/2023,12:00,CHOQUE,1,2,,LIMA,LIMA,CHORRILLOS,URBANA,AVENIDA,URBANO,NO CORRESPONDE,-12.19529584,-77.00127544,DESPEJADO,COMERCIAL,INTERSECCIÓN,PLANA ,ASFALTADA,,,,,IMPRUDENCIA DEL CONDUCTOR,OTRO (IMPRUDENCIA DEL CONDUCTOR)
A-2023-03-9,05/03/2023,18:20,CHOQUE,2,2,2,LA LIBERTAD,VIRU,VIRU,RURAL,CARRETERA,NACIONAL,PE-1N,-8.4369753,-78.7622822,DESPEJADO,RURAL,TRAMO RECTO,PLANA ,ASFALTADA,,,,,IMPRUDENCIA DEL CONDUCTOR,FATIGA Y/O CANSANCIO
A-2023-03-69,05/03/2023,19:30,CHOQUE,1,0,2,LAMBAYEQUE,CHICLAYO,PATAPO,RURAL,CARRETERA,NACIONAL,PE-06A,-6.7363369,-79.5400284,DESPEJADO,RURAL,TRAMO RECTO,PLANA ,ASFALTADA,,,,,EN PROCESO DE INVESTIGACIÓN,NO CUENTA CON CAUSA ESPECIFICA
A-2023-03-10,06/03/2023,05:10,ATROPELLO FUGA,1,0,,LA LIBERTAD,PACASMAYO,SAN JOSE,RURAL,CARRETERA,PROVINCIAL,LI-571,-7.349489734513459,-79.4571160111886,DESPEJADO,RURAL,TRAMO RECTO,PLANA ,ASFALTADA,,,,,EN PROCESO DE INVESTIGACIÓN,NO CUENTA CON CAUSA ESPECIFICA
A-2023-03-17,06/03/2023,10:50,DESPISTE,1,6,1,TACNA,TACNA,SAMA,RURAL,CARRETERA,NACIONAL,PE-1SD,-18.141939,-70.691846,DESPEJADO,RURAL,TRAMO RECTO,PLANA ,ASFALTADA,,,,,IMPERICIA DEL CONDUCTOR,
A-2023-03-11,06/03/2023,14:30,DESPISTE,1,1,1,LA LIBERTAD,PATAZ,PARCOY,RURAL,CARRETERA,NACIONAL,PE-10C,-7.909212,-77.57818,DESPEJADO,RURAL,CURVA,INCLINADA,TROCHA,,,,,EN PROCESO DE INVESTIGACIÓN,NO CUENTA CON CAUSA ESPECIFICA
A-2023-03-115,07/03/2023,05:15,CHOQUE,1,0,1,PIURA,PIURA,CASTILLA,RURAL,CARRETERA,DEPARTAMENTAL,PI-126,-5.128833374424404,-80.60548655869412,DESPEJADO,RURAL,TRAMO RECTO,PLANA ,ASFALTADA,,,,,IMPRUDENCIA DEL CONDUCTOR,EXCESO DE VELOCIDAD
A-2023-03-137,07/03/2023,05:50,CHOQUE,1,0,,LIMA,LIMA,SAN MARTIN DE PORRES,URBANA,AVENIDA,URBANO,NO CORRESPONDE,-11.98905394,-77.10535899,DESPEJADO,COMERCIAL,INTERSECCIÓN,PLANA ,ASFALTADA,,,,,EN PROCESO DE INVESTIGACIÓN,NO CUENTA CON CAUSA ESPECIFICA
A-2023-04-6,07/03/2023,16:00,DESPISTE,1,0,1,HUANCAVELICA,HUAYTARA,CORDOVA,RURAL,CARRETERA,PROVINCIAL,HV-1008,-14.04027,-75.18409,DESPEJADO,RURAL,OTRO,PLANA ,TROCHA,,,,,EN PROCESO DE INVESTIGACIÓN,NO CUENTA CON CAUSA ESPECIFICA
A-2023-03-167,08/03/2023,04:45,CHOQUE,1,0,,CAJAMARCA,CAJAMARCA,CAJAMARCA,URBANA,JIRÓN,URBANO,NO CORRESPONDE,-7.15959,-78.514515,LLUVIOSO,COMERCIAL,INTERSECCIÓN,INCLINADA,AFIRMADO,SI,REGULADORA (R),,SI,IMPRUDENCIA DEL CONDUCTOR,CONDUCIR EN ESTADO DE EBRIEDAD Y/O DROGADICCIÓN
A-2023-03-57,08/03/2023,06:30,CHOQUE FUGA,1,0,1,CUSCO,CANCHIS,SICUANI,RURAL,CARRETERA,NACIONAL,PE-3S,-14.2263873,-71.282296,DESPEJADO,RURAL,TRAMO RECTO,PLANA ,ASFALTADA,,,,,EN PROCESO DE INVESTIGACIÓN,NO CUENTA CON CAUSA ESPECIFICA
A-2023-03-16,08/03/2023,09:40,ATROPELLO,1,0,0,HUANCAVELICA,HUANCAVELICA,HUANDO,URBANA,AVENIDA,URBANO,NO CORRESPONDE,-12.56733320410152,-74.94995344023523,DESPEJADO,ESCOLAR,TRAMO RECTO,PLANA ,ASFALTADA,,,,,EN PROCESO DE INVESTIGACIÓN,NO CUENTA CON CAUSA ESPECIFICA
A-2023-03-114,08/03/2023,14:30,DESPISTE,2,3,1,PIURA,PIURA,CASTILLA,RURAL,CARRETERA,NACIONAL,PE-1NU,-5.139239044625019,-80.44386807118774,DESPEJADO,RURAL,TRAMO RECTO,PLANA ,ASFALTADA,,,,,NEGLIGENCIA DEL CONDUCTOR,CONDUCIR CON FALLAS DE NEUMÁTICOS
A-2023-03-138,08/03/2023,15:00,CHOQUE,1,0,,LIMA,LIMA,LURIN,URBANA,CARRETERA,NACIONAL,PE-1S,-12.24646301046602,-76.93613311515227,DESPEJADO,INDUSTRIAL,TRAMO RECTO,PLANA ,ASFALTADA,,,,,IMPRUDENCIA DEL CONDUCTOR,OTRO (IMPRUDENCIA DEL CONDUCTOR)
A-2023-03-101,08/03/2023,21:45,ATROPELLO,1,0,,APURIMAC,COTABAMBAS,TAMBOBAMBA,RURAL,CARRETERA,PROVINCIAL,AP-940,-14.001840472222595,-72.2451444188574,,,,,,,,,,EN PROCESO DE INVESTIGACIÓN,NO CUENTA CON CAUSA ESPECIFICA
A-2023-03-29,09/03/2023,10:00,CHOQUE,1,2,3,CAJAMARCA,CHOTA,CHOTA,URBANA,JIRÓN,URBANO,NO CORRESPONDE,-6.567786,-78.648946,SOLEADO,RESIDENCIAL,TRAMO RECTO,INCLINADA,CONCRETO,,,,,EN PROCESO DE INVESTIGACIÓN,NO CUENTA CON CAUSA ESPECIFICA
A-2023-03-179,09/03/2023,11:00,ATROPELLO,1,0,,LIMA,LIMA,COMAS,URBANA,AVENIDA,URBANO,NO CORRESPONDE,-11.94773263399341,-77.04965790805825,DESPEJADO,COMERCIAL,TRAMO RECTO,PLANA ,ASFALTADA,,,,,IMPRUDENCIA DEL CONDUCTOR,EXCESO DE VELOCIDAD
A-2023-03-139,09/03/2023,13:30,CHOQUE,1,1,,LIMA,LIMA,SAN JUAN DE LURIGANCHO,URBANA,AVENIDA,URBANO,NO CORRESPONDE,-12.01803437,-77.00198335,DESPEJADO,COMERCIAL,INTERSECCIÓN,PLANA ,ASFALTADA,,,,,IMPRUDENCIA DEL CONDUCTOR,OTRO (IMPRUDENCIA DEL CONDUCTOR)
A-2023-03-140,09/03/2023,14:00,ATROPELLO FUGA,1,0,,LIMA,LIMA,SAN JUAN DE LURIGANCHO,URBANA,AVENIDA,URBANO,NO CORRESPONDE,-12.01920608,-76.98685732,DESPEJADO,RESIDENCIAL,TRAMO RECTO,PLANA ,ASFALTADA,,,,,IMPRUDENCIA DEL PEATÓN,OTRO (IMPRUDENCIA DEL PEATÓN)
A-2023-03-53,09/03/2023,14:10,CHOQUE,1,0,2,CUSCO,ANTA,ANTA,URBANA,CARRETERA,NACIONAL,PE-3S,-13.477006,-72.120795,DESPEJADO,COMERCIAL,CURVA,INCLINADA,ASFALTADA,SI,PREVENTIVA (P),,SI,IMPRUDENCIA DEL CONDUCTOR,GIRAR IMPRUDENTEMENTE
A-2023-03-19,09/03/2023,17:10,DESPISTE,2,1,1,LA LIBERTAD,SANCHEZ CARRION,COCHORCO,RURAL,CARRETERA,NACIONAL,PE-10C,-7.774657,-77.776896,DESPEJADO,RURAL,CURVA,PLANA ,AFIRMADO,,,,,EN PROCESO DE INVESTIGACIÓN,NO CUENTA CON CAUSA ESPECIFICA
A-2023-03-163,10/03/2023,18:30,ATROPELLO,1,0,,TACNA,TACNA,LA YARADA LOS PALOS,URBANA,CARRETERA,PROVINCIAL,TA-644,-18.28434,-70.4373,DESPEJADO,COMERCIAL,TRAMO RECTO,PLANA ,ASFALTADA,,,,,IMPRUDENCIA DEL PEATÓN,CRUCE INDEBIDO POR LA CALZADA
A-2023-03-99,10/03/2023,19:30,VOLCADURA,1,0,1,LORETO,MAYNAS,SAN JUAN BAUTISTA,RURAL,CALLE,URBANO,NO CORRESPONDE,-3.767798,-73.291104,DESPEJADO,RURAL,INTERSECCIÓN,PLANA ,AFIRMADO,,,,,IMPRUDENCIA DEL CONDUCTOR,OTRO (IMPRUDENCIA DEL CONDUCTOR)
A-2023-03-80,10/03/2023,20:20,CHOQUE,1,0,2,ICA,PISCO,INDEPENDENCIA,RURAL,CARRETERA,NACIONAL,PE-28A,-13.71068482,-75.982976,VENTARRÓN,RURAL,TRAMO RECTO,PLANA ,ASFALTADA,,,,,EN PROCESO DE INVESTIGACIÓN,NO CUENTA CON CAUSA ESPECIFICA
A-2023-03-20,11/03/2023,05:40,ATROPELLO FUGA,1,0,,LA LIBERTAD,PACASMAYO,SAN PEDRO DE LLOC,RURAL,CARRETERA,NACIONAL,PE-1N,-7.5310834,-79.3937702,DESPEJADO,RURAL,TRAMO RECTO,PLANA ,ASFALTADA,,,,,IMPRUDENCIA DEL CONDUCTOR,OTRO (IMPRUDENCIA DEL CONDUCTOR)
A-2023-03-129,11/03/2023,12:10,ATROPELLO,1,0,,JUNIN,HUANCAYO,HUANCAYO,URBANA,CARRETERA,NACIONAL,PE-3S,-12.071543,-75.214018,DESPEJADO,RURAL,INTERSECCIÓN,PLANA ,ASFALTADA,SI,REGULADORA (R),,SI,IMPRUDENCIA DEL PEATÓN,CRUCE INDEBIDO POR LA CALZADA
A-2023-03-21,11/03/2023,17:10,DESPISTE,1,0,1,LA LIBERTAD,VIRU,CHAO,RURAL,CARRETERA,DEPARTAMENTAL,LI-122,-8.479337840485625,-78.57308145229328,DESPEJADO,RURAL,TRAMO RECTO,PLANA ,ASFALTADA,,,,,EN PROCESO DE INVESTIGACIÓN,NO CUENTA CON CAUSA ESPECIFICA
A-2023-03-22,11/03/2023,22:30,DESPISTE,1,3,1,LA LIBERTAD,VIRU,VIRU,RURAL,CARRETERA,NACIONAL,PE-1N,-8.4587126,-78.7252153,DESPEJADO,RURAL,TRAMO RECTO,PLANA ,ASFALTADA,,,,,IMPRUDENCIA DEL CONDUCTOR,EXCESO DE VELOCIDAD
A-2023-03-70,12/03/2023,07:00,ATROPELLO FUGA,1,0,1,LAMBAYEQUE,LAMBAYEQUE,LAMBAYEQUE,RURAL,CARRETERA,NACIONAL,PE-1N,-6.6889868,-79.9037983,DESPEJADO,RURAL,TRAMO RECTO,PLANA ,ASFALTADA,,,,,EN PROCESO DE INVESTIGACIÓN,NO CUENTA CON CAUSA ESPECIFICA
A-2023-03-25,12/03/2023,13:00,CHOQUE,1,8,2,AREQUIPA,CAYLLOMA,SAN ANTONIO DE CHUCA,RURAL,CARRETERA,NACIONAL,PE-34A,-15.986356,-71.254004,LLUVIOSO,RURAL,CURVA,INCLINADA,ASFALTADA,NO,,,SI,EN PROCESO DE INVESTIGACIÓN,NO CUENTA CON CAUSA ESPECIFICA
A-2023-03-71,12/03/2023,15:00,ATROPELLO FUGA,1,0,1,LAMBAYEQUE,CHICLAYO,PATAPO,RURAL,CARRETERA,NACIONAL,PE-06A,-6.7393081,-79.6362104,DESPEJADO,RURAL,TRAMO RECTO,PLANA ,ASFALTADA,,,,,EN PROCESO DE INVESTIGACIÓN,NO CUENTA CON CAUSA ESPECIFICA
A-2023-03-141,12/03/2023,22:30,ATROPELLO,1,0,,LIMA,LIMA,CHORRILLOS,URBANA,CARRETERA,NACIONAL,PE-1S,-12.218937,-76.977076,DESPEJADO,INDUSTRIAL,TRAMO RECTO,PLANA ,ASFALTADA,SI,REGULADORA (R),,NO,IMPRUDENCIA DEL PEATÓN,OTRO (IMPRUDENCIA DEL PEATÓN)
A-2023-03-83,13/03/2023,05:30,CHOQUE,1,0,1,ICA,NASCA,NASCA,URBANA,CARRETERA,NACIONAL,PE-30A,-14.8405,-74.93178,DESPEJADO,RURAL,TRAMO RECTO,PLANA ,ASFALTADA,,,,,EN PROCESO DE INVESTIGACIÓN,NO CUENTA CON CAUSA ESPECIFICA
A-2023-03-142,13/03/2023,15:30,CAÍDA DE PASAJERO,1,0,,LIMA,LIMA,ANCON,URBANA,CARRETERA,NACIONAL,PE-1N,-11.812734,-77.12962,DESPEJADO,COMERCIAL,TRAMO RECTO,PLANA ,ASFALTADA,,,,,EN PROCESO DE INVESTIGACIÓN,NO CUENTA CON CAUSA ESPECIFICA
A-2023-03-79,13/03/2023,20:00,DESPISTE,1,0,1,AMAZONAS,RODRIGUEZ DE MENDOZA,LONGAR,RURAL,CARRETERA,NACIONAL,PE-08B,-6.3699019,-77.5221742,LLUVIOSO,RURAL,CURVA,INCLINADA,AFIRMADO,,,,,EN PROCESO DE INVESTIGACIÓN,NO CUENTA CON CAUSA ESPECIFICA
A-2023-03-159,13/03/2023,23:00,ATROPELLO FUGA,1,0,,LIMA,LIMA,LIMA,URBANA,JIRÓN,URBANO,NO CORRESPONDE,-12.04945744,-77.01956828,DESPEJADO,RESIDENCIAL,TRAMO RECTO,PLANA ,ASFALTADA,,,,,IMPRUDENCIA DEL PEATÓN,OTRO (IMPRUDENCIA DEL PEATÓN)
A-2023-03-18,13/03/2023,23:00,CHOQUE,2,1,2,PUNO,PUNO,PUNO,RURAL,CARRETERA,NACIONAL,PE-3S,-15.876976,-69.926815,DESPEJADO,RURAL,TRAMO RECTO,PLANA ,ASFALTADA,,,,,INFRAESTRUCTURA Y ENTORNO VIAL,OTRO (INFRAESTRUCTURA Y ENTORNO VIAL)