CÓDIGO SINIESTRO,FECHA SINIESTRO,HORA SINIESTRO,CLASE SINIESTRO,CANTIDAD DE FALLECIDOS,CANTIDAD DE LESIONADOS,CANTIDAD DE VEHICULOS DAÑADOS,DEPARTAMENTO,PROVINCIA,DISTRITO,ZONA,TIPO DE VÍA,RED VIAL,COD CARRETERA,COORDENADAS LATITUD,COORDENADAS  LONGITUD,CONDICIÓN CLIMÁTICA,ZONIFICACIÓN,CARACTERÍSTICAS DE VÍA,PERFIL LONGITUDINAL VÍA,SUPERFICIE DE CALZADA,¿EXISTE SEÑAL VERTICAL?,CLASIFICACIÓN DE LA SEÑAL VERTICAL Nº 1,CLASIFICACIÓN DE LA SEÑAL VERTICAL Nº 2,¿EXISTE SEÑAL HORIZONTAL?,CAUSA FACTOR PRINCIPAL,CAUSA ESPECÍFICA
A-2023-05-11,03/05/2023,20:35,DESPISTE,1,0,1,TUMBES,ZARUMILLA,ZARUMILLA,RURAL,CARRETERA,NACIONAL,PE-1NO,-3.507851516222535,-80.2973716666135,DESPEJADO,RURAL,ÓVALO,PLANA ,ASFALTADA,,,,,IMPRUDENCIA DEL CONDUCTOR,OTRO (IMPRUDENCIA DEL CONDUCTOR)
A-2023-05-75,03/05/2023,22:45,CHOQUE,1,0,2,ANCASH,RECUAY,LLACLLIN,RURAL,CARRETERA,NACIONAL,PE-16,-10.197042,-77.5546551,DESPEJADO,RURAL,SINUOSA,INCLINADA,ASFALTADA,SI,PREVENTIVA (P),,SI,EN PROCESO DE INVESTIGACIÓN,NO CUENTA CON CAUSA ESPECIFICA
A-2023-05-3,04/05/2023,05:30,CHOQUE,1,2,,ICA,NASCA,MARCONA,URBANA,CARRETERA,NACIONAL,PE-1S,-15.100606,-75.0012526,DESPEJADO,RURAL,TRAMO RECTO,PLANA ,ASFALTADA,,,,,EN PROCESO DE INVESTIGACIÓN,NO CUENTA CON CAUSA ESPECIFICA
A-2023-05-39,04/05/2023,12:40,CHOQUE,1,1,2,CUSCO,CANCHIS,MARANGANI,RURAL,CARRETERA,PROVINCIAL,CU-1705,-14.351086,-71.184349,DESPEJADO,RURAL,CURVA,PLANA ,AFIRMADO,,,,,IMPRUDENCIA DEL CONDUCTOR,EXCESO DE VELOCIDAD
A-2023-05-4,04/05/2023,17:30,CHOQUE,1,0,2,ICA,ICA,SANTIAGO,URBANA,CARRETERA,NACIONAL,PE-1S,-14.28342,-75.68165,DESPEJADO,RURAL,TRAMO RECTO,PLANA ,ASFALTADA,,,,,IMPRUDENCIA DEL CONDUCTOR,INVASIÓN DE CARRIL
A-2023-05-8,04/05/2023,20:30,CHOQUE,1,0,2,AREQUIPA,AREQUIPA,POCSI,RURAL,CARRETERA,DEPARTAMENTAL,AR-118,-16.521842,-71.422756,DESPEJADO,RURAL,CURVA,INCLINADA,ASFALTADA,NO,,,SI,EN PROCESO DE INVESTIGACIÓN,NO CUENTA CON CAUSA ESPECIFICA
A-2023-05-153,05/05/2023,05:00,DESPISTE,2,2,1,AYACUCHO,HUAMANGA,VINCHOS,RURAL,CARRETERA,PROVINCIAL,AY-816,-13.2708478494833,-74.3480863985412,DESPEJADO,RURAL,CURVA,INCLINADA,AFIRMADO,,,,,IMPRUDENCIA DEL CONDUCTOR,CONDUCIR EN ESTADO DE EBRIEDAD Y/O DROGADICCIÓN
A-2023-05-43,05/05/2023,07:24,ATROPELLO,1,0,1,CUSCO,CUSCO,SAN JERONIMO,URBANA,AVENIDA,URBANO,NO CORRESPONDE,-13.545461,-71.892738,DESPEJADO,RESIDENCIAL,TRAMO RECTO,PLANA ,ASFALTADA,NO,,,SI,IMPRUDENCIA DEL PEATÓN,ESTADO DE EBRIEDAD Y/O DROGADICCIÓN
A-2023-05-46,05/05/2023,10:00,DESPISTE,1,0,1,CUSCO,CANAS,LAYO,RURAL,CARRETERA,NACIONAL,PE-3S,-14.460058,-71.066607,DESPEJADO,RURAL,TRAMO RECTO,PLANA ,ASFALTADA,,,,,IMPRUDENCIA DEL CONDUCTOR,FATIGA Y/O CANSANCIO
A-2023-05-5,05/05/2023,16:08,DESPISTE,1,1,1,PUNO,PUNO,PICHACANI,RURAL,CARRETERA,NACIONAL,PE-36B,-16.276122,-70.194402,DESPEJADO,RURAL,TRAMO RECTO,PLANA ,ASFALTADA,,,,,IMPRUDENCIA DEL CONDUCTOR,CONDUCIR EN ESTADO DE EBRIEDAD Y/O DROGADICCIÓN
A-2023-05-87,05/05/2023,16:40,CHOQUE,1,0,1,PUNO,CARABAYA,AJOYANI,RURAL,CARRETERA,NACIONAL,PE-34B,-14.2357036,-70.2449078,DESPEJADO,RURAL,TRAMO RECTO,PLANA ,ASFALTADA,,,,,IMPRUDENCIA DEL CONDUCTOR,OTRO (IMPRUDENCIA DEL CONDUCTOR)
A-2023-05-143,05/05/2023,18:05,ATROPELLO,1,0,,JUNIN,HUANCAYO,CHILCA,URBANA,CARRETERA,NACIONAL,PE-3S,-12.100522,-75.216756,DESPEJADO,RURAL,CURVA,INCLINADA,ASFALTADA,NO,,,SI,IMPRUDENCIA DEL PEATÓN,CRUCE INDEBIDO POR LA CALZADA
A-2023-05-147,06/05/2023,06:40,ATROPELLO FUGA,1,0,,UCAYALI,CORONEL PORTILLO,YARINACOCHA,RURAL,CARRETERA,NACIONAL,PE-18C,-8.409032,-74.647506,DESPEJADO,RURAL,TRAMO RECTO,PLANA ,ASFALTADA,SI,PREVENTIVA (P),,NO,EN PROCESO DE INVESTIGACIÓN,NO CUENTA CON CAUSA ESPECIFICA
A-2023-05-40,06/05/2023,08:00,CHOQUE,1,3,2,CUSCO,PAUCARTAMBO,PAUCARTAMBO,RURAL,CARRETERA,DEPARTAMENTAL,CU-116,-13.326244,-71.584321,DESPEJADO,RURAL,CURVA,INCLINADA,AFIRMADO,,,,,IMPRUDENCIA DEL CONDUCTOR,EXCESO DE VELOCIDAD
A-2023-05-81,06/05/2023,08:00,DESPISTE,1,1,1,HUANCAVELICA,ANGARAES,SECCLLA,RURAL,CARRETERA,DEPARTAMENTAL,HV-108,-13.047236,-74.487901,SOLEADO,RURAL,CURVA,INCLINADA,TROCHA,,,,,EN PROCESO DE INVESTIGACIÓN,NO CUENTA CON CAUSA ESPECIFICA
A-2023-05-139,06/05/2023,09:23,ATROPELLO,1,0,,LIMA,LIMA,SAN JUAN DE LURIGANCHO,URBANA,AVENIDA,URBANO,NO CORRESPONDE,-11.96782396,-77.00390032,DESPEJADO,COMERCIAL,TRAMO RECTO,PLANA ,ASFALTADA,,,,,EN PROCESO DE INVESTIGACIÓN,NO CUENTA CON CAUSA ESPECIFICA
A-2023-05-59,06/05/2023,14:00,DESPISTE,1,4,1,LA LIBERTAD,BOLIVAR,BAMBAMARCA,RURAL,CARRETERA,NACIONAL,PE-10B,-7.4415390956356395,-77.69836557860195,DESPEJADO,RURAL,TRAMO RECTO,PLANA ,TROCHA,,,,,EN PROCESO DE INVESTIGACIÓN,NO CUENTA CON CAUSA ESPECIFICA
A-2023-05-155,06/05/2023,15:40,CHOQUE,1,0,,LIMA,LIMA,SANTIAGO DE SURCO,RURAL,CARRETERA,NACIONAL,PE-1S,-12.143686,-76.981723,DESPEJADO,INDUSTRIAL,TRAMO RECTO,PLANA ,ASFALTADA,,,,,IMPRUDENCIA DEL CONDUCTOR,OTRO (IMPRUDENCIA DEL CONDUCTOR)
A-2023-05-174,06/05/2023,15:40,CHOQUE,1,0,,LIMA,LIMA,SANTIAGO DE SURCO,URBANA,CARRETERA,NACIONAL,PE-1S,-12.143750308314194,-76.98170268928794,DESPEJADO,RESIDENCIAL,TRAMO RECTO,PLANA ,ASFALTADA,,,,,IMPRUDENCIA DEL CONDUCTOR,GIRAR IMPRUDENTEMENTE
A-2023-05-158,06/05/2023,16:30,CHOQUE,1,0,2,CAJAMARCA,CHOTA,QUEROCOTO,RURAL,CARRETERA,PROVINCIAL,CA-827,-6.339401,-79.027925,DESPEJADO,INDUSTRIAL,CURVA,PLANA ,AFIRMADO,,,,,IMPRUDENCIA DEL CONDUCTOR,EXCESO DE VELOCIDAD
A-2023-05-138,06/05/2023,22:40,ATROPELLO,1,0,,LIMA,LIMA,INDEPENDENCIA,URBANA,AVENIDA,URBANO,NO CORRESPONDE,-12.002167065249218,-77.05499941826353,DESPEJADO,COMERCIAL,TRAMO RECTO,INCLINADA,ASFALTADA,,,,,EN PROCESO DE INVESTIGACIÓN,NO CUENTA CON CAUSA ESPECIFICA
A-2023-05-18,06/05/2023,22:50,ATROPELLO,1,0,1,ANCASH,SANTA,NUEVO CHIMBOTE,RURAL,CARRETERA,NACIONAL,PE-1N,-9.161346,-78.495372,DESPEJADO,RURAL,TRAMO RECTO,PLANA ,ASFALTADA,SI,INFORMATIVA (I),,SI,EN PROCESO DE INVESTIGACIÓN,NO CUENTA CON CAUSA ESPECIFICA
A-2023-05-137,07/05/2023,00:40,CHOQUE,1,0,,LIMA,LIMA,LOS OLIVOS,URBANA,AVENIDA,URBANO,NO CORRESPONDE,-11.98023189,-77.07220528,DESPEJADO,COMERCIAL,INTERSECCIÓN,PLANA ,ASFALTADA,,,,,EN PROCESO DE INVESTIGACIÓN,NO CUENTA CON CAUSA ESPECIFICA
A-2023-05-9,07/05/2023,10:30,DESPISTE,2,0,1,ICA,ICA,YAUCA DEL ROSARIO,RURAL,CARRETERA,SIN CLASIFICAR,SIN CLASIFICAR,-13.9761447,-75.4256334,DESPEJADO,RURAL,CURVA,INCLINADA,TROCHA,,,,,INFRAESTRUCTURA Y ENTORNO VIAL,OTRO (INFRAESTRUCTURA Y ENTORNO VIAL)
A-2023-05-172,07/05/2023,14:00,DESPISTE,1,2,,PASCO,OXAPAMPA,OXAPAMPA,URBANA,CARRETERA,NACIONAL,PE-5NA,-10.640763153088635,-75.38786621522597,,,,,,,,,,EN PROCESO DE INVESTIGACIÓN,NO CUENTA CON CAUSA ESPECIFICA
A-2023-05-141,08/05/2023,01:00,DESPISTE,2,0,,APURIMAC,ABANCAY,CIRCA,RURAL,CARRETERA,NACIONAL,PE-30A,-13.78832022,-72.94705484,,,,,,,,,,EN PROCESO DE INVESTIGACIÓN,NO CUENTA CON CAUSA ESPECIFICA
A-2023-05-60,08/05/2023,04:00,CHOQUE,1,0,3,LA LIBERTAD,TRUJILLO,LAREDO,RURAL,CARRETERA,NACIONAL,PE-10A,-8.073092,-78.867206,DESPEJADO,RURAL,TRAMO RECTO,PLANA ,ASFALTADA,,,,,IMPRUDENCIA DEL CONDUCTOR,OTRO (IMPRUDENCIA DEL CONDUCTOR)
A-2023-05-136,08/05/2023,05:00,CHOQUE,1,24,,LIMA,LIMA,SAN BORJA,URBANA,CARRETERA,NACIONAL,PE-1S,-12.094176,-76.980606,DESPEJADO,COMERCIAL,TRAMO RECTO,PLANA ,ASFALTADA,,,,,EN PROCESO DE INVESTIGACIÓN,NO CUENTA CON CAUSA ESPECIFICA
A-2023-05-61,08/05/2023,07:10,DESPISTE,2,12,1,LA LIBERTAD,SANTIAGO DE CHUCO,QUIRUVILCA,RURAL,CARRETERA,PROVINCIAL,LI-931,-8.010683371367584,-78.31100065209786,DESPEJADO,RURAL,CURVA,INCLINADA,TROCHA,,,,,IMPRUDENCIA DEL CONDUCTOR,ADELANTAR INDEBIDAMENTE
A-2023-05-30,08/05/2023,16:30,CHOQUE,3,0,3,CUSCO,QUISPICANCHI,URCOS,RURAL,CARRETERA,NACIONAL,PE-3S,-13.710043,-71.597223,LLUVIOSO,RURAL,TRAMO RECTO,PLANA ,ASFALTADA,SI,REGULADORA (R),,SI,IMPRUDENCIA DEL CONDUCTOR,EXCESO DE VELOCIDAD
A-2023-05-88,08/05/2023,19:00,DESPISTE,1,0,1,PUNO,LAMPA,SANTA LUCIA,RURAL,CARRETERA,NACIONAL,PE-34A,-15.6507989,-70.7334132,DESPEJADO,RURAL,CURVA,PLANA ,ASFALTADA,,,,,NEGLIGENCIA DEL CONDUCTOR,OTRO (NEGLIGENCIA DEL CONDUCTOR)
A-2023-05-62,09/05/2023,05:30,ATROPELLO,2,0,1,LA LIBERTAD,PACASMAYO,JEQUETEPEQUE,RURAL,CARRETERA,NACIONAL,PE-1N,-7.3661421,-79.5300156,DESPEJADO,RURAL,TRAMO RECTO,PLANA ,ASFALTADA,,,,,EN PROCESO DE INVESTIGACIÓN,NO CUENTA CON CAUSA ESPECIFICA
A-2023-05-102,09/05/2023,11:30,DESPISTE,1,0,1,AMAZONAS,BONGARA,VALERA,RURAL,CARRETERA,PROVINCIAL,AM-637,-6.05205,-77.9178956,DESPEJADO,RURAL,CURVA,INCLINADA,ASFALTADA,,,,,EN PROCESO DE INVESTIGACIÓN,NO CUENTA CON CAUSA ESPECIFICA
A-2023-05-144,09/05/2023,15:30,CHOQUE,2,4,,JUNIN,JUNIN,CARHUAMAYO,RURAL,CARRETERA,NACIONAL,PE-3N,-10.91089928075512,-76.06661079155415,NUBLADO,RURAL,TRAMO RECTO,PLANA ,ASFALTADA,SI,PREVENTIVA (P),,SI,IMPRUDENCIA DEL CONDUCTOR,ADELANTAR INDEBIDAMENTE
A-2023-05-45,10/05/2023,11:15,ESPECIAL,1,2,1,CUSCO,ANTA,HUAROCONDO,RURAL,CARRETERA,DEPARTAMENTAL,CU-110,-13.3700266,-72.2351484,DESPEJADO,RURAL,CURVA,PLANA ,TROCHA,,,,,INFRAESTRUCTURA Y ENTORNO VIAL,OTRO (INFRAESTRUCTURA Y ENTORNO VIAL)
A-2023-05-135,10/05/2023,13:50,ATROPELLO FUGA,1,0,,LIMA,LIMA,VILLA EL SALVADOR,RURAL,CARRETERA,NACIONAL,PE-1S,-12.24054167,-76.9477022,DESPEJADO,INDUSTRIAL,TRAMO RECTO,PLANA ,ASFALTADA,,,,,EN PROCESO DE INVESTIGACIÓN,NO CUENTA CON CAUSA ESPECIFICA
A-2023-05-36,10/05/2023,14:30,DESPISTE,2,4,1,APURIMAC,ANDAHUAYLAS,TALAVERA,RURAL,CARRETERA,DEPARTAMENTAL,AP-102,-13.589089,-73.46085,SOLEADO,RURAL,TRAMO RECTO,INCLINADA,CASCAJO/RIPIO,,,,,IMPRUDENCIA DEL CONDUCTOR,EXCESO DE VELOCIDAD
A-2023-05-63,10/05/2023,20:00,ATROPELLO,1,0,1,LA LIBERTAD,VIRU,CHAO,RURAL,CARRETERA,NACIONAL,PE-1N,-8.688299568046988,-78.63463067085851,DESPEJADO,RURAL,TRAMO RECTO,PLANA ,ASFALTADA,,,,,EN PROCESO DE INVESTIGACIÓN,NO CUENTA CON CAUSA ESPECIFICA
A-2023-05-13,10/05/2023,22:00,DESPISTE,1,2,1,ANCASH,CARHUAZ,CARHUAZ,RURAL,CARRETERA,NACIONAL,PE-3N,-9.283060554239968,-77.64921018219094,DESPEJADO,RURAL,CURVA,INCLINADA,TROCHA,,,,,EN PROCESO DE INVESTIGACIÓN,NO CUENTA CON CAUSA ESPECIFICA
A-2023-05-7,11/05/2023,02:30,DESPISTE,1,0,1,ICA,PALPA,LLIPATA,RURAL,CARRETERA,NACIONAL,PE-1S,-14.5581442,-75.2023289,DESPEJADO,RURAL,TRAMO RECTO,PLANA ,ASFALTADA,,,,,IMPRUDENCIA DEL CONDUCTOR,EXCESO DE VELOCIDAD
A-2023-05-134,11/05/2023,12:30,CHOQUE,1,0,,LIMA,LIMA,LURIGANCHO,URBANA,AVENIDA,URBANO,NO CORRESPONDE,-11.9985816,-76.92668958,DESPEJADO,RESIDENCIAL,INTERSECCIÓN,PLANA ,ASFALTADA,,,,,IMPRUDENCIA DEL CONDUCTOR,OTRO (IMPRUDENCIA DEL CONDUCTOR)
A-2023-05-133,11/05/2023,18:50,DESPISTE,1,0,,LIMA,LIMA,VILLA MARIA DEL TRIUNFO,URBANA,JIRÓN,URBANO,NO CORRESPONDE,-12.1840592,-76.93914062,DESPEJADO,RESIDENCIAL,TRAMO RECTO,INCLINADA,ASFALTADA,,,,,EN PROCESO DE INVESTIGACIÓN,NO CUENTA CON CAUSA ESPECIFICA
A-2023-05-161,11/05/2023,19:07,CHOQUE,1,0,2,CAJAMARCA,CAJAMARCA,LOS BAÑOS DEL INCA,RURAL,CARRETERA,NACIONAL,PE-08B,-7.141737,-78.390571,DESPEJADO,INDUSTRIAL,TRAMO RECTO,PLANA ,ASFALTADA,NO,,,SI,IMPRUDENCIA DEL CONDUCTOR,OTRO (IMPRUDENCIA DEL CONDUCTOR)
A-2023-05-6,12/05/2023,01:00,CHOQUE,1,0,1,ICA,ICA,LOS AQUIJES,URBANA,CARRETERA,NACIONAL,PE-1S,-14.093277,-75.7173961,DESPEJADO,INDUSTRIAL,TRAMO RECTO,PLANA ,ASFALTADA,,,,,NEGLIGENCIA DEL CONDUCTOR,OTRO (NEGLIGENCIA DEL CONDUCTOR)
A-2023-05-95,12/05/2023,04:00,CHOQUE,1,2,2,PIURA,PIURA,PIURA,URBANA,AVENIDA,URBANO,NO CORRESPONDE,-5.18244,-80.6359916,DESPEJADO,COMERCIAL,INTERSECCIÓN,PLANA ,ASFALTADA,,,,,IMPRUDENCIA DEL CONDUCTOR,EXCESO DE VELOCIDAD
A-2023-05-76,12/05/2023,07:30,DESPISTE,1,0,,ANCASH,RECUAY,MARCA,RURAL,CARRETERA,PROVINCIAL,AN-1238,-10.0905603113682,-77.474906670989,,,,,,,,,,EN PROCESO DE INVESTIGACIÓN,NO CUENTA CON CAUSA ESPECIFICA
A-2023-05-15,12/05/2023,09:00,DESPISTE,1,2,1,AREQUIPA,CAYLLOMA,CHIVAY,RURAL,CARRETERA,DEPARTAMENTAL,AR-109,-15.704648,-71.589614,NUBLADO,RURAL,CURVA,INCLINADA,ASFALTADA,NO,,,SI,EN PROCESO DE INVESTIGACIÓN,NO CUENTA CON CAUSA ESPECIFICA
A-2023-05-64,12/05/2023,20:00,DESPISTE,1,0,1,LA LIBERTAD,GRAN CHIMU,SAYAPULLO,RURAL,CARRETERA,DEPARTAMENTAL,LI-106,-7.592899,-78.488527,DESPEJADO,RURAL,TRAMO RECTO,PLANA ,AFIRMADO,,,,,EN PROCESO DE INVESTIGACIÓN,NO CUENTA CON CAUSA ESPECIFICA
A-2023-05-162,12/05/2023,20:40,CHOQUE,1,0,2,CAJAMARCA,CHOTA,CHOTA,URBANA,CARRETERA,NACIONAL,PE-3N,-6.544263,-78.681978,DESPEJADO,COMERCIAL,CURVA,INCLINADA,ASFALTADA,NO,,,SI,IMPRUDENCIA DEL CONDUCTOR,CONDUCIR EN ESTADO DE EBRIEDAD Y/O DROGADICCIÓN
A-2023-05-132,12/05/2023,21:00,ATROPELLO,1,0,,LIMA,LIMA,LURIN,RURAL,CARRETERA,NACIONAL,PE-1S,-12.28162677,-76.88079856,DESPEJADO,INDUSTRIAL,TRAMO RECTO,PLANA ,ASFALTADA,SI,INFORMATIVA (I),,NO,IMPRUDENCIA DEL PEATÓN,OTRO (IMPRUDENCIA DEL PEATÓN)
A-2023-05-148,13/05/2023,04:00,CHOQUE,1,3,,JUNIN,YAULI,MOROCOCHA,RURAL,CARRETERA,NACIONAL,PE-22,-11.597276,-76.145393,DESPEJADO,RURAL,CURVA,PLANA ,ASFALTADA,NO,,,SI,IMPRUDENCIA DEL CONDUCTOR,INVASIÓN DE CARRIL
A-2023-05-65,13/05/2023,09:00,DESPISTE,3,23,1,LA LIBERTAD,SANTIAGO DE CHUCO,QUIRUVILCA,RURAL,CARRETERA,NACIONAL,PE-3N,-8.020769,-78.316386,DESPEJADO,RURAL,CURVA,PLANA ,TROCHA,,,,,NEGLIGENCIA DEL CONDUCTOR,CONDUCIR CON FALLAS DE FRENOS
A-2023-05-131,13/05/2023,10:30,ATROPELLO,1,1,,LIMA,LIMA,RIMAC,URBANA,JIRÓN,URBANO,NO CORRESPONDE,-12.03779377,-77.02698101,DESPEJADO,RESIDENCIAL,INTERSECCIÓN,PLANA ,ASFALTADA,,,,,EN PROCESO DE INVESTIGACIÓN,NO CUENTA CON CAUSA ESPECIFICA
A-2023-05-66,13/05/2023,13:30,ATROPELLO,1,0,1,LA LIBERTAD,TRUJILLO,VICTOR LARCO HERRERA,URBANA,CARRETERA,NACIONAL,PE-1N,-8.136443,-79.058955,DESPEJADO,COMERCIAL,TRAMO RECTO,PLANA ,ASFALTADA,,,,,EN PROCESO DE INVESTIGACIÓN,NO CUENTA CON CAUSA ESPECIFICA
A-2023-05-110-A,13/05/2023,15:45,DESPISTE,1,1,,AREQUIPA,AREQUIPA,LA JOYA,URBANA,CARRETERA,NACIONAL,PE-1S,-16.685099,-71.870726,DESPEJADO,COMERCIAL,TRAMO RECTO,PLANA ,ASFALTADA,SI,REGULADORA (R),,SI,EN PROCESO DE INVESTIGACIÓN,NO CUENTA CON CAUSA ESPECIFICA
A-2023-05-168,13/05/2023,19:00,ATROPELLO,1,0,1,CAJAMARCA,CAJABAMBA,CAJABAMBA,URBANA,CARRETERA,NACIONAL,PE-3N,-7.6288114,-78.0434344,DESPEJADO,COMERCIAL,TRAMO RECTO,PLANA ,ASFALTADA,,,,,IMPRUDENCIA DEL CONDUCTOR,CONDUCIR EN ESTADO DE EBRIEDAD Y/O DROGADICCIÓN
A-2023-05-16,13/05/2023,19:45,ATROPELLO,1,0,1,AREQUIPA,AREQUIPA,UCHUMAYO,URBANA,CARRETERA,NACIONAL,PE-34A,-16.409763,-71.619783,DESPEJADO,INDUSTRIAL,TRAMO RECTO,INCLINADA,ASFALTADA,NO,,,SI,EN PROCESO DE INVESTIGACIÓN,NO CUENTA CON CAUSA ESPECIFICA
A-2023-05-21,14/05/2023,01:15,ATROPELLO FUGA,1,0,1,AREQUIPA,AREQUIPA,CERRO COLORADO,URBANA,CARRETERA,NACIONAL,PE-34A,-16.338207,-71.590511,DESPEJADO,COMERCIAL,CURVA,PLANA ,ASFALTADA,NO,,,SI,EN PROCESO DE INVESTIGACIÓN,NO CUENTA CON CAUSA ESPECIFICA
A-2023-05-67,14/05/2023,01:15,ATROPELLO FUGA,1,0,,LA LIBERTAD,TRUJILLO,TRUJILLO,RURAL,CARRETERA,NACIONAL,PE-10A,-8.117398,-79.003102,DESPEJADO,RURAL,TRAMO RECTO,PLANA ,ASFALTADA,,,,,EN PROCESO DE INVESTIGACIÓN,NO CUENTA CON CAUSA ESPECIFICA
A-2023-05-37,14/05/2023,03:00,DESPISTE,1,3,1,CUSCO,ESPINAR,OCORURO,RURAL,CARRETERA,NACIONAL,PE-34J,-14.967764,-71.177229,NIEBLA,RURAL,CURVA,INCLINADA,ASFALTADA,SI,PREVENTIVA (P),,SI,IMPRUDENCIA DEL CONDUCTOR,EXCESO DE VELOCIDAD
A-2023-05-12,14/05/2023,04:30,DESPISTE,1,5,1,ANCASH,RECUAY,CATAC,RURAL,CARRETERA,DEPARTAMENTAL,AN-110,-9.804748593056223,-77.43022914079498,DESPEJADO,RURAL,TRAMO RECTO,PLANA ,ASFALTADA,,,,,EN PROCESO DE INVESTIGACIÓN,NO CUENTA CON CAUSA ESPECIFICA
A-2023-05-110-B,2023-05-14 00:00:00,05:15,DESPISTE,2,0,1,HUANCAVELICA,ANGARAES,LIRCAY,RURAL,CARRETERA,DEPARTAMENTAL,HV-116,-13.142764,-74.873354,DESPEJADO,RURAL,CURVA,PLANA ,TROCHA,,,,,EN PROCESO DE INVESTIGACIÓN,NO CUENTA CON CAUSA ESPECIFICA
A-2023-05-93,14/05/2023,05:15,DESPISTE,1,0,1,PIURA,PIURA,PIURA,RURAL,CARRETERA,NACIONAL,PE-1N,-5.0791,-80.7067,DESPEJADO,RURAL,TRAMO RECTO,PLANA ,ASFALTADA,SI,PREVENTIVA (P),,NO,IMPRUDENCIA DEL CONDUCTOR,EXCESO DE VELOCIDAD
A-2023-05-130,14/05/2023,07:00,ATROPELLO,1,0,,LIMA,LIMA,SAN MARTIN DE PORRES,URBANA,AVENIDA,URBANO,NO CORRESPONDE,-12.02103639,-77.08656019,DESPEJADO,RESIDENCIAL,INTERSECCIÓN,PLANA ,ASFALTADA,SI,PREVENTIVA (P),,NO,EN PROCESO DE INVESTIGACIÓN,NO CUENTA CON CAUSA ESPECIFICA
A-2023-05-108,14/05/2023,08:30,ATROPELLO FUGA,1,0,,ICA,CHINCHA,CHINCHA BAJA,RURAL,CARRETERA,NACIONAL,PE-1S,-13.506279,-76.141225,DESPEJADO,RURAL,TRAMO RECTO,PLANA ,ASFALTADA,,,,,IMPRUDENCIA DEL PEATÓN,CRUCE INDEBIDO POR LA CALZADA
A-2023-05-163,14/05/2023,08:40,CHOQUE CON OBJETO FIJO,1,3,1,CAJAMARCA,CHOTA,CHOTA,URBANA,CARRETERA,NACIONAL,PE-3N,-6.568921078120778,-78.6483907627679,DESPEJADO,COMERCIAL,CURVA,INCLINADA,ASFALTADA,NO,,,SI,NEGLIGENCIA DEL CONDUCTOR,CONDUCIR CON FALLAS DE FRENOS
A-2023-05-28,14/05/2023,13:30,DESPISTE,1,0,1,CUSCO,LA CONVENCION,SANTA ANA,RURAL,CARRETERA,NACIONAL,PE-28B,-12.816532,-72.691208,DESPEJADO,RURAL,TRAMO RECTO,PLANA ,ASFALTADA,SI,PREVENTIVA (P),,SI,IMPRUDENCIA DEL CONDUCTOR,CONDUCIR EN ESTADO DE EBRIEDAD Y/O DROGADICCIÓN
A-2023-05-17,14/05/2023,16:30,CHOQUE,1,2,2,SAN MARTIN,MOYOBAMBA,CALZADA,RURAL,CARRETERA,NACIONAL,PE-5N,-6.044833,-77.144262,DESPEJADO,RURAL,TRAMO RECTO,PLANA ,ASFALTADA,,,,,IMPRUDENCIA DEL CONDUCTOR,OTRO (IMPRUDENCIA DEL CONDUCTOR)
A-2023-05-129,14/05/2023,16:40,ATROPELLO,1,0,,LIMA,LIMA,LURIN,URBANA,CARRETERA,NACIONAL,PE-1S,-12.302955,-76.84265,DESPEJADO,INDUSTRIAL,TRAMO RECTO,INCLINADA,ASFALTADA,,,,,IMPRUDENCIA DEL PEATÓN,OTRO (IMPRUDENCIA DEL PEATÓN)
A-2023-05-68,14/05/2023,18:15,DESPISTE,1,0,1,LA LIBERTAD,CHEPEN,PACANGA,RURAL,CARRETERA,PROVINCIAL,LI-528,-7.164407692488261,-79.45068736747567,DESPEJADO,RURAL,TRAMO RECTO,PLANA ,AFIRMADO,,,,,IMPRUDENCIA DEL CONDUCTOR,OTRO (IMPRUDENCIA DEL CONDUCTOR)
A-2023-05-101,14/05/2023,19:30,CHOQUE,2,6,,PIURA,SECHURA,RINCONADA LLICUAR,RURAL,CARRETERA,PROVINCIAL,PI-1040,-5.4950285,-80.778035,DESPEJADO,RURAL,TRAMO RECTO,PLANA ,ASFALTADA,,,,,IMPRUDENCIA DEL CONDUCTOR,ADELANTAR INDEBIDAMENTE
A-2023-05-83,14/05/2023,22:25,CHOQUE FUGA,1,2,2,LIMA,HUAURA,HUACHO,URBANA,CARRETERA,NACIONAL,PE-1N,-11.13609,-77.59694,DESPEJADO,RESIDENCIAL,TRAMO RECTO,INCLINADA,ASFALTADA,,,,,IMPRUDENCIA DEL CONDUCTOR,CONDUCIR EN SENTIDO CONTRARIO
A-2023-05-10,14/05/2023,23:20,ATROPELLO FUGA,1,0,,LIMA,LIMA,PACHACAMAC,URBANA,AVENIDA,URBANO,NO CORRESPONDE,-12.112766104359844,-76.87371350616725,,,,,,,,,,EN PROCESO DE INVESTIGACIÓN,NO CUENTA CON CAUSA ESPECIFICA
A-2023-05-128,14/05/2023,23:20,ATROPELLO FUGA,1,0,,LIMA,LIMA,PACHACAMAC,URBANA,AVENIDA,URBANO,NO CORRESPONDE,-12.11263727,-76.87395975,DESPEJADO,ESCOLAR,INTERSECCIÓN,INCLINADA,ASFALTADA,NO,,,SI,EN PROCESO DE INVESTIGACIÓN,NO CUENTA CON CAUSA ESPECIFICA