CÓDIGO SINIESTRO,FECHA SINIESTRO,HORA SINIESTRO,CLASE SINIESTRO,CANTIDAD DE FALLECIDOS,CANTIDAD DE LESIONADOS,CANTIDAD DE VEHICULOS DAÑADOS,DEPARTAMENTO,PROVINCIA,DISTRITO,ZONA,TIPO DE VÍA,RED VIAL,COD CARRETERA,COORDENADAS LATITUD,COORDENADAS  LONGITUD,CONDICIÓN CLIMÁTICA,ZONIFICACIÓN,CARACTERÍSTICAS DE VÍA,PERFIL LONGITUDINAL VÍA,SUPERFICIE DE CALZADA,¿EXISTE SEÑAL VERTICAL?,CLASIFICACIÓN DE LA SEÑAL VERTICAL Nº 1,CLASIFICACIÓN DE LA SEÑAL VERTICAL Nº 2,¿EXISTE SEÑAL HORIZONTAL?,CAUSA FACTOR PRINCIPAL,CAUSA ESPECÍFICA
A-2023-05-164,15/05/2023,05:30,DESPISTE,1,0,1,CAJAMARCA,JAEN,SAN FELIPE,URBANA,CARRETERA,NACIONAL,PE-3N,-5.781063,-79.392888,DESPEJADO,INDUSTRIAL,CURVA,PLANA ,ASFALTADA,SI,PREVENTIVA (P),,SI,IMPRUDENCIA DEL CONDUCTOR,EXCESO DE VELOCIDAD
A-2023-05-82,15/05/2023,08:00,CHOQUE,1,1,2,HUANCAVELICA,ANGARAES,LIRCAY,RURAL,CARRETERA,PROVINCIAL,HV-881,-13.0032514,-74.7349296,SOLEADO,RURAL,CURVA,PLANA ,TROCHA,,,,,EN PROCESO DE INVESTIGACIÓN,NO CUENTA CON CAUSA ESPECIFICA
A-2023-05-14,15/05/2023,14:15,DESPISTE,1,0,1,TUMBES,ZARUMILLA,ZARUMILLA,RURAL,CARRETERA,DEPARTAMENTAL,TU-100,-3.4833978012527873,-80.28688427327613,SOLEADO,RURAL,TRAMO RECTO,PLANA ,ASFALTADA,,,,,IMPRUDENCIA DEL CONDUCTOR,EXCESO DE VELOCIDAD
A-2023-05-22,15/05/2023,14:35,CHOQUE,1,0,2,AREQUIPA,CAYLLOMA,MAJES,URBANA,CARRETERA,SIN CLASIFICAR,SIN CLASIFICAR,-16.320432,-72.214965,DESPEJADO,RURAL,TRAMO RECTO,INCLINADA,ASFALTADA,,,,,EN PROCESO DE INVESTIGACIÓN,NO CUENTA CON CAUSA ESPECIFICA
A-2023-05-71,15/05/2023,17:15,DESPISTE,1,3,1,LA LIBERTAD,VIRU,GUADALUPITO,RURAL,CARRETERA,NACIONAL,PE-1N,-8.69716478565437,-78.63794517639676,DESPEJADO,RURAL,TRAMO RECTO,PLANA ,ASFALTADA,,,,,EN PROCESO DE INVESTIGACIÓN,NO CUENTA CON CAUSA ESPECIFICA
A-2023-05-72,15/05/2023,18:30,DESPISTE,1,0,1,LA LIBERTAD,ASCOPE,CHICAMA,RURAL,CARRETERA,NACIONAL,PE-1NF,-7.748804,-79.100962,DESPEJADO,RURAL,TRAMO RECTO,PLANA ,ASFALTADA,,,,,EN PROCESO DE INVESTIGACIÓN,NO CUENTA CON CAUSA ESPECIFICA
A-2023-05-99,15/05/2023,21:30,ATROPELLO,1,0,1,PIURA,PIURA,CATACAOS,RURAL,CARRETERA,NACIONAL,PE-1N,-5.227757585565833,-80.65413186806087,DESPEJADO,RURAL,TRAMO RECTO,PLANA ,ASFALTADA,,,,,IMPRUDENCIA DEL PEATÓN,ESTADO DE EBRIEDAD Y/O DROGADICCIÓN
A-2023-05-44,17/05/2023,06:00,DESPISTE,2,7,1,CUSCO,CANCHIS,TINTA,URBANA,CARRETERA,NACIONAL,PE-3S,-14.152876,-71.391394,NUBLADO,RURAL,TRAMO RECTO,PLANA ,ASFALTADA,NO,,,SI,IMPRUDENCIA DEL CONDUCTOR,CONDUCIR EN ESTADO DE EBRIEDAD Y/O DROGADICCIÓN
A-2023-05-149,17/05/2023,20:30,ATROPELLO,1,0,,JUNIN,HUANCAYO,HUANCAN,URBANA,CARRETERA,PROVINCIAL,JU-1036,-12.114898,-75.223991,DESPEJADO,RURAL,TRAMO RECTO,PLANA ,ASFALTADA,NO,,,SI,IMPRUDENCIA DEL PEATÓN,ESTADO DE EBRIEDAD Y/O DROGADICCIÓN
A-2023-05-33,18/05/2023,00:18,DESPISTE,1,0,1,CUSCO,CHUMBIVILCAS,LLUSCO,RURAL,CARRETERA,PROVINCIAL,CU-1901,-14.344158,-72.135893,DESPEJADO,RURAL,TRAMO RECTO,INCLINADA,AFIRMADO,,,,,IMPRUDENCIA DEL CONDUCTOR,EXCESO DE VELOCIDAD
A-2023-05-90,18/05/2023,07:30,ATROPELLO,1,0,1,PUNO,HUANCANE,TARACO,RURAL,CARRETERA,SIN CLASIFICAR,SIN CLASIFICAR,-15.276588,-69.957304,DESPEJADO,RURAL,TRAMO RECTO,PLANA ,TROCHA,,,,,IMPRUDENCIA DEL CONDUCTOR,EXCESO DE VELOCIDAD
A-2023-05-24,18/05/2023,07:54,ATROPELLO,1,0,,AMAZONAS,CHACHAPOYAS,CHACHAPOYAS,URBANA,AVENIDA,URBANO,NO CORRESPONDE,-6.24623,-77.891027,,,,,,,,,,EN PROCESO DE INVESTIGACIÓN,NO CUENTA CON CAUSA ESPECIFICA
A-2023-05-70,18/05/2023,20:40,ATROPELLO,1,0,1,LA LIBERTAD,TRUJILLO,HUANCHACO,URBANA,CARRETERA,NACIONAL,PE-1N,-8.010899,-79.070726,DESPEJADO,COMERCIAL,CURVA,PLANA ,ASFALTADA,,,,,IMPRUDENCIA DEL PEATÓN,CRUCE INDEBIDO POR LA CALZADA
A-2023-05-122,19/05/2023,06:00,ATROPELLO FUGA,1,0,,LIMA,LIMA,ATE,URBANA,CARRETERA,NACIONAL,PE-22,-12.008269,-76.860337,DESPEJADO,COMERCIAL,TRAMO RECTO,PLANA ,ASFALTADA,,,,,EN PROCESO DE INVESTIGACIÓN,NO CUENTA CON CAUSA ESPECIFICA
A-2023-05-19,19/05/2023,08:05,CHOQUE,1,1,2,ICA,ICA,ICA,URBANA,AVENIDA,URBANO,NO CORRESPONDE,-14.0855057,-75.7229572,DESPEJADO,RESIDENCIAL,TRAMO RECTO,PLANA ,ASFALTADA,,,,,IMPRUDENCIA DEL CONDUCTOR,GIRAR IMPRUDENTEMENTE
A-2023-05-169,19/05/2023,10:30,ATROPELLO,1,0,1,TACNA,TACNA,ALTO DE LA ALIANZA,URBANA,CARRETERA,NACIONAL,PE-38,-17.999789,-70.259936,DESPEJADO,COMERCIAL,TRAMO RECTO,PLANA ,ASFALTADA,,,,,IMPRUDENCIA DEL CONDUCTOR,NO DAR PASO PREFERENTE AL PEATÓN
A-2023-05-38,19/05/2023,18:20,DESPISTE,2,1,1,CUSCO,LA CONVENCION,VILCABAMBA,RURAL,CARRETERA,PROVINCIAL,CU-614,-12.857471,-73.186868,DESPEJADO,RURAL,CURVA,INCLINADA,AFIRMADO,,,,,IMPRUDENCIA DEL CONDUCTOR,EXCESO DE VELOCIDAD
A-2023-05-35,19/05/2023,18:30,DESPISTE,1,0,1,CUSCO,LA CONVENCION,ECHARATE,URBANA,JIRÓN,URBANO,NO CORRESPONDE,-12.7671,-72.581766,DESPEJADO,RESIDENCIAL,INTERSECCIÓN,INCLINADA,AFIRMADO,,,,,IMPRUDENCIA DEL CONDUCTOR,OTRO (IMPRUDENCIA DEL CONDUCTOR)
A-2023-05-111,20/05/2023,12:00,CHOQUE,1,1,2,HUANCAVELICA,TAYACAJA,QUICHUAS,RURAL,CARRETERA,NACIONAL,PE-3S,-12.495509,-74.72221,DESPEJADO,RURAL,TRAMO RECTO,PLANA ,ASFALTADA,,,,,EN PROCESO DE INVESTIGACIÓN,NO CUENTA CON CAUSA ESPECIFICA
A-2023-05-127,20/05/2023,19:20,VOLCADURA,1,0,,LIMA,LIMA,LURIGANCHO,URBANA,CARRETERA,NACIONAL,PE-22,-12.02100704,-76.92451146,DESPEJADO,INDUSTRIAL,CURVA,PLANA ,ASFALTADA,SI,REGULADORA (R),,NO,IMPRUDENCIA DEL CONDUCTOR,OTRO (IMPRUDENCIA DEL CONDUCTOR)
A-2023-05-126,20/05/2023,23:40,ATROPELLO,1,0,,LIMA,LIMA,LURIN,RURAL,CARRETERA,NACIONAL,PE-1S,-12.245601,-76.937863,DESPEJADO,INDUSTRIAL,TRAMO RECTO,PLANA ,ASFALTADA,,,,,IMPRUDENCIA DEL PEATÓN,OTRO (IMPRUDENCIA DEL PEATÓN)
A-2023-05-125,21/05/2023,06:30,DESPISTE,1,0,,LIMA,LIMA,LURIN,RURAL,CARRETERA,NACIONAL,PE-1S,-12.272526,-76.895531,DESPEJADO,RURAL,TRAMO RECTO,PLANA ,ASFALTADA,,,,,IMPRUDENCIA DEL CONDUCTOR,OTRO (IMPRUDENCIA DEL CONDUCTOR)
A-2023-05-165,21/05/2023,06:40,DESPISTE,1,2,1,CAJAMARCA,CONTUMAZA,YONAN,RURAL,CARRETERA,NACIONAL,PE-08,-7.250003,-79.23128,DESPEJADO,RURAL,CURVA,PLANA ,ASFALTADA,SI,PREVENTIVA (P),,SI,IMPRUDENCIA DEL CONDUCTOR,OTRO (IMPRUDENCIA DEL CONDUCTOR)
A-2023-05-166,21/05/2023,06:50,CHOQUE,1,2,2,CAJAMARCA,CUTERVO,CALLAYUC,URBANA,CARRETERA,SIN CLASIFICAR,SIN CLASIFICAR,-6.17667,-78.9047,DESPEJADO,INDUSTRIAL,CURVA,INCLINADA,ASFALTADA,NO,,,SI,IMPRUDENCIA DEL CONDUCTOR,EXCESO DE VELOCIDAD
A-2023-05-23,21/05/2023,16:00,CHOQUE,1,0,2,PUNO,CHUCUITO,JULI,RURAL,CARRETERA,NACIONAL,PE-3S,-16.232840478985725,-69.37964395665307,DESPEJADO,RURAL,TRAMO RECTO,PLANA ,ASFALTADA,,,,,NEGLIGENCIA DEL CONDUCTOR,OTRO (NEGLIGENCIA DEL CONDUCTOR)
A-2023-05-152,21/05/2023,18:00,CHOQUE FUGA,1,0,1,TACNA,TACNA,TACNA,RURAL,CARRETERA,NACIONAL,PE-1SD,-18.07401,-70.31412,DESPEJADO,RURAL,INTERSECCIÓN,PLANA ,ASFALTADA,,,,,EN PROCESO DE INVESTIGACIÓN,NO CUENTA CON CAUSA ESPECIFICA
A-2023-05-73,21/05/2023,19:00,DESPISTE,5,13,1,LA LIBERTAD,OTUZCO,SALPO,RURAL,CARRETERA,NACIONAL,PE-10A,-7.989281,-78.65696,DESPEJADO,RURAL,TRAMO RECTO,PLANA ,ASFALTADA,,,,,NEGLIGENCIA DEL CONDUCTOR,CONDUCIR CON FALLAS DE FRENOS
A-2023-05-25,21/05/2023,20:30,ATROPELLO,1,0,1,TUMBES,TUMBES,SAN JACINTO,RURAL,CARRETERA,DEPARTAMENTAL,TU-105,-3.6448381900925146,-80.4497862623779,SOLEADO,RURAL,CURVA,PLANA ,ASFALTADA,SI,PREVENTIVA (P),,NO,IMPRUDENCIA DEL PEATÓN,ESTADO DE EBRIEDAD Y/O DROGADICCIÓN
A-2023-05-124,21/05/2023,23:30,ATROPELLO,1,0,,LIMA,LIMA,SAN JUAN DE MIRAFLORES,URBANA,CARRETERA,NACIONAL,PE-1S,-12.14689319,-76.98213285,DESPEJADO,COMERCIAL,TRAMO RECTO,PLANA ,ASFALTADA,,,,,EN PROCESO DE INVESTIGACIÓN,NO CUENTA CON CAUSA ESPECIFICA
A-2023-05-74,22/05/2023,03:40,CHOQUE,5,4,2,LA LIBERTAD,TRUJILLO,LAREDO,RURAL,CARRETERA,NACIONAL,PE-10A,-8.095889628467335,-78.96662371540658,DESPEJADO,RURAL,TRAMO RECTO,PLANA ,ASFALTADA,,,,,IMPRUDENCIA DEL CONDUCTOR,CONDUCIR EN ESTADO DE EBRIEDAD Y/O DROGADICCIÓN
A-2023-05-92,22/05/2023,05:50,DESPISTE,2,0,1,PIURA,HUANCABAMBA,HUARMACA,RURAL,CARRETERA,NACIONAL,PE-04B,-5.8306,-79.4774,DESPEJADO,RURAL,TRAMO RECTO,INCLINADA,ASFALTADA,SI,PREVENTIVA (P),REGULADORA (R),NO,IMPRUDENCIA DEL CONDUCTOR,FATIGA Y/O CANSANCIO
A-2023-05-98,22/05/2023,06:30,CHOQUE,1,0,1,PIURA,PIURA,VEINTISEIS DE OCTUBRE,URBANA,CARRETERA,NACIONAL,PE-1N,-5.1731216,-80.6819183,DESPEJADO,COMERCIAL,TRAMO RECTO,PLANA ,ASFALTADA,,,,,EN PROCESO DE INVESTIGACIÓN,NO CUENTA CON CAUSA ESPECIFICA
A-2023-05-20,22/05/2023,06:40,CHOQUE,1,0,2,ICA,NASCA,NASCA,URBANA,CARRETERA,NACIONAL,PE-1S,-14.8216762,-74.9659506,DESPEJADO,COMERCIAL,TRAMO RECTO,PLANA ,ASFALTADA,,,,,EN PROCESO DE INVESTIGACIÓN,NO CUENTA CON CAUSA ESPECIFICA
A-2023-05-167,22/05/2023,11:50,CHOQUE,1,0,2,CAJAMARCA,CONTUMAZA,YONAN,RURAL,CARRETERA,NACIONAL,PE-08,-7.179834,-79.013475,DESPEJADO,RURAL,CURVA,INCLINADA,ASFALTADA,SI,REGULADORA (R),PREVENTIVA (P),SI,IMPRUDENCIA DEL CONDUCTOR,CONDUCIR EN ESTADO DE EBRIEDAD Y/O DROGADICCIÓN
A-2023-05-123,22/05/2023,20:20,CHOQUE,1,0,,LIMA,LIMA,PUENTE PIEDRA,URBANA,CARRETERA,NACIONAL,PE-1N,-11.899354,-77.067782,DESPEJADO,COMERCIAL,TRAMO RECTO,PLANA ,ASFALTADA,,,,,IMPRUDENCIA DEL CONDUCTOR,OTRO (IMPRUDENCIA DEL CONDUCTOR)
A-2023-05-84,23/05/2023,10:30,DESPISTE,2,0,1,HUANCAVELICA,HUANCAVELICA,CUENCA,RURAL,CARRETERA,PROVINCIAL,HV-924,-12.447519,-75.026261,SOLEADO,RURAL,CURVA,PLANA ,TROCHA,,,,,EN PROCESO DE INVESTIGACIÓN,NO CUENTA CON CAUSA ESPECIFICA
A-2023-05-42,23/05/2023,15:45,DESPISTE,1,0,1,CUSCO,PAUCARTAMBO,KOSÑIPATA,RURAL,CARRETERA,DEPARTAMENTAL,CU-114,-12.91651,-71.39262,DESPEJADO,RURAL,TRAMO RECTO,PLANA ,AFIRMADO,,,,,IMPRUDENCIA DEL CONDUCTOR,EXCESO DE VELOCIDAD
A-2023-05-121,24/05/2023,14:00,CHOQUE,1,2,,LIMA,LIMA,SAN JUAN DE MIRAFLORES,URBANA,CARRETERA,NACIONAL,PE-1S,-12.17345044,-76.97824974,DESPEJADO,RESIDENCIAL,TRAMO RECTO,PLANA ,ASFALTADA,,,,,IMPRUDENCIA DEL CONDUCTOR,OTRO (IMPRUDENCIA DEL CONDUCTOR)
A-2023-05-154,24/05/2023,17:00,ATROPELLO,1,0,,LIMA,LIMA,CHORRILLOS,URBANA,AVENIDA,URBANO,NO CORRESPONDE,-12.19022849,-77.00627146,DESPEJADO,RESIDENCIAL,INTERSECCIÓN,PLANA ,ASFALTADA,,,,,IMPRUDENCIA DEL PEATÓN,OTRO (IMPRUDENCIA DEL PEATÓN)
A-2023-05-173,24/05/2023,17:00,ATROPELLO,1,0,,LIMA,LIMA,CHORRILLOS,URBANA,AVENIDA,URBANO,NO CORRESPONDE,-12.190240130901273,-77.00637930966165,DESPEJADO,COMERCIAL,INTERSECCIÓN,PLANA ,ASFALTADA,SI,REGULADORA (R),,SI,IMPRUDENCIA DEL PEATÓN,CRUCE INDEBIDO POR LA CALZADA
A-2023-05-104,24/05/2023,20:30,CHOQUE,1,1,,LORETO,MAYNAS,SAN JUAN BAUTISTA,URBANA,AVENIDA,URBANO,NO CORRESPONDE,-3.7771768,-73.275805,,,,,,,,,,EN PROCESO DE INVESTIGACIÓN,NO CUENTA CON CAUSA ESPECIFICA
A-2023-05-47,24/05/2023,23:30,DESPISTE,1,0,1,APURIMAC,ANDAHUAYLAS,SAN JERONIMO,RURAL,CARRETERA,SIN CLASIFICAR,SIN CLASIFICAR,-13.670543,-73.28751,DESPEJADO,RURAL,TRAMO RECTO,INCLINADA,AFIRMADO,,,,,IMPRUDENCIA DEL CONDUCTOR,CONDUCIR EN ESTADO DE EBRIEDAD Y/O DROGADICCIÓN
A-2023-05-151,25/05/2023,03:00,ATROPELLO FUGA,1,0,,JUNIN,YAULI,LA OROYA,URBANA,CARRETERA,NACIONAL,PE-22,-11.533625193904708,-75.92073628580673,NUBLADO,RURAL,TRAMO RECTO,PLANA ,ASFALTADA,SI,PREVENTIVA (P),,SI,EN PROCESO DE INVESTIGACIÓN,NO CUENTA CON CAUSA ESPECIFICA
A-2023-05-31,25/05/2023,07:00,CHOQUE,1,0,2,AREQUIPA,AREQUIPA,CAYMA,URBANA,AVENIDA,URBANO,NO CORRESPONDE,-16.373261,-71.548254,DESPEJADO,RESIDENCIAL,INTERSECCIÓN,INCLINADA,ASFALTADA,NO,,,SI,EN PROCESO DE INVESTIGACIÓN,NO CUENTA CON CAUSA ESPECIFICA
A-2023-05-27,25/05/2023,08:10,ATROPELLO FUGA,1,1,1,AREQUIPA,AREQUIPA,PAUCARPATA,URBANA,CARRETERA,PROVINCIAL,AR-748,-16.4215013,-71.4988686,DESPEJADO,COMERCIAL,TRAMO RECTO,INCLINADA,ASFALTADA,,,,,EN PROCESO DE INVESTIGACIÓN,NO CUENTA CON CAUSA ESPECIFICA
A-2023-05-96,25/05/2023,18:50,VOLCADURA,1,0,,APURIMAC,COTABAMBAS,CHALLHUAHUACHO,RURAL,CARRETERA,NACIONAL,PE-3SF,-14.135799582207305,-72.29192155566227,,,,,,,,,,EN PROCESO DE INVESTIGACIÓN,NO CUENTA CON CAUSA ESPECIFICA
A-2023-05-107,26/05/2023,08:10,DESPISTE,1,2,,CALLAO,CALLAO,VENTANILLA,URBANA,CARRETERA,NACIONAL,PE-20,-11.920192,-77.129354,,,,,,,,,,EN PROCESO DE INVESTIGACIÓN,NO CUENTA CON CAUSA ESPECIFICA
A-2023-05-29,26/05/2023,18:40,CHOQUE,1,0,,PUNO,PUNO,PICHACANI,RURAL,CARRETERA,NACIONAL,PE-36B,-15.994118,-70.018,DESPEJADO,RURAL,TRAMO RECTO,PLANA ,ASFALTADA,,,,,IMPRUDENCIA DEL CONDUCTOR,OTRO (IMPRUDENCIA DEL CONDUCTOR)
A-2023-05-120,26/05/2023,20:50,CHOQUE,1,0,,LIMA,LIMA,PUEBLO LIBRE,URBANA,AVENIDA,URBANO,NO CORRESPONDE,-12.08478289,-77.06448613,DESPEJADO,RESIDENCIAL,SINUOSA,INCLINADA,ASFALTADA,SI,REGULADORA (R),,NO,EN PROCESO DE INVESTIGACIÓN,NO CUENTA CON CAUSA ESPECIFICA
A-2023-05-119,26/05/2023,21:00,CHOQUE,1,0,,LIMA,LIMA,VILLA EL SALVADOR,URBANA,CARRETERA,NACIONAL,PE-1S,-12.229045,-76.968166,DESPEJADO,INDUSTRIAL,CURVA,PLANA ,ASFALTADA,SI,PREVENTIVA (P),,NO,IMPRUDENCIA DEL CONDUCTOR,OTRO (IMPRUDENCIA DEL CONDUCTOR)
A-2023-05-105,26/05/2023,21:50,CHOQUE,1,1,,LORETO,MAYNAS,IQUITOS,URBANA,CALLE,URBANO,NO CORRESPONDE,-3.7360171,-73.2474853,,,,,,,,,,EN PROCESO DE INVESTIGACIÓN,NO CUENTA CON CAUSA ESPECIFICA
A-2023-05-32,27/05/2023,18:10,ATROPELLO FUGA,1,0,,CUSCO,ANTA,ANTA,RURAL,CARRETERA,NACIONAL,PE-3S,-13.479735,-72.161786,DESPEJADO,RURAL,TRAMO RECTO,PLANA ,ASFALTADA,NO,,,SI,EN PROCESO DE INVESTIGACIÓN,NO CUENTA CON CAUSA ESPECIFICA
A-2023-05-113,27/05/2023,20:00,ATROPELLO,1,0,,LIMA,LIMA,LIMA,URBANA,AVENIDA,URBANO,NO CORRESPONDE,-12.05875452,-77.01399072,DESPEJADO,COMERCIAL,TRAMO RECTO,PLANA ,ASFALTADA,SI,INFORMATIVA (I),,SI,IMPRUDENCIA DEL CONDUCTOR,EXCESO DE VELOCIDAD
A-2023-05-114,27/05/2023,20:10,ATROPELLO,1,0,,LIMA,LIMA,PUENTE PIEDRA,URBANA,CARRETERA,NACIONAL,PE-1N,-11.841271,-77.10371989,DESPEJADO,COMERCIAL,TRAMO RECTO,PLANA ,ASFALTADA,SI,PREVENTIVA (P),REGULADORA (R),NO,IMPRUDENCIA DEL PEATÓN,OTRO (IMPRUDENCIA DEL PEATÓN)
A-2023-05-112,28/05/2023,05:30,CHOQUE CON OBJETO FIJO,1,1,,LIMA,LIMA,SAN MARTIN DE PORRES,URBANA,CARRETERA,NACIONAL,PE-1N,-12.03520243,-77.04900501,DESPEJADO,ESCOLAR,TRAMO RECTO,INCLINADA,ASFALTADA,SI,PREVENTIVA (P),PREVENTIVA (P),SI,EN PROCESO DE INVESTIGACIÓN,NO CUENTA CON CAUSA ESPECIFICA
A-2023-05-49,28/05/2023,11:30,CHOQUE,1,18,2,CUSCO,QUISPICANCHI,OROPESA,URBANA,CARRETERA,NACIONAL,PE-3S,-13.583174,-71.809139,DESPEJADO,COMERCIAL,TRAMO RECTO,PLANA ,ASFALTADA,NO,,,SI,IMPRUDENCIA DEL CONDUCTOR,INVASIÓN DE CARRIL
A-2023-05-51,28/05/2023,19:30,DESPISTE,1,1,1,ICA,ICA,SALAS,RURAL,CARRETERA,NACIONAL,PE-1S,-13.935944409257445,-75.8491343109834,DESPEJADO,RURAL,TRAMO RECTO,PLANA ,ASFALTADA,,,,,IMPRUDENCIA DEL CONDUCTOR,EXCESO DE VELOCIDAD
A-2023-05-109,28/05/2023,19:55,ATROPELLO,1,0,1,ICA,CHINCHA,CHINCHA ALTA,URBANA,CARRETERA,NACIONAL,PE-1S,-13.43404,-76.13442,DESPEJADO,RESIDENCIAL,TRAMO RECTO,PLANA ,ASFALTADA,,,,,EN PROCESO DE INVESTIGACIÓN,NO CUENTA CON CAUSA ESPECIFICA
A-2023-05-77,28/05/2023,20:25,ATROPELLO,1,0,,ANCASH,YUNGAY,YUNGAY,RURAL,CARRETERA,NACIONAL,PE-3N,-9.14052709790822,-77.7471902755061,,,,,,,,,,EN PROCESO DE INVESTIGACIÓN,NO CUENTA CON CAUSA ESPECIFICA
A-2023-05-26,28/05/2023,21:00,ATROPELLO,1,0,1,ICA,ICA,SALAS,RURAL,CARRETERA,NACIONAL,PE-1S,-13.9432475,-75.8094135,DESPEJADO,INDUSTRIAL,TRAMO RECTO,PLANA ,ASFALTADA,SI,PREVENTIVA (P),,NO,EN PROCESO DE INVESTIGACIÓN,NO CUENTA CON CAUSA ESPECIFICA
A-2023-05-80,29/05/2023,00:10,DESPISTE,1,0,,ANCASH,HUAYLAS,CARAZ,RURAL,CARRETERA,NACIONAL,PE-3N,-9.051116041190456,-77.80928457218126,,,,,,,,,,EN PROCESO DE INVESTIGACIÓN,NO CUENTA CON CAUSA ESPECIFICA
A-2023-05-50,29/05/2023,06:30,ATROPELLO FUGA,1,0,,PUNO,EL COLLAO,ILAVE,RURAL,CARRETERA,PROVINCIAL,PU-1153,-16.01863122997095,-69.57866910022311,DESPEJADO,RURAL,INTERSECCIÓN,PLANA ,ASFALTADA,,,,,IMPRUDENCIA DEL CONDUCTOR,EXCESO DE VELOCIDAD
A-2023-05-97,29/05/2023,07:00,VOLCADURA,2,0,,APURIMAC,ABANCAY,CURAHUASI,RURAL,CARRETERA,DEPARTAMENTAL,AP-112,-13.642096914092404,-72.58192244697926,,,,,,,,,,EN PROCESO DE INVESTIGACIÓN,NO CUENTA CON CAUSA ESPECIFICA
A-2023-05-48,29/05/2023,10:25,ATROPELLO,1,0,1,SAN MARTIN,RIOJA,ELIAS SOPLIN VARGAS,URBANA,AVENIDA,URBANO,NO CORRESPONDE,-5.988301,-77.278982,SOLEADO,COMERCIAL,TRAMO RECTO,PLANA ,ASFALTADA,,,,,IMPERICIA DEL CONDUCTOR,
A-2023-05-116,29/05/2023,16:00,ATROPELLO,1,0,,LIMA,LIMA,LURIGANCHO,URBANA,AVENIDA,URBANO,NO CORRESPONDE,-11.97624021,-76.89507074,DESPEJADO,RURAL,CURVA,INCLINADA,AFIRMADO,,,,,IMPRUDENCIA DEL CONDUCTOR,OTRO (IMPRUDENCIA DEL CONDUCTOR)
A-2023-05-115,29/05/2023,17:30,ATROPELLO,1,0,,LIMA,LIMA,PUEBLO LIBRE,URBANA,AVENIDA,URBANO,NO CORRESPONDE,-12.07878024,-77.05688044,DESPEJADO,COMERCIAL,TRAMO RECTO,PLANA ,ASFALTADA,SI,REGULADORA (R),,SI,IMPRUDENCIA DEL PEATÓN,OTRO (IMPRUDENCIA DEL PEATÓN)
A-2023-05-150,30/05/2023,00:50,CHOQUE CON OBJETO FIJO,1,0,,JUNIN,HUANCAYO,HUANCAN,URBANA,CARRETERA,NACIONAL,PE-3SC,-12.1025811,-75.1893799,DESPEJADO,RURAL,ÓVALO,PLANA ,ASFALTADA,NO,,,SI,IMPRUDENCIA DEL CONDUCTOR,CONDUCIR EN ESTADO DE EBRIEDAD Y/O DROGADICCIÓN
A-2023-05-91,30/05/2023,03:20,CHOQUE,1,0,2,PUNO,SAN ROMAN,CABANILLAS,RURAL,CARRETERA,NACIONAL,PE-34A,-15.6794794,-70.4226893,DESPEJADO,RURAL,CURVA,PLANA ,ASFALTADA,,,,,IMPRUDENCIA DEL CONDUCTOR,INVASIÓN DE CARRIL
A-2023-05-117,30/05/2023,07:30,CAÍDA DE PASAJERO,1,0,,LIMA,LIMA,PUENTE PIEDRA,URBANA,CALLE,URBANO,NO CORRESPONDE,-11.82623667,-77.11241649,DESPEJADO,RESIDENCIAL,TRAMO RECTO,INCLINADA,ASFALTADA,NO,,,SI,EN PROCESO DE INVESTIGACIÓN,NO CUENTA CON CAUSA ESPECIFICA
A-2023-05-41,30/05/2023,07:40,ATROPELLO,1,0,1,AREQUIPA,AREQUIPA,JOSE LUIS BUSTAMANTE Y RIVERO,URBANA,AVENIDA,URBANO,NO CORRESPONDE,-16.442806,-71.520833,DESPEJADO,RESIDENCIAL,TRAMO RECTO,INCLINADA,ASFALTADA,NO,,,SI,EN PROCESO DE INVESTIGACIÓN,NO CUENTA CON CAUSA ESPECIFICA
A-2023-05-89,30/05/2023,14:50,ATROPELLO,1,0,1,LA LIBERTAD,SANCHEZ CARRION,SARTIMBAMBA,RURAL,CARRETERA,SIN CLASIFICAR,SIN CLASIFICAR,-7.742005,-77.753891,DESPEJADO,RURAL,CURVA,PLANA ,TROCHA,,,,,EN PROCESO DE INVESTIGACIÓN,NO CUENTA CON CAUSA ESPECIFICA
A-2023-05-100,31/05/2023,15:05,DESPISTE,1,0,,APURIMAC,ABANCAY,CURAHUASI,RURAL,CARRETERA,DEPARTAMENTAL,AP-112,-13.637066241270587,-72.60274134900625,,,,,,,,,,EN PROCESO DE INVESTIGACIÓN,NO CUENTA CON CAUSA ESPECIFICA
A-2023-05-118,31/05/2023,19:00,ATROPELLO,1,0,,LIMA,LIMA,VILLA EL SALVADOR,URBANA,AVENIDA,URBANO,NO CORRESPONDE,-12.2240505737527,-76.91982411092617,DESPEJADO,ESCOLAR,INTERSECCIÓN,INCLINADA,ASFALTADA,,,,,IMPRUDENCIA DEL CONDUCTOR,OTRO (IMPRUDENCIA DEL CONDUCTOR)
A-2023-06-94,01/06/2023,01:30,DESPISTE,3,0,1,PUNO,AZANGARO,SAN ANTON,RURAL,CARRETERA,NACIONAL,PE-34B,-14.45016003079707,-70.26022634739518,DESPEJADO,RURAL,CURVA,PLANA ,ASFALTADA,,,,,IMPRUDENCIA DEL CONDUCTOR,EXCESO DE VELOCIDAD