CÓDIGO SINIESTRO,FECHA SINIESTRO,HORA SINIESTRO,CLASE SINIESTRO,CANTIDAD DE FALLECIDOS,CANTIDAD DE LESIONADOS,CANTIDAD DE VEHICULOS DAÑADOS,DEPARTAMENTO,PROVINCIA,DISTRITO,ZONA,TIPO DE VÍA,RED VIAL,COD CARRETERA,COORDENADAS LATITUD,COORDENADAS  LONGITUD,CONDICIÓN CLIMÁTICA,ZONIFICACIÓN,CARACTERÍSTICAS DE VÍA,PERFIL LONGITUDINAL VÍA,SUPERFICIE DE CALZADA,¿EXISTE SEÑAL VERTICAL?,CLASIFICACIÓN DE LA SEÑAL VERTICAL Nº 1,CLASIFICACIÓN DE LA SEÑAL VERTICAL Nº 2,¿EXISTE SEÑAL HORIZONTAL?,CAUSA FACTOR PRINCIPAL,CAUSA ESPECÍFICA
A-2023-06-174,01/06/2023,06:08,DESPISTE,1,1,1,CAJAMARCA,CONTUMAZA,YONAN,RURAL,CARRETERA,NACIONAL,PE-08,-7.179736,-79.013894,DESPEJADO,RURAL,TRAMO RECTO,PLANA ,ASFALTADA,SI,REGULADORA (R),,SI,IMPRUDENCIA DEL CONDUCTOR,CONDUCIR EN ESTADO DE EBRIEDAD Y/O DROGADICCIÓN
A-2023-06-98,01/06/2023,15:31,ATROPELLO,1,0,1,PIURA,PIURA,CASTILLA,URBANA,CALLE,URBANO,NO CORRESPONDE,-5.20617511377859,-80.57738947211203,DESPEJADO,COMERCIAL,INTERSECCIÓN,PLANA ,ASFALTADA,,,,,IMPRUDENCIA DEL CONDUCTOR,NO DAR PASO PREFERENTE AL PEATÓN
A-2023-06-1,01/06/2023,19:30,VOLCADURA,1,1,1,AREQUIPA,AREQUIPA,VITOR,RURAL,CARRETERA,NACIONAL,PE-1S,-16.483697,-71.891388,DESPEJADO,RURAL,CURVA,PLANA ,ASFALTADA,NO,,,SI,EN PROCESO DE INVESTIGACIÓN,NO CUENTA CON CAUSA ESPECIFICA
A-2023-06-4,01/06/2023,22:30,CHOQUE,4,2,2,PUNO,CHUCUITO,KELLUYO,RURAL,CARRETERA,DEPARTAMENTAL,PU-152,-16.679504874497102,-69.15686486527842,DESPEJADO,RURAL,TRAMO RECTO,PLANA ,ASFALTADA,,,,,IMPRUDENCIA DEL CONDUCTOR,EXCESO DE VELOCIDAD
A-2023-06-114,01/06/2023,23:00,DESPISTE,1,1,,LIMA,LIMA,SAN MIGUEL,URBANA,OTRO,URBANO,NO CORRESPONDE,-12.081534242873907,-77.10680099489718,DESPEJADO,COMERCIAL,TRAMO RECTO,INCLINADA,ASFALTADA,,,,,IMPRUDENCIA DEL CONDUCTOR,OTRO (IMPRUDENCIA DEL CONDUCTOR)
A-2023-06-115,01/06/2023,23:50,CHOQUE,1,1,,LIMA,LIMA,VILLA EL SALVADOR,URBANA,AVENIDA,URBANO,NO CORRESPONDE,-12.2397639,-76.91231399,DESPEJADO,COMERCIAL,ÓVALO,PLANA ,ASFALTADA,SI,REGULADORA (R),,NO,IMPRUDENCIA DEL CONDUCTOR,OTRO (IMPRUDENCIA DEL CONDUCTOR)
A-2023-06-87,02/06/2023,18:30,DESPISTE,1,0,1,PUNO,CARABAYA,AJOYANI,RURAL,CARRETERA,NACIONAL,PE-34B,-14.268941614299992,-70.24374956769704,DESPEJADO,RURAL,TRAMO RECTO,PLANA ,ASFALTADA,,,,,IMPRUDENCIA DEL CONDUCTOR,FATIGA Y/O CANSANCIO
A-2023-06-36,02/06/2023,20:30,ATROPELLO,1,0,1,LA LIBERTAD,TRUJILLO,VICTOR LARCO HERRERA,URBANA,CARRETERA,NACIONAL,PE-1N,-8.146174,-79.046022,DESPEJADO,COMERCIAL,TRAMO RECTO,PLANA ,ASFALTADA,,,,,IMPRUDENCIA DEL PEATÓN,CRUCE INDEBIDO POR LA CALZADA
A-2023-06-5,02/06/2023,23:45,DESPISTE,1,1,1,PUNO,PUNO,PLATERIA,RURAL,CARRETERA,NACIONAL,PE-3S,-15.943626427585274,-69.84356935453165,DESPEJADO,RURAL,TRAMO RECTO,PLANA ,ASFALTADA,,,,,IMPRUDENCIA DEL CONDUCTOR,FATIGA Y/O CANSANCIO
A-2023-06-106,03/06/2023,02:30,CAÍDA DE PASAJERO,1,0,0,LORETO,MAYNAS,IQUITOS,URBANA,CALLE,URBANO,NO CORRESPONDE,-3.7370311,-73.2594809,DESPEJADO,COMERCIAL,TRAMO RECTO,PLANA ,ASFALTADA,NO,,,SI,IMPRUDENCIA DEL CONDUCTOR,OTRO (IMPRUDENCIA DEL CONDUCTOR)
A-2023-06-3,03/06/2023,05:20,VOLCADURA,1,0,1,AREQUIPA,AREQUIPA,CERRO COLORADO,URBANA,CARRETERA,NACIONAL,PE-34A,-16.3761299,-71.5749322,DESPEJADO,COMERCIAL,TRAMO RECTO,INCLINADA,ASFALTADA,NO,,,SI,EN PROCESO DE INVESTIGACIÓN,NO CUENTA CON CAUSA ESPECIFICA
A-2023-06-175,03/06/2023,06:00,DESPISTE,1,0,1,CAJAMARCA,CHOTA,QUEROCOTO,URBANA,AVENIDA,URBANO,NO CORRESPONDE,-6.363512,-79.032288,DESPEJADO,COMERCIAL,INTERSECCIÓN,INCLINADA,ASFALTADA,NO,,,NO,NEGLIGENCIA DEL CONDUCTOR,OTRO (NEGLIGENCIA DEL CONDUCTOR)
A-2023-06-109,03/06/2023,07:30,CHOQUE,1,0,2,ICA,CHINCHA,CHINCHA BAJA,RURAL,CARRETERA,NACIONAL,PE-1S,-13.458801,-76.136465,DESPEJADO,RURAL,TRAMO RECTO,PLANA ,ASFALTADA,,,,,EN PROCESO DE INVESTIGACIÓN,NO CUENTA CON CAUSA ESPECIFICA
A-2023-06-83,03/06/2023,11:30,CHOQUE,1,0,2,PASCO,PASCO,YANACANCHA,RURAL,CARRETERA,NACIONAL,PE-3N,-10.694413327213853,-76.22084291435928,DESPEJADO,RURAL,CURVA,INCLINADA,ASFALTADA,SI,REGULADORA (R),,NO,IMPERICIA DEL CONDUCTOR,
A-2023-06-116,03/06/2023,18:45,ATROPELLO,1,0,,LIMA,LIMA,LIMA,RURAL,AVENIDA,URBANO,NO CORRESPONDE,-12.055194789607143,-77.030261418098,DESPEJADO,COMERCIAL,INTERSECCIÓN,PLANA ,ASFALTADA,,,,,EN PROCESO DE INVESTIGACIÓN,NO CUENTA CON CAUSA ESPECIFICA
A-2023-06-117,03/06/2023,19:20,ATROPELLO,1,0,,LIMA,LIMA,PUCUSANA,URBANA,AVENIDA,URBANO,NO CORRESPONDE,-12.49241469,-76.78754177,DESPEJADO,ESCOLAR,TRAMO RECTO,PLANA ,ASFALTADA,,,,,EN PROCESO DE INVESTIGACIÓN,NO CUENTA CON CAUSA ESPECIFICA
A-2023-06-176,03/06/2023,19:30,CHOQUE,1,0,2,CAJAMARCA,JAEN,JAEN,URBANA,CARRETERA,NACIONAL,PE-5N,-5.73233586372732,-78.7941690463139,DESPEJADO,INDUSTRIAL,INTERSECCIÓN,INCLINADA,ASFALTADA,,,,,IMPRUDENCIA DEL CONDUCTOR,OTRO (IMPRUDENCIA DEL CONDUCTOR)
A-2023-06-6,03/06/2023,21:35,CHOQUE FUGA,1,2,1,PUNO,EL COLLAO,ILAVE,RURAL,CARRETERA,NACIONAL,PE-38A,-16.120983,-69.641112,DESPEJADO,RURAL,TRAMO RECTO,PLANA ,ASFALTADA,,,,,IMPRUDENCIA DEL CONDUCTOR,INVASIÓN DE CARRIL
A-2023-06-10,04/06/2023,05:20,CHOQUE,4,1,2,AREQUIPA,AREQUIPA,VITOR,RURAL,CARRETERA,NACIONAL,PE-1S,-16.4421602,-71.9821118,DESPEJADO,RURAL,TRAMO RECTO,PLANA ,ASFALTADA,NO,,,SI,EN PROCESO DE INVESTIGACIÓN,NO CUENTA CON CAUSA ESPECIFICA
A-2023-06-37,04/06/2023,05:20,ATROPELLO,1,0,1,LA LIBERTAD,TRUJILLO,LAREDO,RURAL,CARRETERA,NACIONAL,PE-10A,-8.097259,-78.973816,DESPEJADO,RURAL,TRAMO RECTO,PLANA ,ASFALTADA,,,,,IMPRUDENCIA DEL CONDUCTOR,OTRO (IMPRUDENCIA DEL CONDUCTOR)
A-2023-06-41,04/06/2023,06:00,CHOQUE FUGA,1,0,1,LA LIBERTAD,PACASMAYO,SAN PEDRO DE LLOC,RURAL,CARRETERA,NACIONAL,PE-1N,-7.466729,-79.437885,DESPEJADO,RURAL,TRAMO RECTO,PLANA ,ASFALTADA,,,,,IMPRUDENCIA DEL CONDUCTOR,OTRO (IMPRUDENCIA DEL CONDUCTOR)
A-2023-06-183,04/06/2023,06:20,DESPISTE,1,0,1,CAJAMARCA,CUTERVO,SOCOTA,RURAL,CARRETERA,NACIONAL,PE-3ND,-6.328544,-78.709728,DESPEJADO,RURAL,CURVA,INCLINADA,ASFALTADA,NO,,,SI,IMPRUDENCIA DEL CONDUCTOR,CONDUCIR EN ESTADO DE EBRIEDAD Y/O DROGADICCIÓN
A-2023-06-118,04/06/2023,07:20,ATROPELLO FUGA,1,0,,LIMA,LIMA,VILLA EL SALVADOR,RURAL,CARRETERA,NACIONAL,PE-1S,-12.235937,-76.956483,DESPEJADO,RURAL,TRAMO RECTO,PLANA ,ASFALTADA,,,,,EN PROCESO DE INVESTIGACIÓN,NO CUENTA CON CAUSA ESPECIFICA
A-2023-06-119,04/06/2023,07:45,ATROPELLO FUGA,1,0,,LIMA,LIMA,SANTIAGO DE SURCO,URBANA,CARRETERA,NACIONAL,PE-1S,-12.136873,-76.980469,DESPEJADO,RESIDENCIAL,TRAMO RECTO,PLANA ,ASFALTADA,SI,PREVENTIVA (P),,NO,EN PROCESO DE INVESTIGACIÓN,NO CUENTA CON CAUSA ESPECIFICA
A-2023-06-11,04/06/2023,07:50,DESPISTE,1,1,1,PUNO,PUNO,PUNO,RURAL,CARRETERA,NACIONAL,PE-3S,-15.798502,-70.035459,DESPEJADO,RURAL,TRAMO RECTO,PLANA ,ASFALTADA,,,,,IMPRUDENCIA DEL CONDUCTOR,FATIGA Y/O CANSANCIO
A-2023-06-2,04/06/2023,08:15,CHOQUE,1,2,3,ICA,ICA,SANTIAGO,URBANA,CARRETERA,NACIONAL,PE-1S,-14.217789,-75.707994,DESPEJADO,RURAL,CURVA,PLANA ,ASFALTADA,,,,,EN PROCESO DE INVESTIGACIÓN,NO CUENTA CON CAUSA ESPECIFICA
A-2023-06-40,04/06/2023,13:00,DESPISTE,1,1,1,CUSCO,PAUCARTAMBO,KOSÑIPATA,RURAL,CARRETERA,DEPARTAMENTAL,CU-113,-12.92736834,-71.40133774,DESPEJADO,RURAL,TRAMO RECTO,PLANA ,ASFALTADA,,,,,IMPRUDENCIA DEL CONDUCTOR,EXCESO DE VELOCIDAD
A-2023-06-46,04/06/2023,13:30,DESPISTE,3,5,1,LA LIBERTAD,TRUJILLO,SALAVERRY,RURAL,CARRETERA,NACIONAL,PE-1N,-8.204235,-78.959428,DESPEJADO,RURAL,TRAMO RECTO,PLANA ,ASFALTADA,,,,,NEGLIGENCIA DEL CONDUCTOR,CONDUCIR CON FALLAS DE DIRECCIÓN
A-2023-06-177,04/06/2023,14:14,CHOQUE,2,0,2,CAJAMARCA,CAJABAMBA,CONDEBAMBA,URBANA,CARRETERA,NACIONAL,PE-3N,-7.491161,-78.129118,DESPEJADO,COMERCIAL,TRAMO RECTO,INCLINADA,ASFALTADA,SI,PREVENTIVA (P),,SI,IMPRUDENCIA DEL CONDUCTOR,INVASIÓN DE CARRIL
A-2023-06-47,04/06/2023,14:20,DESPISTE,1,0,1,LA LIBERTAD,PATAZ,HUANCASPATA,RURAL,CARRETERA,NACIONAL,PE-10C,-8.456675,-77.309041,DESPEJADO,RURAL,CURVA,PLANA ,TROCHA,,,,,IMPRUDENCIA DEL CONDUCTOR,FATIGA Y/O CANSANCIO
A-2023-06-184,04/06/2023,15:30,VOLCADURA,1,1,1,CAJAMARCA,JAEN,BELLAVISTA,RURAL,CARRETERA,PROVINCIAL,CA-745,-5.663365,-78.653974,DESPEJADO,RURAL,TRAMO RECTO,PLANA ,ASFALTADA,NO,,,SI,IMPERICIA DEL CONDUCTOR,
A-2023-06-7,04/06/2023,21:20,ATROPELLO,1,1,,ICA,ICA,SANTIAGO,RURAL,AVENIDA,URBANO,NO CORRESPONDE,-14.272908,-75.672082,DESPEJADO,RURAL,TRAMO RECTO,PLANA ,ASFALTADA,,,,,IMPRUDENCIA DEL CONDUCTOR,CONDUCIR EN ESTADO DE EBRIEDAD Y/O DROGADICCIÓN
A-2023-06-120,04/06/2023,22:30,CHOQUE,1,0,,LIMA,LIMA,ANCON,RURAL,CARRETERA,NACIONAL,PE-1N,-11.79253,-77.146759,DESPEJADO,RURAL,TRAMO RECTO,PLANA ,ASFALTADA,,,,,EN PROCESO DE INVESTIGACIÓN,NO CUENTA CON CAUSA ESPECIFICA
A-2023-06-9,05/06/2023,00:35,DESPISTE,1,2,2,ICA,PISCO,SAN ANDRES,URBANA,CARRETERA,NACIONAL,PE-1SE,-13.715879,-76.164719,DESPEJADO,COMERCIAL,TRAMO RECTO,PLANA ,ASFALTADA,,,,,IMPRUDENCIA DEL CONDUCTOR,EXCESO DE VELOCIDAD
A-2023-06-42,05/06/2023,06:30,DESPISTE,1,0,1,CUSCO,ESPINAR,ESPINAR,RURAL,CARRETERA,NACIONAL,PE-3SG,-14.840621,-71.303332,DESPEJADO,RURAL,CURVA,PLANA ,ASFALTADA,SI,PREVENTIVA (P),,SI,IMPRUDENCIA DEL CONDUCTOR,EXCESO DE VELOCIDAD
A-2023-06-8,05/06/2023,08:10,ATROPELLO,1,0,,ICA,ICA,LOS AQUIJES,URBANA,CARRETERA,PROVINCIAL,IC-655,-14.094408,-75.705145,DESPEJADO,RURAL,TRAMO RECTO,PLANA ,ASFALTADA,,,,,IMPRUDENCIA DEL CONDUCTOR,CONDUCIR EN ESTADO DE EBRIEDAD Y/O DROGADICCIÓN
A-2023-06-112,05/06/2023,16:40,DESPISTE,1,4,1,HUANCAVELICA,HUANCAVELICA,YAULI,RURAL,CARRETERA,NACIONAL,PE-26B,-12.900834791495589,-74.80867094364609,DESPEJADO,RURAL,CURVA,PLANA ,ASFALTADA,,,,,EN PROCESO DE INVESTIGACIÓN,NO CUENTA CON CAUSA ESPECIFICA
A-2023-06-56,06/06/2023,00:50,VOLCADURA,1,0,1,CUSCO,ESPINAR,ESPINAR,URBANA,CARRETERA,NACIONAL,PE-3SG,-14.789314,-71.421632,DESPEJADO,RESIDENCIAL,CURVA,PLANA ,ASFALTADA,,,,,IMPRUDENCIA DEL CONDUCTOR,EXCESO DE VELOCIDAD
A-2023-06-178,06/06/2023,07:50,CHOQUE,1,1,2,CAJAMARCA,HUALGAYOC,HUALGAYOC,RURAL,CARRETERA,NACIONAL,PE-3N,-6.742944,-78.584581,DESPEJADO,RURAL,CURVA,PLANA ,ASFALTADA,NO,,,SI,IMPRUDENCIA DEL CONDUCTOR,EXCESO DE VELOCIDAD
A-2023-06-121,06/06/2023,09:40,CAÍDA DE PASAJERO,1,0,,LIMA,LIMA,SAN JUAN DE LURIGANCHO,URBANA,AVENIDA,URBANO,NO CORRESPONDE,-11.97699222,-77.00305921,DESPEJADO,ESCOLAR,CURVA,PLANA ,ASFALTADA,,,,,IMPRUDENCIA DEL CONDUCTOR,EXCESO DE VELOCIDAD
A-2023-06-55,06/06/2023,12:23,FERROVIARIO,1,0,,CUSCO,QUISPICANCHI,URCOS,RURAL,CARRETERA,SIN CLASIFICAR,SIN CLASIFICAR,-13.662979,-71.639333,DESPEJADO,RURAL,CURVA,PLANA ,TROCHA,SI,PREVENTIVA (P),,NO,IMPRUDENCIA DEL PEATÓN,CRUCE INDEBIDO POR LA CALZADA
A-2023-06-122,06/06/2023,20:50,ATROPELLO,1,1,,LIMA,LIMA,SURQUILLO,URBANA,CALLE,URBANO,NO CORRESPONDE,-12.10971142,-77.01165375,DESPEJADO,ESCOLAR,TRAMO RECTO,PLANA ,ASFALTADA,,,,,IMPRUDENCIA DEL PEATÓN,OTRO (IMPRUDENCIA DEL PEATÓN)
A-2023-06-123,07/06/2023,03:40,CHOQUE,2,1,,LIMA,LIMA,SANTIAGO DE SURCO,URBANA,CARRETERA,NACIONAL,PE-1S,-12.118224698717238,-76.97713221891348,DESPEJADO,ESCOLAR,TRAMO RECTO,PLANA ,ASFALTADA,SI,PREVENTIVA (P),,NO,IMPRUDENCIA DEL CONDUCTOR,OTRO (IMPRUDENCIA DEL CONDUCTOR)
A-2023-06-124,07/06/2023,10:45,ATROPELLO,1,0,,LIMA,LIMA,CHORRILLOS,URBANA,AVENIDA,URBANO,NO CORRESPONDE,-12.18134573,-77.01232672,DESPEJADO,COMERCIAL,INTERSECCIÓN,PLANA ,ASFALTADA,NO,,,SI,NEGLIGENCIA DEL CONDUCTOR,OTRO (NEGLIGENCIA DEL CONDUCTOR)
A-2023-06-32,07/06/2023,15:30,DESPISTE,1,7,1,CUSCO,CALCA,LARES,RURAL,CARRETERA,PROVINCIAL,CU-709,-13.187817,-71.942477,DESPEJADO,RURAL,CURVA,INCLINADA,AFIRMADO,SI,PREVENTIVA (P),,SI,NEGLIGENCIA DEL CONDUCTOR,CONDUCIR CON FALLAS DE FRENOS
A-2023-06-93,07/06/2023,17:35,CHOQUE,1,0,1,PUNO,SANDIA,PATAMBUCO,RURAL,CARRETERA,DEPARTAMENTAL,PU-107,-14.392007991934378,-69.69811530927215,DESPEJADO,RURAL,CURVA,PLANA ,ASFALTADA,,,,,IMPRUDENCIA DEL CONDUCTOR,INVASIÓN DE CARRIL
A-2023-06-88,07/06/2023,20:30,CHOQUE,1,1,2,PUNO,SAN ROMAN,JULIACA,URBANA,CARRETERA,NACIONAL,PE-34A,-15.486437,-70.142996,DESPEJADO,COMERCIAL,INTERSECCIÓN,PLANA ,ASFALTADA,,,,,IMPRUDENCIA DEL CONDUCTOR,NO ESTABLECER EL DERECHO DE PASO
A-2023-06-125,08/06/2023,05:00,DESPISTE,1,0,,LIMA,LIMA,SAN MARTIN DE PORRES,URBANA,AVENIDA,URBANO,NO CORRESPONDE,-12.01662094,-77.07794638,DESPEJADO,COMERCIAL,TRAMO RECTO,PLANA ,ASFALTADA,,,,,EN PROCESO DE INVESTIGACIÓN,NO CUENTA CON CAUSA ESPECIFICA
A-2023-06-126,08/06/2023,08:30,ATROPELLO,1,0,,LIMA,LIMA,MIRAFLORES,URBANA,AVENIDA,URBANO,NO CORRESPONDE,-12.12991394,-77.02370858,DESPEJADO,RESIDENCIAL,TRAMO RECTO,PLANA ,ASFALTADA,,,,,IMPRUDENCIA DEL CONDUCTOR,OTRO (IMPRUDENCIA DEL CONDUCTOR)
A-2023-06-158,08/06/2023,10:10,ATROPELLO,1,0,,JUNIN,CONCEPCION,ORCOTUNA,RURAL,CARRETERA,PROVINCIAL,JU-851,-11.9909706584115,-75.3289445052482,SOLEADO,RURAL,OTRO,PLANA ,AFIRMADO,,,,,IMPRUDENCIA DEL PEATÓN,OTRO (IMPRUDENCIA DEL PEATÓN)
A-2023-06-169,08/06/2023,12:35,DESPISTE,1,1,,TACNA,JORGE BASADRE,ITE,RURAL,CARRETERA,SIN CLASIFICAR,SIN CLASIFICAR,-17.878886,-70.977804,DESPEJADO,RURAL,TRAMO RECTO,INCLINADA,TROCHA,,,,,IMPERICIA DEL CONDUCTOR,
A-2023-06-14,08/06/2023,13:30,CHOQUE,1,4,2,ANCASH,CARHUAZ,CARHUAZ,URBANA,CARRETERA,PROVINCIAL,AN-1103,-9.298273000383661,-77.6300837337406,NUBLADO,RURAL,TRAMO RECTO,PLANA ,ASFALTADA,SI,PREVENTIVA (P),REGULADORA (R),SI,EN PROCESO DE INVESTIGACIÓN,NO CUENTA CON CAUSA ESPECIFICA
A-2023-06-86,08/06/2023,18:30,ATROPELLO,1,0,,CALLAO,CALLAO,CALLAO,URBANA,CARRETERA,NACIONAL,PE-20,-12.0446162274835,-77.126587086002,DESPEJADO,COMERCIAL,TRAMO RECTO,PLANA ,ASFALTADA,SI,REGULADORA (R),,SI,IMPRUDENCIA DEL PEATÓN,OTRO (IMPRUDENCIA DEL PEATÓN)
A-2023-06-179,08/06/2023,20:00,CHOQUE CON OBJETO FIJO,1,0,1,CAJAMARCA,CHOTA,CHOTA,URBANA,CARRETERA,NACIONAL,PE-3N,-6.61159,-78.584688,DESPEJADO,INDUSTRIAL,TRAMO RECTO,INCLINADA,ASFALTADA,SI,PREVENTIVA (P),,SI,IMPRUDENCIA DEL CONDUCTOR,CONDUCIR EN ESTADO DE EBRIEDAD Y/O DROGADICCIÓN
A-2023-06-89,09/06/2023,09:30,ATROPELLO,1,0,1,PUNO,SAN ROMAN,JULIACA,URBANA,CARRETERA,NACIONAL,PE-3S,-15.471592,-70.137529,DESPEJADO,COMERCIAL,TRAMO RECTO,PLANA ,ASFALTADA,,,,,IMPRUDENCIA DEL PEATÓN,CRUCE INDEBIDO POR LA CALZADA
A-2023-06-171,09/06/2023,15:30,DESPISTE,2,2,1,AYACUCHO,HUAMANGA,CARMEN ALTO,RURAL,CARRETERA,PROVINCIAL,AY-838,-13.2030907,-74.2273071,DESPEJADO,RURAL,SINUOSA,PLANA ,ASFALTADA,SI,PREVENTIVA (P),,NO,NEGLIGENCIA DEL CONDUCTOR,CONDUCIR CON FALLAS DE FRENOS
A-2023-06-49,09/06/2023,15:30,DESPISTE,1,2,1,LA LIBERTAD,SANTIAGO DE CHUCO,QUIRUVILCA,RURAL,CARRETERA,NACIONAL,PE-3N,-8.0991802,-78.1759705,DESPEJADO,RURAL,CURVA,PLANA ,TROCHA,,,,,EN PROCESO DE INVESTIGACIÓN,NO CUENTA CON CAUSA ESPECIFICA
A-2023-06-127,09/06/2023,16:50,CHOQUE,2,0,,LIMA,LIMA,JESUS MARIA,URBANA,AVENIDA,URBANO,NO CORRESPONDE,-12.07422298,-77.05293713,DESPEJADO,COMERCIAL,INTERSECCIÓN,PLANA ,ASFALTADA,SI,PREVENTIVA (P),,SI,EN PROCESO DE INVESTIGACIÓN,NO CUENTA CON CAUSA ESPECIFICA
A-2023-06-159,09/06/2023,19:00,DESPISTE,3,0,,JUNIN,YAULI,MOROCOCHA,RURAL,CARRETERA,NACIONAL,PE-22,-11.599754861359546,-76.15355181382482,SOLEADO,RURAL,TRAMO RECTO,PLANA ,ASFALTADA,NO,,,SI,EN PROCESO DE INVESTIGACIÓN,NO CUENTA CON CAUSA ESPECIFICA
A-2023-06-44,10/06/2023,03:00,ATROPELLO FUGA,1,0,,CUSCO,CUSCO,SAYLLA,RURAL,CARRETERA,NACIONAL,PE-3S,-13.558364481137904,-71.85124396798871,DESPEJADO,RURAL,TRAMO RECTO,PLANA ,ASFALTADA,NO,,,SI,EN PROCESO DE INVESTIGACIÓN,NO CUENTA CON CAUSA ESPECIFICA
A-2023-06-128,10/06/2023,07:10,CHOQUE,1,1,,LIMA,LIMA,SAN BORJA,URBANA,AVENIDA,URBANO,NO CORRESPONDE,-12.08725484,-76.99614485,DESPEJADO,COMERCIAL,TRAMO RECTO,PLANA ,ASFALTADA,,,,,EN PROCESO DE INVESTIGACIÓN,NO CUENTA CON CAUSA ESPECIFICA
A-2023-06-45,10/06/2023,07:12,ATROPELLO,1,1,1,CUSCO,URUBAMBA,URUBAMBA,URBANA,CARRETERA,NACIONAL,PE-28B,-13.282029,-72.158012,DESPEJADO,RESIDENCIAL,TRAMO RECTO,PLANA ,ASFALTADA,,,,,IMPRUDENCIA DEL CONDUCTOR,CONDUCIR EN ESTADO DE EBRIEDAD Y/O DROGADICCIÓN
A-2023-06-20,10/06/2023,11:53,CHOQUE,5,0,,AREQUIPA,CAYLLOMA,SAN ANTONIO DE CHUCA,RURAL,CARRETERA,NACIONAL,PE-34A,-15.786562,-71.037052,DESPEJADO,RURAL,TRAMO RECTO,PLANA ,ASFALTADA,,,,,EN PROCESO DE INVESTIGACIÓN,NO CUENTA CON CAUSA ESPECIFICA
A-2023-06-170,10/06/2023,17:50,VOLCADURA,1,3,1,AYACUCHO,HUAMANGA,TAMBILLO,RURAL,CARRETERA,NACIONAL,PE-3SL,-13.1709764552515,-74.1685308709823,DESPEJADO,RURAL,TRAMO RECTO,PLANA ,AFIRMADO,SI,PREVENTIVA (P),,NO,INFRAESTRUCTURA Y ENTORNO VIAL,OBRAS TEMPORALES
A-2023-06-131,10/06/2023,20:40,ATROPELLO FUGA,1,0,,LIMA,LIMA,ATE,URBANA,CARRETERA,NACIONAL,PE-22,-12.009093,-76.864798,DESPEJADO,INDUSTRIAL,TRAMO RECTO,PLANA ,ASFALTADA,,,,,EN PROCESO DE INVESTIGACIÓN,NO CUENTA CON CAUSA ESPECIFICA
A-2023-06-90,10/06/2023,22:10,DESPISTE,1,0,1,PUNO,SAN ROMAN,JULIACA,URBANA,AVENIDA,URBANO,NO CORRESPONDE,-15.487217,-70.150391,DESPEJADO,RESIDENCIAL,TRAMO RECTO,PLANA ,ASFALTADA,,,,,IMPRUDENCIA DEL CONDUCTOR,FATIGA Y/O CANSANCIO
A-2023-06-180,10/06/2023,22:30,ATROPELLO FUGA,1,0,0,TACNA,TACNA,LA YARADA LOS PALOS,RURAL,CARRETERA,PROVINCIAL,TA-642,-18.219615,-70.391654,DESPEJADO,RURAL,TRAMO RECTO,PLANA ,ASFALTADA,,,,,EN PROCESO DE INVESTIGACIÓN,NO CUENTA CON CAUSA ESPECIFICA
A-2023-06-181,10/06/2023,22:30,CHOQUE,1,3,2,TACNA,JORGE BASADRE,LOCUMBA,RURAL,CARRETERA,NACIONAL,PE-1S,-17.692287,-70.85954,DESPEJADO,RURAL,CURVA,PLANA ,ASFALTADA,,,,,IMPRUDENCIA DEL CONDUCTOR,INVASIÓN DE CARRIL
A-2023-06-129,10/06/2023,23:30,ATROPELLO,1,0,,LIMA,LIMA,ANCON,RURAL,CARRETERA,NACIONAL,PE-1N,-11.806201,-77.134166,DESPEJADO,RURAL,TRAMO RECTO,PLANA ,ASFALTADA,,,,,IMPRUDENCIA DEL PEATÓN,OTRO (IMPRUDENCIA DEL PEATÓN)
A-2023-06-27,11/06/2023,00:00,DESPISTE,1,0,1,CUSCO,CANCHIS,SAN PEDRO,RURAL,CARRETERA,PROVINCIAL,CU-1680,-14.190378,-71.345222,DESPEJADO,RURAL,TRAMO RECTO,PLANA ,TROCHA,,,,,IMPRUDENCIA DEL CONDUCTOR,CONDUCIR EN ESTADO DE EBRIEDAD Y/O DROGADICCIÓN
A-2023-06-51,11/06/2023,01:10,DESPISTE,1,1,1,CUSCO,CALCA,LARES,RURAL,CARRETERA,DEPARTAMENTAL,CU-104,-13.020398,-71.911725,NIEBLA,RURAL,SINUOSA,INCLINADA,AFIRMADO,,,,,EN PROCESO DE INVESTIGACIÓN,NO CUENTA CON CAUSA ESPECIFICA
A-2023-06-130,11/06/2023,02:30,VOLCADURA,1,0,,LIMA,CAÑETE,CHILCA,RURAL,CARRETERA,NACIONAL,PE-1S,-12.426547,-76.753608,DESPEJADO,RURAL,TRAMO RECTO,INCLINADA,ASFALTADA,,,,,EN PROCESO DE INVESTIGACIÓN,NO CUENTA CON CAUSA ESPECIFICA
A-2023-06-185,11/06/2023,03:30,DESPISTE,1,0,1,CAJAMARCA,CAJAMARCA,LOS BAÑOS DEL INCA,URBANA,CARRETERA,NACIONAL,PE-08B,-7.164906,-78.47059,DESPEJADO,COMERCIAL,TRAMO RECTO,INCLINADA,ASFALTADA,NO,,,SI,IMPRUDENCIA DEL CONDUCTOR,CONDUCIR EN ESTADO DE EBRIEDAD Y/O DROGADICCIÓN
A-2023-06-12,11/06/2023,04:00,CHOQUE,1,1,2,PUNO,PUNO,ACORA,RURAL,CARRETERA,NACIONAL,PE-3S,-16.005143,-69.76017,DESPEJADO,RURAL,TRAMO RECTO,PLANA ,ASFALTADA,,,,,IMPRUDENCIA DEL CONDUCTOR,OTRO (IMPRUDENCIA DEL CONDUCTOR)