CÓDIGO SINIESTRO,FECHA SINIESTRO,HORA SINIESTRO,CLASE SINIESTRO,CANTIDAD DE FALLECIDOS,CANTIDAD DE LESIONADOS,CANTIDAD DE VEHICULOS DAÑADOS,DEPARTAMENTO,PROVINCIA,DISTRITO,ZONA,TIPO DE VÍA,RED VIAL,COD CARRETERA,COORDENADAS LATITUD,COORDENADAS  LONGITUD,CONDICIÓN CLIMÁTICA,ZONIFICACIÓN,CARACTERÍSTICAS DE VÍA,PERFIL LONGITUDINAL VÍA,SUPERFICIE DE CALZADA,¿EXISTE SEÑAL VERTICAL?,CLASIFICACIÓN DE LA SEÑAL VERTICAL Nº 1,CLASIFICACIÓN DE LA SEÑAL VERTICAL Nº 2,¿EXISTE SEÑAL HORIZONTAL?,CAUSA FACTOR PRINCIPAL,CAUSA ESPECÍFICA
A-2023-07-113,21/07/2023,20:30,CHOQUE,1,1,2,PUNO,LAMPA,LAMPA,RURAL,CARRETERA,DEPARTAMENTAL,PU-123,-15.462980728590635,-70.35911939377426,DESPEJADO,RURAL,CURVA,PLANA ,ASFALTADA,,,,,NEGLIGENCIA DEL CONDUCTOR,OTRO (NEGLIGENCIA DEL CONDUCTOR)
A-2023-07-33,21/07/2023,22:00,DESPISTE,1,1,,AREQUIPA,AREQUIPA,YURA,RURAL,CARRETERA,SIN CLASIFICAR,SIN CLASIFICAR,-16.330403,-71.6586,DESPEJADO,RURAL,TRAMO RECTO,INCLINADA,TROCHA,,,,,EN PROCESO DE INVESTIGACIÓN,NO CUENTA CON CAUSA ESPECIFICA
A-2023-07-66,22/07/2023,09:00,DESPISTE,2,0,1,LA LIBERTAD,SANCHEZ CARRION,HUAMACHUCO,RURAL,CARRETERA,NACIONAL,PE-3N,-7.854673,-78.10386143,DESPEJADO,RURAL,TRAMO RECTO,PLANA ,ASFALTADA,,,,,IMPRUDENCIA DEL CONDUCTOR,OTRO (IMPRUDENCIA DEL CONDUCTOR)
A-2023-07-47,22/07/2023,10:00,CHOQUE,2,1,2,AMAZONAS,CHACHAPOYAS,CHACHAPOYAS,RURAL,CARRETERA,NACIONAL,PE-08B,-6.2382314,-77.9202878,DESPEJADO,RURAL,CURVA,INCLINADA,ASFALTADA,NO,,,SI,EN PROCESO DE INVESTIGACIÓN,NO CUENTA CON CAUSA ESPECIFICA
A-2023-07-144,22/07/2023,19:30,ATROPELLO,1,0,,LIMA,LIMA,PUNTA NEGRA,URBANA,CARRETERA,NACIONAL,PE-1S,-12.368523,-76.787539,DESPEJADO,RURAL,TRAMO RECTO,PLANA ,ASFALTADA,,,,,IMPRUDENCIA DEL PEATÓN,OTRO (IMPRUDENCIA DEL PEATÓN)
A-2023-07-145,22/07/2023,20:30,ATROPELLO,1,0,,LIMA,LIMA,CARABAYLLO,URBANA,AVENIDA,URBANO,NO CORRESPONDE,-11.87928921,-77.01916338,DESPEJADO,COMERCIAL,SINUOSA,INCLINADA,ASFALTADA,SI,PREVENTIVA (P),,NO,EN PROCESO DE INVESTIGACIÓN,NO CUENTA CON CAUSA ESPECIFICA
A-2023-07-146,22/07/2023,21:10,CHOQUE,1,0,,LIMA,LIMA,LA MOLINA,URBANA,AVENIDA,URBANO,NO CORRESPONDE,-12.07604295,-76.96193408,DESPEJADO,ESCOLAR,CURVA,PLANA ,ASFALTADA,,,,,EN PROCESO DE INVESTIGACIÓN,NO CUENTA CON CAUSA ESPECIFICA
A-2023-07-159,22/07/2023,23:45,DESPISTE,1,2,1,HUANCAVELICA,TAYACAJA,ACOSTAMBO,RURAL,CARRETERA,NACIONAL,PE-3S,-12.377309439038198,-75.04829933967022,DESPEJADO,RURAL,SINUOSA,PLANA ,ASFALTADA,,,,,EN PROCESO DE INVESTIGACIÓN,NO CUENTA CON CAUSA ESPECIFICA
A-2023-07-73,23/07/2023,00:30,ATROPELLO FUGA,1,0,,CUSCO,QUISPICANCHI,URCOS,URBANA,CARRETERA,NACIONAL,PE-3S,-13.70468,-71.59616,DESPEJADO,RURAL,TRAMO RECTO,PLANA ,ASFALTADA,SI,PREVENTIVA (P),,SI,IMPRUDENCIA DEL CONDUCTOR,EXCESO DE VELOCIDAD
A-2023-07-147,23/07/2023,04:40,ATROPELLO,1,0,,LIMA,LIMA,INDEPENDENCIA,URBANA,CARRETERA,NACIONAL,PE-1N,-12.00245,-77.062072,DESPEJADO,COMERCIAL,TRAMO RECTO,INCLINADA,ASFALTADA,,,,,EN PROCESO DE INVESTIGACIÓN,NO CUENTA CON CAUSA ESPECIFICA
A-2023-07-43,23/07/2023,08:30,CHOQUE,2,0,2,ICA,NASCA,MARCONA,RURAL,CARRETERA,NACIONAL,PE-1S,-15.2065156,-74.9553179,SOLEADO,RURAL,TRAMO RECTO,PLANA ,ASFALTADA,,,,,IMPRUDENCIA DEL CONDUCTOR,INVASIÓN DE CARRIL
A-2023-07-68,23/07/2023,12:40,CHOQUE,1,3,2,LA LIBERTAD,ASCOPE,RAZURI,RURAL,CARRETERA,PROVINCIAL,LI-610,-7.7046563,-79.4309629,DESPEJADO,RURAL,TRAMO RECTO,PLANA ,ASFALTADA,,,,,IMPRUDENCIA DEL CONDUCTOR,GIRAR IMPRUDENTEMENTE
A-2023-07-91,23/07/2023,14:15,ATROPELLO,1,0,,PIURA,PIURA,CASTILLA,RURAL,VIA EXPRESA,URBANO,NO CORRESPONDE,-5.19892,-80.574207,DESPEJADO,RURAL,TRAMO RECTO,PLANA ,ASFALTADA,,,,,EN PROCESO DE INVESTIGACIÓN,NO CUENTA CON CAUSA ESPECIFICA
A-2023-07-59,23/07/2023,18:15,ATROPELLO,1,0,1,CUSCO,CUSCO,SAYLLA,RURAL,CARRETERA,NACIONAL,PE-3S,-13.563295,-71.841146,DESPEJADO,RURAL,TRAMO RECTO,PLANA ,ASFALTADA,NO,,,SI,IMPRUDENCIA DEL PEATÓN,ESTADO DE EBRIEDAD Y/O DROGADICCIÓN
A-2023-07-35,23/07/2023,18:30,ATROPELLO,1,0,,AREQUIPA,AREQUIPA,LA JOYA,URBANA,CARRETERA,NACIONAL,PE-1S,-16.678188,-71.871045,DESPEJADO,RESIDENCIAL,INTERSECCIÓN,PLANA ,ASFALTADA,SI,PREVENTIVA (P),,SI,EN PROCESO DE INVESTIGACIÓN,NO CUENTA CON CAUSA ESPECIFICA
A-2023-07-72,24/07/2023,01:00,ATROPELLO,1,1,1,AREQUIPA,AREQUIPA,PAUCARPATA,URBANA,AVENIDA,URBANO,NO CORRESPONDE,-16.411762,-71.508229,DESPEJADO,RURAL,INTERSECCIÓN,INCLINADA,ASFALTADA,,,,,EN PROCESO DE INVESTIGACIÓN,NO CUENTA CON CAUSA ESPECIFICA
A-2023-07-186,24/07/2023,05:00,DESPISTE,1,1,,CAJAMARCA,CAJABAMBA,SITACOCHA,RURAL,CARRETERA,SIN CLASIFICAR,SIN CLASIFICAR,-7.5031780083755,-77.9755700012617,DESPEJADO,RURAL,TRAMO RECTO,PLANA ,AFIRMADO,,,,,EN PROCESO DE INVESTIGACIÓN,NO CUENTA CON CAUSA ESPECIFICA
A-2023-07-44,24/07/2023,05:00,CHOQUE,1,0,2,ICA,ICA,ICA,URBANA,CARRETERA,NACIONAL,PE-1S,-14.0767502,-75.7385829,DESPEJADO,RESIDENCIAL,INTERSECCIÓN,PLANA ,ASFALTADA,,,,,EN PROCESO DE INVESTIGACIÓN,NO CUENTA CON CAUSA ESPECIFICA
A-2023-07-34,24/07/2023,06:49,CHOQUE,1,3,2,LIMA,HUAURA,VEGUETA,URBANA,CARRETERA,DEPARTAMENTAL,LM-101,-11.040971298252506,-77.60358627014989,DESPEJADO,RESIDENCIAL,TRAMO RECTO,PLANA ,ASFALTADA,,,,,IMPRUDENCIA DEL CONDUCTOR,CONDUCIR EN ESTADO DE EBRIEDAD Y/O DROGADICCIÓN
A-2023-07-67,24/07/2023,06:50,CHOQUE,1,1,2,LA LIBERTAD,CHEPEN,PACANGA,RURAL,CARRETERA,NACIONAL,PE-1N,-7.11847936148862,-79.48854409391606,DESPEJADO,RURAL,TRAMO RECTO,PLANA ,ASFALTADA,,,,,IMPRUDENCIA DEL CONDUCTOR,ADELANTAR INDEBIDAMENTE
A-2023-07-77,25/07/2023,10:40,ATROPELLO,1,0,1,LA LIBERTAD,TRUJILLO,TRUJILLO,URBANA,CARRETERA,PROVINCIAL,LI-1089,-8.139559239495846,-79.01716743250849,DESPEJADO,RURAL,TRAMO RECTO,PLANA ,ASFALTADA,,,,,IMPRUDENCIA DEL PEATÓN,OTRO (IMPRUDENCIA DEL PEATÓN)
A-2023-07-148,25/07/2023,14:00,DESPISTE,1,0,,LIMA,LIMA,EL AGUSTINO,URBANA,CARRETERA,NACIONAL,PE-1N,-12.03025778,-76.9939365,DESPEJADO,COMERCIAL,CURVA,PLANA ,ASFALTADA,SI,REGULADORA (R),,NO,EN PROCESO DE INVESTIGACIÓN,NO CUENTA CON CAUSA ESPECIFICA
A-2023-07-149,25/07/2023,14:30,ATROPELLO,1,0,,LIMA,LIMA,CHORRILLOS,URBANA,AVENIDA,URBANO,NO CORRESPONDE,-12.19279072,-77.01958017,DESPEJADO,COMERCIAL,TRAMO RECTO,INCLINADA,ASFALTADA,NO,,,SI,EN PROCESO DE INVESTIGACIÓN,NO CUENTA CON CAUSA ESPECIFICA
A-2023-07-38,25/07/2023,19:50,DESPISTE,1,1,2,LIMA,HUAURA,SAYAN,RURAL,CARRETERA,PROVINCIAL,LM-659,-11.219214105863564,-77.40793055605175,DESPEJADO,RURAL,TRAMO RECTO,PLANA ,ASFALTADA,,,,,EN PROCESO DE INVESTIGACIÓN,NO CUENTA CON CAUSA ESPECIFICA
A-2023-07-62,26/07/2023,00:10,CHOQUE FUGA,1,0,1,CUSCO,ESPINAR,PICHIGUA,RURAL,CARRETERA,NACIONAL,PE-34F,-14.69015601,-71.2827434,DESPEJADO,RURAL,TRAMO RECTO,PLANA ,ASFALTADA,NO,,,SI,EN PROCESO DE INVESTIGACIÓN,NO CUENTA CON CAUSA ESPECIFICA
A-2023-07-39,26/07/2023,03:20,ATROPELLO FUGA,1,0,,PUNO,CHUCUITO,JULI,RURAL,CARRETERA,DEPARTAMENTAL,PU-129,-16.230081,-69.486051,DESPEJADO,RURAL,TRAMO RECTO,PLANA ,ASFALTADA,,,,,EN PROCESO DE INVESTIGACIÓN,NO CUENTA CON CAUSA ESPECIFICA
A-2023-07-78,26/07/2023,06:30,ATROPELLO,1,0,1,LA LIBERTAD,CHEPEN,CHEPEN,RURAL,CARRETERA,NACIONAL,PE-08,-7.30472731,-79.3348948,DESPEJADO,RURAL,TRAMO RECTO,PLANA ,ASFALTADA,,,,,EN PROCESO DE INVESTIGACIÓN,NO CUENTA CON CAUSA ESPECIFICA
A-2023-07-92,26/07/2023,07:00,CHOQUE,1,0,,PIURA,MORROPON,LA MATANZA,RURAL,CARRETERA,PROVINCIAL,PI-970,-5.22061,-80.10604,DESPEJADO,RESIDENCIAL,TRAMO RECTO,PLANA ,ASFALTADA,,,,,EN PROCESO DE INVESTIGACIÓN,NO CUENTA CON CAUSA ESPECIFICA
A-2023-07-150,26/07/2023,07:40,CHOQUE,1,0,,LIMA,LIMA,CARABAYLLO,URBANA,AVENIDA,URBANO,NO CORRESPONDE,-11.88595174,-77.03517614,DESPEJADO,COMERCIAL,TRAMO RECTO,INCLINADA,ASFALTADA,,,,,EN PROCESO DE INVESTIGACIÓN,NO CUENTA CON CAUSA ESPECIFICA
A-2023-07-49,26/07/2023,08:30,CHOQUE,1,0,2,ANCASH,RECUAY,TICAPAMPA,RURAL,CARRETERA,DEPARTAMENTAL,AN-110,-9.688896,-77.252331,DESPEJADO,RURAL,TRAMO RECTO,PLANA ,ASFALTADA,SI,PREVENTIVA (P),,SI,EN PROCESO DE INVESTIGACIÓN,NO CUENTA CON CAUSA ESPECIFICA
A-2023-07-53,26/07/2023,11:35,ATROPELLO,1,0,1,CUSCO,ESPINAR,OCORURO,RURAL,CARRETERA,NACIONAL,PE-34J,-15.004788,-71.163553,DESPEJADO,RURAL,TRAMO RECTO,PLANA ,ASFALTADA,SI,REGULADORA (R),,NO,EN PROCESO DE INVESTIGACIÓN,NO CUENTA CON CAUSA ESPECIFICA
A-2023-07-40,26/07/2023,17:45,CHOQUE,1,0,2,PUNO,PUNO,ACORA,RURAL,CARRETERA,NACIONAL,PE-3S,-16.047864,-69.708915,DESPEJADO,RURAL,TRAMO RECTO,PLANA ,TROCHA,,,,,IMPRUDENCIA DEL CONDUCTOR,OTRO (IMPRUDENCIA DEL CONDUCTOR)
A-2023-07-94,26/07/2023,18:30,VOLCADURA,1,0,1,SAN MARTIN,MOYOBAMBA,CALZADA,RURAL,CARRETERA,NACIONAL,PE-5N,-6.041742,-77.141574,DESPEJADO,RURAL,TRAMO RECTO,PLANA ,ASFALTADA,SI,REGULADORA (R),REGULADORA (R),NO,IMPRUDENCIA DEL CONDUCTOR,OTRO (IMPRUDENCIA DEL CONDUCTOR)
A-2023-07-169,26/07/2023,19:40,DESPISTE,2,1,1,AYACUCHO,HUANTA,UCHURACCAY,RURAL,CARRETERA,NACIONAL,PE-28B,-12.763619478703255,-74.00480741814614,NIEBLA,RURAL,CURVA,INCLINADA,ASFALTADA,SI,PREVENTIVA (P),,NO,INFRAESTRUCTURA Y ENTORNO VIAL,FACTOR AMBIENTAL
A-2023-07-90,26/07/2023,22:00,CHOQUE,1,0,1,CALLAO,CALLAO,CALLAO,URBANA,AVENIDA,URBANO,NO CORRESPONDE,-12.0487186,-77.10384117,DESPEJADO,INDUSTRIAL,TRAMO RECTO,PLANA ,ASFALTADA,,,,,EN PROCESO DE INVESTIGACIÓN,NO CUENTA CON CAUSA ESPECIFICA
A-2023-07-58,27/07/2023,07:20,DESPISTE,1,0,1,CUSCO,LA CONVENCION,MARANURA,RURAL,CARRETERA,PROVINCIAL,CU-855,-12.923910056865354,-72.65302522321855,DESPEJADO,RURAL,TRAMO RECTO,INCLINADA,AFIRMADO,,,,,NEGLIGENCIA DEL CONDUCTOR,CONDUCIR CON FALLAS DE FRENOS
A-2023-07-152,27/07/2023,11:10,DESPISTE,1,0,,LIMA,LIMA,SAN JUAN DE MIRAFLORES,URBANA,CARRETERA,NACIONAL,PE-1S,-12.19210476,-76.97262969,DESPEJADO,COMERCIAL,CURVA,INCLINADA,ASFALTADA,,,,,EN PROCESO DE INVESTIGACIÓN,NO CUENTA CON CAUSA ESPECIFICA
A-2023-07-151,27/07/2023,11:30,ATROPELLO FUGA,1,0,,LIMA,LIMA,CARABAYLLO,URBANA,CALLE,URBANO,NO CORRESPONDE,-11.88194414,-77.05194375,DESPEJADO,RESIDENCIAL,TRAMO RECTO,PLANA ,ASFALTADA,,,,,EN PROCESO DE INVESTIGACIÓN,NO CUENTA CON CAUSA ESPECIFICA
A-2023-07-76,27/07/2023,16:55,DESPISTE,1,1,1,AREQUIPA,CAYLLOMA,SAN ANTONIO DE CHUCA,RURAL,CARRETERA,NACIONAL,PE-34A,-15.761795,-70.989748,DESPEJADO,RURAL,CURVA,INCLINADA,ASFALTADA,,,,,EN PROCESO DE INVESTIGACIÓN,NO CUENTA CON CAUSA ESPECIFICA
A-2023-07-155,28/07/2023,03:30,DESPISTE,1,0,,PIURA,PIURA,PIURA,URBANA,AVENIDA,URBANO,NO CORRESPONDE,-5.164166,-80.647215,DESPEJADO,RURAL,TRAMO RECTO,PLANA ,ASFALTADA,,,,,EN PROCESO DE INVESTIGACIÓN,NO CUENTA CON CAUSA ESPECIFICA
A-2023-07-179,28/07/2023,03:30,ATROPELLO FUGA,1,0,0,TACNA,TACNA,TACNA,RURAL,CARRETERA,PROVINCIAL,TA-645,-18.305434,-70.320481,DESPEJADO,RURAL,TRAMO RECTO,PLANA ,ASFALTADA,,,,,EN PROCESO DE INVESTIGACIÓN,NO CUENTA CON CAUSA ESPECIFICA
A-2023-07-48,28/07/2023,07:50,DESPISTE,1,5,1,LIMA,HUAURA,HUACHO,RURAL,CARRETERA,NACIONAL,PE-1N,-11.3995,-77.39173,DESPEJADO,RURAL,TRAMO RECTO,INCLINADA,ASFALTADA,,,,,EN PROCESO DE INVESTIGACIÓN,NO CUENTA CON CAUSA ESPECIFICA
A-2023-07-80,28/07/2023,11:30,CHOQUE,1,0,1,LA LIBERTAD,SANCHEZ CARRION,HUAMACHUCO,RURAL,CARRETERA,NACIONAL,PE-3N,-7.811103864819987,-78.05283795922684,DESPEJADO,RURAL,TRAMO RECTO,PLANA ,ASFALTADA,,,,,IMPRUDENCIA DEL CONDUCTOR,OTRO (IMPRUDENCIA DEL CONDUCTOR)
A-2023-07-64,28/07/2023,12:15,ATROPELLO,1,1,1,PUNO,PUNO,PUNO,URBANA,AVENIDA,URBANO,NO CORRESPONDE,-15.8360125,-70.0231588,DESPEJADO,COMERCIAL,INTERSECCIÓN,PLANA ,ASFALTADA,,,,,IMPRUDENCIA DEL CONDUCTOR,EXCESO DE VELOCIDAD
A-2023-07-79,28/07/2023,20:15,DESPISTE,1,0,1,LA LIBERTAD,ASCOPE,SANTIAGO DE CAO,RURAL,CARRETERA,PROVINCIAL,LI-667,-7.962023,-79.217277,DESPEJADO,RURAL,INTERSECCIÓN,PLANA ,ASFALTADA,,,,,EN PROCESO DE INVESTIGACIÓN,NO CUENTA CON CAUSA ESPECIFICA
A-2023-07-160,28/07/2023,20:20,CHOQUE CON OBJETO FIJO,1,3,,HUANCAVELICA,TAYACAJA,ACOSTAMBO,RURAL,CARRETERA,NACIONAL,PE-3S,-12.378300729362943,-75.0485996535858,DESPEJADO,RURAL,CURVA,PLANA ,ASFALTADA,,,,,EN PROCESO DE INVESTIGACIÓN,NO CUENTA CON CAUSA ESPECIFICA
A-2023-07-187,28/07/2023,21:44,DESPISTE,1,1,1,CAJAMARCA,CONTUMAZA,YONAN,RURAL,CARRETERA,NACIONAL,PE-08,-7.25253949865547,-79.1246402773862,SOLEADO,RURAL,CURVA,PLANA ,ASFALTADA,NO,,,SI,IMPRUDENCIA DEL CONDUCTOR,EXCESO DE VELOCIDAD
A-2023-07-153,29/07/2023,06:00,ATROPELLO FUGA,1,0,,LIMA,LIMA,VILLA EL SALVADOR,URBANA,AVENIDA,URBANO,NO CORRESPONDE,-12.1963004,-76.95351318,DESPEJADO,ESCOLAR,TRAMO RECTO,INCLINADA,ASFALTADA,SI,INFORMATIVA (I),,NO,EN PROCESO DE INVESTIGACIÓN,NO CUENTA CON CAUSA ESPECIFICA
A-2023-07-63,29/07/2023,07:30,DESPISTE,2,1,1,ANCASH,HUARAZ,OLLEROS,RURAL,CARRETERA,NACIONAL,PE-3N,-9.6462648,-77.4872321,DESPEJADO,RURAL,CURVA,INCLINADA,ASFALTADA,NO,,,SI,EN PROCESO DE INVESTIGACIÓN,NO CUENTA CON CAUSA ESPECIFICA
A-2023-07-70,29/07/2023,08:40,ATROPELLO,1,0,,PUNO,PUNO,ACORA,RURAL,CARRETERA,NACIONAL,PE-3S,-16.012649,-69.751072,DESPEJADO,RURAL,TRAMO RECTO,PLANA ,ASFALTADA,,,,,IMPRUDENCIA DEL PEATÓN,CRUCE INDEBIDO POR LA CALZADA
A-2023-07-81,29/07/2023,10:30,DESPISTE,1,0,1,LA LIBERTAD,OTUZCO,SINSICAP,RURAL,CARRETERA,DEPARTAMENTAL,LI-110,-7.830512494782083,-78.71859986116617,DESPEJADO,RURAL,TRAMO RECTO,PLANA ,ASFALTADA,,,,,EN PROCESO DE INVESTIGACIÓN,NO CUENTA CON CAUSA ESPECIFICA
A-2023-07-82,29/07/2023,11:30,ATROPELLO,1,0,1,LA LIBERTAD,TRUJILLO,TRUJILLO,RURAL,AVENIDA,URBANO,NO CORRESPONDE,-8.0925758,-79.0180225,DESPEJADO,RURAL,INTERSECCIÓN,PLANA ,ASFALTADA,,,,,IMPRUDENCIA DEL CONDUCTOR,OTRO (IMPRUDENCIA DEL CONDUCTOR)
A-2023-07-171,29/07/2023,15:40,DESPISTE,1,5,1,AYACUCHO,CANGALLO,CANGALLO,RURAL,CARRETERA,PROVINCIAL,AY-990,-13.6058593,-74.1387439,DESPEJADO,RURAL,CURVA,INCLINADA,TROCHA,,,,,IMPRUDENCIA DEL CONDUCTOR,OTRO (IMPRUDENCIA DEL CONDUCTOR)
A-2023-07-174,29/07/2023,16:00,VOLCADURA,1,0,1,AYACUCHO,LA MAR,TAMBO,URBANA,CARRETERA,NACIONAL,PE-28B,-12.94969510295809,-74.01757465344146,DESPEJADO,RURAL,CURVA,INCLINADA,ASFALTADA,SI,PREVENTIVA (P),,NO,NEGLIGENCIA DEL CONDUCTOR,CONDUCIR CON FALLAS DE FRENOS
A-2023-07-93,29/07/2023,17:50,CHOQUE,1,2,,PIURA,PIURA,VEINTISEIS DE OCTUBRE,URBANA,OTRO,URBANO,NO CORRESPONDE,-5.183162,-80.681037,DESPEJADO,RURAL,INTERSECCIÓN,PLANA ,ASFALTADA,,,,,IMPRUDENCIA DEL CONDUCTOR,EXCESO DE VELOCIDAD
A-2023-07-86,29/07/2023,21:00,DESPISTE,1,2,1,LA LIBERTAD,OTUZCO,SALPO,RURAL,CARRETERA,NACIONAL,PE-10A,-7.991491530019913,-78.66085942613947,DESPEJADO,RURAL,TRAMO RECTO,PLANA ,ASFALTADA,,,,,IMPRUDENCIA DEL CONDUCTOR,OTRO (IMPRUDENCIA DEL CONDUCTOR)
A-2023-07-154,29/07/2023,22:30,CHOQUE,2,0,,LIMA,LIMA,SANTIAGO DE SURCO,URBANA,CARRETERA,NACIONAL,PE-1S,-12.091023,-76.980921,DESPEJADO,COMERCIAL,TRAMO RECTO,PLANA ,ASFALTADA,,,,,EN PROCESO DE INVESTIGACIÓN,NO CUENTA CON CAUSA ESPECIFICA
A-2023-07-111,30/07/2023,02:30,DESPISTE,13,17,,PIURA,HUANCABAMBA,HUARMACA,RURAL,CARRETERA,NACIONAL,PE-04B,-5.88354,-79.5367939,DESPEJADO,RURAL,CURVA,INCLINADA,ASFALTADA,SI,PREVENTIVA (P),,NO,IMPRUDENCIA DEL CONDUCTOR,EXCESO DE VELOCIDAD
A-2023-07-156,30/07/2023,03:40,ATROPELLO,1,0,,PIURA,SECHURA,SECHURA,RURAL,CARRETERA,NACIONAL,PE-1NK,-5.67723630900685,-80.8491431991328,DESPEJADO,RURAL,TRAMO RECTO,PLANA ,ASFALTADA,,,,,EN PROCESO DE INVESTIGACIÓN,NO CUENTA CON CAUSA ESPECIFICA
A-2023-07-188,30/07/2023,03:50,VOLCADURA,2,0,1,CAJAMARCA,HUALGAYOC,HUALGAYOC,RURAL,CARRETERA,NACIONAL,PE-3N,-6.726774,-78.577094,DESPEJADO,RURAL,TRAMO RECTO,PLANA ,ASFALTADA,NO,,,SI,EN PROCESO DE INVESTIGACIÓN,NO CUENTA CON CAUSA ESPECIFICA
A-2023-07-168,30/07/2023,04:00,DESPISTE,5,5,1,AYACUCHO,VILCAS HUAMAN,ACCOMARCA,RURAL,CARRETERA,PROVINCIAL,AY-1035,-13.793413,-73.84895,DESPEJADO,RURAL,CURVA,PLANA ,AFIRMADO,,,,,IMPRUDENCIA DEL CONDUCTOR,OTRO (IMPRUDENCIA DEL CONDUCTOR)
A-2023-07-110,30/07/2023,04:30,CHOQUE,1,1,2,LORETO,MAYNAS,SAN JUAN BAUTISTA,RURAL,CARRETERA,DEPARTAMENTAL,LO-103,-3.831202,-73.3282947,DESPEJADO,COMERCIAL,CURVA,INCLINADA,ASFALTADA,NO,,,SI,EN PROCESO DE INVESTIGACIÓN,NO CUENTA CON CAUSA ESPECIFICA
A-2023-07-84,30/07/2023,06:30,DESPISTE,1,4,1,LA LIBERTAD,VIRU,VIRU,RURAL,CARRETERA,PROVINCIAL,LI-1122,-8.418799,-78.830143,DESPEJADO,RURAL,TRAMO RECTO,PLANA ,ASFALTADA,,,,,IMPRUDENCIA DEL CONDUCTOR,CONDUCIR EN ESTADO DE EBRIEDAD Y/O DROGADICCIÓN
A-2023-07-118,30/07/2023,15:00,CHOQUE,1,0,1,PUNO,AZANGARO,ASILLO,RURAL,CARRETERA,NACIONAL,PE-34B,-14.7224841,-70.3612001,DESPEJADO,RURAL,TRAMO RECTO,PLANA ,ASFALTADA,,,,,IMPRUDENCIA DEL CONDUCTOR,EXCESO DE VELOCIDAD
A-2023-07-89,30/07/2023,18:45,CHOQUE,1,0,,APURIMAC,ANDAHUAYLAS,SANTA MARIA DE CHICMO,RURAL,CARRETERA,NACIONAL,PE-3S,-13.652913,-73.527599,,,,,,,,,,EN PROCESO DE INVESTIGACIÓN,NO CUENTA CON CAUSA ESPECIFICA
A-2023-07-161,30/07/2023,19:23,DESPISTE,1,0,1,HUANCAVELICA,TAYACAJA,PAMPAS,RURAL,CARRETERA,NACIONAL,PE-3S,-12.480327,-74.823946,DESPEJADO,RURAL,CURVA,PLANA ,ASFALTADA,,,,,EN PROCESO DE INVESTIGACIÓN,NO CUENTA CON CAUSA ESPECIFICA
A-2023-07-166,31/07/2023,06:00,ATROPELLO FUGA,1,0,,JUNIN,JAUJA,SAUSA,URBANA,CARRETERA,NACIONAL,PE-3S,-11.789064,-75.477722,DESPEJADO,RURAL,TRAMO RECTO,PLANA ,ASFALTADA,,,,,EN PROCESO DE INVESTIGACIÓN,NO CUENTA CON CAUSA ESPECIFICA
A-2023-07-95,31/07/2023,08:40,ATROPELLO,1,0,,SAN MARTIN,RIOJA,PARDO MIGUEL,URBANA,CARRETERA,NACIONAL,PE-5N,-5.688564,-77.632204,DESPEJADO,COMERCIAL,TRAMO RECTO,PLANA ,CASCAJO/RIPIO,,,,,IMPRUDENCIA DEL PEATÓN,OTRO (IMPRUDENCIA DEL PEATÓN)
A-2023-07-189,31/07/2023,12:15,CAÍDA DE PASAJERO,1,1,2,CAJAMARCA,HUALGAYOC,HUALGAYOC,RURAL,CARRETERA,NACIONAL,PE-3N,-6.739208,-78.576824,DESPEJADO,RURAL,CURVA,INCLINADA,ASFALTADA,NO,,,SI,IMPRUDENCIA DEL CONDUCTOR,OTRO (IMPRUDENCIA DEL CONDUCTOR)
A-2023-07-115,31/07/2023,13:00,DESPISTE,1,6,1,CUSCO,LA CONVENCION,HUAYOPATA,RURAL,CARRETERA,NACIONAL,PE-28B,-13.132637,-72.313473,DESPEJADO,RURAL,CURVA,INCLINADA,ASFALTADA,,,,,IMPRUDENCIA DEL CONDUCTOR,FATIGA Y/O CANSANCIO
A-2023-07-172,31/07/2023,13:00,DESPISTE,1,4,1,AYACUCHO,HUANTA,UCHURACCAY,URBANA,CARRETERA,NACIONAL,PE-28B,-12.763635174289847,-74.00484499669408,DESPEJADO,RESIDENCIAL,TRAMO RECTO,INCLINADA,ASFALTADA,SI,PREVENTIVA (P),,NO,NEGLIGENCIA DEL CONDUCTOR,CONDUCIR CON FALLAS DE FRENOS
A-2023-07-165,31/07/2023,15:10,DESPISTE,2,6,,JUNIN,JAUJA,PARCO,RURAL,CARRETERA,NACIONAL,PE-3S,-11.78372,-75.57095,DESPEJADO,RURAL,CURVA,PLANA ,ASFALTADA,SI,PREVENTIVA (P),,SI,IMPRUDENCIA DEL CONDUCTOR,FATIGA Y/O CANSANCIO
A-2023-07-87,31/07/2023,17:50,CHOQUE,1,0,2,LA LIBERTAD,TRUJILLO,HUANCHACO,RURAL,AVENIDA,URBANO,NO CORRESPONDE,-8.092430131098,-79.088960963843,DESPEJADO,RURAL,TRAMO RECTO,PLANA ,ASFALTADA,,,,,IMPRUDENCIA DEL CONDUCTOR,OTRO (IMPRUDENCIA DEL CONDUCTOR)
A-2023-08-68,01/08/2023,05:30,ATROPELLO FUGA,1,0,,PUNO,AZANGARO,POTONI,RURAL,CARRETERA,DEPARTAMENTAL,PU-139,-14.453074246843151,-70.09179431992087,DESPEJADO,RURAL,TRAMO RECTO,PLANA ,ASFALTADA,,,,,IMPRUDENCIA DEL CONDUCTOR,OTRO (IMPRUDENCIA DEL CONDUCTOR)