CÓDIGO SINIESTRO,FECHA SINIESTRO,HORA SINIESTRO,CLASE SINIESTRO,CANTIDAD DE FALLECIDOS,CANTIDAD DE LESIONADOS,CANTIDAD DE VEHICULOS DAÑADOS,DEPARTAMENTO,PROVINCIA,DISTRITO,ZONA,TIPO DE VÍA,RED VIAL,COD CARRETERA,COORDENADAS LATITUD,COORDENADAS  LONGITUD,CONDICIÓN CLIMÁTICA,ZONIFICACIÓN,CARACTERÍSTICAS DE VÍA,PERFIL LONGITUDINAL VÍA,SUPERFICIE DE CALZADA,¿EXISTE SEÑAL VERTICAL?,CLASIFICACIÓN DE LA SEÑAL VERTICAL Nº 1,CLASIFICACIÓN DE LA SEÑAL VERTICAL Nº 2,¿EXISTE SEÑAL HORIZONTAL?,CAUSA FACTOR PRINCIPAL,CAUSA ESPECÍFICA
A-2023-08-132,14/08/2023,12:00,ATROPELLO,2,0,,JUNIN,HUANCAYO,HUANCAN,URBANA,PASAJE,URBANO,NO CORRESPONDE,-12.104998,-75.189626,DESPEJADO,RURAL,INTERSECCIÓN,PLANA ,TROCHA,,,,,IMPRUDENCIA DEL PEATÓN,OTRO (IMPRUDENCIA DEL PEATÓN)
A-2023-08-96,14/08/2023,23:30,CHOQUE,1,0,,LIMA,LIMA,VILLA MARIA DEL TRIUNFO,URBANA,AVENIDA,URBANO,NO CORRESPONDE,-12.19676413,-76.93102825,DESPEJADO,RESIDENCIAL,INTERSECCIÓN,INCLINADA,ASFALTADA,,,,,EN PROCESO DE INVESTIGACIÓN,NO CUENTA CON CAUSA ESPECIFICA
A-2023-08-55,16/08/2023,15:30,ATROPELLO,1,0,1,LA LIBERTAD,TRUJILLO,TRUJILLO,URBANA,AVENIDA,URBANO,NO CORRESPONDE,-8.088121750898472,-79.04217512570484,DESPEJADO,COMERCIAL,TRAMO RECTO,PLANA ,ASFALTADA,,,,,EN PROCESO DE INVESTIGACIÓN,NO CUENTA CON CAUSA ESPECIFICA
A-2023-08-97,16/08/2023,15:40,CHOQUE,1,0,,LIMA,LIMA,EL AGUSTINO,URBANA,CARRETERA,NACIONAL,PE-1N,-12.03279648,-77.00686784,DESPEJADO,COMERCIAL,TRAMO RECTO,PLANA ,ASFALTADA,SI,PREVENTIVA (P),,NO,EN PROCESO DE INVESTIGACIÓN,NO CUENTA CON CAUSA ESPECIFICA
A-2023-08-42,17/08/2023,03:00,ATROPELLO FUGA,1,0,,CUSCO,ANTA,ANTA,RURAL,CARRETERA,DEPARTAMENTAL,CU-110,-13.453967,-72.172408,DESPEJADO,RURAL,TRAMO RECTO,PLANA ,AFIRMADO,,,,,IMPRUDENCIA DEL PEATÓN,ESTADO DE EBRIEDAD Y/O DROGADICCIÓN
A-2023-08-98,17/08/2023,11:45,ATROPELLO,1,0,,LIMA,LIMA,CHORRILLOS,URBANA,AVENIDA,URBANO,NO CORRESPONDE,-12.16908081,-77.02416704,DESPEJADO,COMERCIAL,TRAMO RECTO,PLANA ,ASFALTADA,SI,REGULADORA (R),,SI,EN PROCESO DE INVESTIGACIÓN,NO CUENTA CON CAUSA ESPECIFICA
A-2023-08-149,17/08/2023,16:55,CHOQUE,1,1,2,TACNA,TACNA,CORONEL GREGORIO ALBARRACIN LANCHIPA,URBANA,AVENIDA,URBANO,NO CORRESPONDE,-18.063487,-70.244533,DESPEJADO,RESIDENCIAL,TRAMO RECTO,PLANA ,ASFALTADA,,,,,IMPRUDENCIA DEL CONDUCTOR,DESACATO DE SEÑAL DE TRÁNSITO
A-2023-08-35,17/08/2023,20:00,DESPISTE,1,0,1,ANCASH,ANTONIO RAYMONDI,LLAMELLIN,RURAL,CARRETERA,DEPARTAMENTAL,AN-108,-9.11631795749561,-77.0125629805175,DESPEJADO,RURAL,CURVA,INCLINADA,ASFALTADA,,,,,EN PROCESO DE INVESTIGACIÓN,NO CUENTA CON CAUSA ESPECIFICA
A-2023-08-138,18/08/2023,04:15,CHOQUE,1,0,2,AYACUCHO,HUAMANGA,SOCOS,RURAL,CARRETERA,NACIONAL,PE-3S,-13.2414766332626,-74.2421803968009,DESPEJADO,RURAL,CURVA,INCLINADA,ASFALTADA,SI,REGULADORA (R),,SI,IMPRUDENCIA DEL CONDUCTOR,CONDUCIR EN ESTADO DE EBRIEDAD Y/O DROGADICCIÓN
A-2023-08-118,18/08/2023,06:45,ATROPELLO,1,0,,CALLAO,CALLAO,CALLAO,URBANA,AVENIDA,URBANO,NO CORRESPONDE,-12.0641523,-77.138997717,DESPEJADO,COMERCIAL,TRAMO RECTO,PLANA ,ASFALTADA,NO,,,SI,IMPRUDENCIA DEL CONDUCTOR,INVASIÓN DE CARRIL
A-2023-08-18,18/08/2023,07:45,CHOQUE,2,1,3,LIMA,HUAURA,HUACHO,RURAL,CARRETERA,NACIONAL,PE-1N,-11.13922,-77.59708,DESPEJADO,RURAL,TRAMO RECTO,INCLINADA,ASFALTADA,,,,,IMPRUDENCIA DEL CONDUCTOR,FATIGA Y/O CANSANCIO
A-2023-08-56,18/08/2023,09:00,ATROPELLO FUGA,1,0,,LA LIBERTAD,CHEPEN,CHEPEN,RURAL,CARRETERA,NACIONAL,PE-1N,-7.2212559,-79.4367383,DESPEJADO,RURAL,TRAMO RECTO,PLANA ,ASFALTADA,,,,,EN PROCESO DE INVESTIGACIÓN,NO CUENTA CON CAUSA ESPECIFICA
A-2023-08-49,18/08/2023,15:20,CHOQUE,1,1,2,CUSCO,CUSCO,CCORCA,RURAL,CARRETERA,PROVINCIAL,CU-1259,-13.573730458131154,-72.0708120660588,DESPEJADO,RURAL,INTERSECCIÓN,PLANA ,ASFALTADA,,,,,IMPRUDENCIA DEL CONDUCTOR,EXCESO DE VELOCIDAD
A-2023-08-38,18/08/2023,18:30,CHOQUE FUGA,1,2,2,AMAZONAS,UTCUBAMBA,BAGUA GRANDE,RURAL,CARRETERA,NACIONAL,PE-5N,-5.738525,-78.46117,DESPEJADO,RURAL,TRAMO RECTO,PLANA ,ASFALTADA,,,,,EN PROCESO DE INVESTIGACIÓN,NO CUENTA CON CAUSA ESPECIFICA
A-2023-08-30,18/08/2023,20:30,ATROPELLO,1,0,1,ICA,PALPA,PALPA,URBANA,CARRETERA,NACIONAL,PE-1S,-14.531977,-75.190298,DESPEJADO,COMERCIAL,TRAMO RECTO,PLANA ,ASFALTADA,SI,REGULADORA (R),INFORMATIVA (I),SI,EN PROCESO DE INVESTIGACIÓN,NO CUENTA CON CAUSA ESPECIFICA
A-2023-08-127,18/08/2023,21:00,CHOQUE,1,0,2,UCAYALI,CORONEL PORTILLO,YARINACOCHA,URBANA,CARRETERA,DEPARTAMENTAL,UC-103,-8.358456,-74.572729,DESPEJADO,ESCOLAR,INTERSECCIÓN,PLANA ,CONCRETO,SI,PREVENTIVA (P),,SI,IMPRUDENCIA DEL CONDUCTOR,CONDUCIR EN ESTADO DE EBRIEDAD Y/O DROGADICCIÓN
A-2023-08-99,18/08/2023,21:30,DESPISTE,1,0,,LIMA,LIMA,LURIN,URBANA,AVENIDA,URBANO,NO CORRESPONDE,-12.30408959,-76.84316617,DESPEJADO,RURAL,CURVA,PLANA ,ASFALTADA,,,,,EN PROCESO DE INVESTIGACIÓN,NO CUENTA CON CAUSA ESPECIFICA
A-2023-08-20,19/08/2023,00:03,DESPISTE,1,0,1,SAN MARTIN,MOYOBAMBA,SORITOR,RURAL,CARRETERA,NACIONAL,PE-08B,-6.186515,-77.115986,DESPEJADO,RURAL,TRAMO RECTO,PLANA ,AFIRMADO,,,,,IMPRUDENCIA DEL CONDUCTOR,OTRO (IMPRUDENCIA DEL CONDUCTOR)
A-2023-08-31,19/08/2023,02:30,DESPISTE,13,5,1,HUANCAVELICA,HUAYTARA,HUAYTARA,RURAL,CARRETERA,NACIONAL,PE-28A,-13.607447,-75.322182,DESPEJADO,RURAL,CURVA,PLANA ,ASFALTADA,SI,REGULADORA (R),,SI,EN PROCESO DE INVESTIGACIÓN,NO CUENTA CON CAUSA ESPECIFICA
A-2023-08-80,19/08/2023,05:10,CHOQUE,2,6,2,ICA,CHINCHA,GROCIO PRADO,RURAL,CARRETERA,NACIONAL,PE-1S,-13.386086,-76.202713,DESPEJADO,RURAL,TRAMO RECTO,PLANA ,ASFALTADA,SI,REGULADORA (R),REGULADORA (R),NO,IMPRUDENCIA DEL CONDUCTOR,INVASIÓN DE CARRIL
A-2023-08-166,19/08/2023,07:00,CHOQUE,1,0,,LIMA,LIMA,LOS OLIVOS,URBANA,AVENIDA,URBANO,NO CORRESPONDE,-11.98315509838056,-77.07966002674941,DESPEJADO,COMERCIAL,TRAMO RECTO,PLANA ,ASFALTADA,,,,,IMPRUDENCIA DEL CONDUCTOR,EXCESO DE VELOCIDAD
A-2023-08-57,19/08/2023,11:20,CHOQUE,1,6,2,LA LIBERTAD,SANTIAGO DE CHUCO,QUIRUVILCA,RURAL,CARRETERA,NACIONAL,PE-3N,-7.980411,-78.23678,DESPEJADO,RURAL,TRAMO RECTO,PLANA ,ASFALTADA,,,,,EN PROCESO DE INVESTIGACIÓN,NO CUENTA CON CAUSA ESPECIFICA
A-2023-08-161,19/08/2023,12:00,DESPISTE,2,0,1,CAJAMARCA,JAEN,CHONTALI,RURAL,CARRETERA,PROVINCIAL,CA-666,-5.66558041295737,-79.0916595526818,DESPEJADO,RURAL,CURVA,PLANA ,AFIRMADO,,,,,IMPRUDENCIA DEL CONDUCTOR,OTRO (IMPRUDENCIA DEL CONDUCTOR)
A-2023-08-81,19/08/2023,15:20,ATROPELLO,1,0,,LORETO,MAYNAS,PUNCHANA,URBANA,CALLE,URBANO,NO CORRESPONDE,-3.720048,-73.23984,SOLEADO,COMERCIAL,TRAMO RECTO,PLANA ,CONCRETO,,,,,EN PROCESO DE INVESTIGACIÓN,NO CUENTA CON CAUSA ESPECIFICA
A-2023-08-32,20/08/2023,14:00,DESPISTE,1,0,1,ICA,ICA,OCUCAJE,RURAL,CARRETERA,SIN CLASIFICAR,SIN CLASIFICAR,-14.352133,-75.703062,DESPEJADO,RURAL,OTRO,INCLINADA,TROCHA,,,,,EN PROCESO DE INVESTIGACIÓN,NO CUENTA CON CAUSA ESPECIFICA
A-2023-08-100,20/08/2023,15:30,ATROPELLO FUGA,1,0,,LIMA,LIMA,ATE,URBANA,AVENIDA,URBANO,NO CORRESPONDE,-12.02564931,-76.90920613,DESPEJADO,ESCOLAR,INTERSECCIÓN,PLANA ,ASFALTADA,,,,,EN PROCESO DE INVESTIGACIÓN,NO CUENTA CON CAUSA ESPECIFICA
A-2023-08-77,20/08/2023,15:30,ATROPELLO FUGA,1,0,,AMAZONAS,UTCUBAMBA,BAGUA GRANDE,RURAL,CARRETERA,NACIONAL,PE-5N,-5.816503,-78.312683,SOLEADO,RURAL,TRAMO RECTO,PLANA ,ASFALTADA,SI,REGULADORA (R),,SI,EN PROCESO DE INVESTIGACIÓN,NO CUENTA CON CAUSA ESPECIFICA
A-2023-08-167,20/08/2023,17:40,ATROPELLO,1,0,,LIMA,LIMA,SAN JUAN DE LURIGANCHO,URBANA,AVENIDA,URBANO,NO CORRESPONDE,-12.001226580551332,-77.00844749726086,DESPEJADO,COMERCIAL,TRAMO RECTO,PLANA ,ASFALTADA,NO,,,SI,IMPRUDENCIA DEL CONDUCTOR,EXCESO DE VELOCIDAD
A-2023-08-43,20/08/2023,19:10,ATROPELLO,1,0,1,CUSCO,ANTA,ANTA,URBANA,CARRETERA,NACIONAL,PE-3S,-13.466273,-72.139682,DESPEJADO,COMERCIAL,CURVA,PLANA ,ASFALTADA,SI,PREVENTIVA (P),,SI,NEGLIGENCIA DEL CONDUCTOR,OTRO (NEGLIGENCIA DEL CONDUCTOR)
A-2023-08-58,20/08/2023,22:30,ATROPELLO,1,0,1,LA LIBERTAD,VIRU,VIRU,RURAL,CARRETERA,NACIONAL,PE-1N,-8.381431,-78.857272,DESPEJADO,RURAL,TRAMO RECTO,PLANA ,ASFALTADA,,,,,EN PROCESO DE INVESTIGACIÓN,NO CUENTA CON CAUSA ESPECIFICA
A-2023-08-64,21/08/2023,02:20,CHOQUE,3,3,2,SAN MARTIN,MOYOBAMBA,HABANA,RURAL,CARRETERA,NACIONAL,PE-08B,-6.093996,-77.087282,DESPEJADO,RURAL,TRAMO RECTO,PLANA ,ASFALTADA,,,,,IMPRUDENCIA DEL CONDUCTOR,CONDUCIR EN ESTADO DE EBRIEDAD Y/O DROGADICCIÓN
A-2023-08-59,21/08/2023,13:00,ATROPELLO,1,0,1,LA LIBERTAD,TRUJILLO,TRUJILLO,URBANA,CARRETERA,NACIONAL,PE-1N,-8.138208,-79.015506,DESPEJADO,COMERCIAL,TRAMO RECTO,PLANA ,ASFALTADA,,,,,EN PROCESO DE INVESTIGACIÓN,NO CUENTA CON CAUSA ESPECIFICA
A-2023-08-162,22/08/2023,02:40,ATROPELLO,1,0,3,CAJAMARCA,CHOTA,LLAMA,RURAL,CARRETERA,NACIONAL,PE-06A,-6.530502,-79.07664,NUBLADO,RURAL,CURVA,INCLINADA,ASFALTADA,SI,PREVENTIVA (P),,SI,IMPRUDENCIA DEL CONDUCTOR,OTRO (IMPRUDENCIA DEL CONDUCTOR)
A-2023-08-101,22/08/2023,15:40,ATROPELLO,1,0,,LIMA,LIMA,CHORRILLOS,URBANA,AVENIDA,URBANO,NO CORRESPONDE,-12.18818487,-76.98271302,DESPEJADO,RESIDENCIAL,CURVA,INCLINADA,ASFALTADA,,,,,EN PROCESO DE INVESTIGACIÓN,NO CUENTA CON CAUSA ESPECIFICA
A-2023-08-102,23/08/2023,06:30,CHOQUE,1,0,,LIMA,LIMA,CHORRILLOS,URBANA,AVENIDA,URBANO,NO CORRESPONDE,-12.18911486,-77.00724272,DESPEJADO,COMERCIAL,CURVA,PLANA ,ASFALTADA,,,,,EN PROCESO DE INVESTIGACIÓN,NO CUENTA CON CAUSA ESPECIFICA
A-2023-08-39,23/08/2023,17:40,DESPISTE,1,0,1,CUSCO,CANCHIS,SAN PABLO,RURAL,CARRETERA,PROVINCIAL,CU-1416,-14.113432,-71.144355,DESPEJADO,RURAL,TRAMO RECTO,INCLINADA,AFIRMADO,SI,PREVENTIVA (P),,NO,IMPRUDENCIA DEL CONDUCTOR,OTRO (IMPRUDENCIA DEL CONDUCTOR)
A-2023-08-125,23/08/2023,18:30,ATROPELLO,1,1,1,HUANCAVELICA,ACOBAMBA,ANDABAMBA,RURAL,CARRETERA,DEPARTAMENTAL,HV-126,-12.690765788423562,-74.6148911327099,DESPEJADO,RURAL,TRAMO RECTO,PLANA ,ASFALTADA,,,,,EN PROCESO DE INVESTIGACIÓN,NO CUENTA CON CAUSA ESPECIFICA
A-2023-08-33,23/08/2023,19:45,CHOQUE,1,1,2,ICA,NASCA,VISTA ALEGRE,URBANA,CARRETERA,NACIONAL,PE-1S,-14.848469,-74.950771,DESPEJADO,COMERCIAL,TRAMO RECTO,PLANA ,ASFALTADA,SI,REGULADORA (R),,SI,IMPRUDENCIA DEL CONDUCTOR,INVASIÓN DE CARRIL
A-2023-08-103,24/08/2023,07:50,ATROPELLO,1,1,,LIMA,LIMA,COMAS,URBANA,AVENIDA,URBANO,NO CORRESPONDE,-11.939304132426711,-77.05897165967541,DESPEJADO,COMERCIAL,TRAMO RECTO,PLANA ,ASFALTADA,,,,,EN PROCESO DE INVESTIGACIÓN,NO CUENTA CON CAUSA ESPECIFICA
A-2023-08-22,24/08/2023,14:30,CHOQUE,2,0,3,AREQUIPA,CAYLLOMA,YANQUE,RURAL,CARRETERA,DEPARTAMENTAL,AR-109,-15.8351167,-71.4697517,DESPEJADO,RURAL,TRAMO RECTO,PLANA ,ASFALTADA,NO,,,SI,EN PROCESO DE INVESTIGACIÓN,NO CUENTA CON CAUSA ESPECIFICA
A-2023-08-105,24/08/2023,15:00,ATROPELLO,1,0,,LIMA,LIMA,RIMAC,URBANA,AVENIDA,URBANO,NO CORRESPONDE,-12.02700385,-77.03336397,DESPEJADO,COMERCIAL,INTERSECCIÓN,PLANA ,ASFALTADA,SI,REGULADORA (R),,NO,EN PROCESO DE INVESTIGACIÓN,NO CUENTA CON CAUSA ESPECIFICA
A-2023-08-147,24/08/2023,15:20,CHOQUE FUGA,1,0,1,TACNA,TACNA,TACNA,URBANA,CARRETERA,NACIONAL,PE-1S,-18.085671,-70.303507,DESPEJADO,RURAL,TRAMO RECTO,PLANA ,ASFALTADA,,,,,EN PROCESO DE INVESTIGACIÓN,NO CUENTA CON CAUSA ESPECIFICA
A-2023-08-119,24/08/2023,18:00,CHOQUE,1,1,,PIURA,PIURA,CATACAOS,RURAL,CARRETERA,NACIONAL,PE-1N,-5.238906,-80.638431,DESPEJADO,RURAL,TRAMO RECTO,PLANA ,ASFALTADA,,,,,IMPRUDENCIA DEL CONDUCTOR,EXCESO DE VELOCIDAD
A-2023-08-60,24/08/2023,20:30,DESPISTE,1,3,1,LA LIBERTAD,OTUZCO,USQUIL,RURAL,CARRETERA,PROVINCIAL,LI-774,-7.814124697487608,-78.43235380456227,DESPEJADO,RURAL,TRAMO RECTO,PLANA ,AFIRMADO,,,,,EN PROCESO DE INVESTIGACIÓN,NO CUENTA CON CAUSA ESPECIFICA
A-2023-08-104,24/08/2023,23:00,DESPISTE,1,0,,LIMA,LIMA,PUNTA HERMOSA,URBANA,AVENIDA,URBANO,NO CORRESPONDE,-12.30941225,-76.83738474,DESPEJADO,COMERCIAL,INTERSECCIÓN,PLANA ,ASFALTADA,SI,INFORMATIVA (I),,SI,IMPRUDENCIA DEL CONDUCTOR,OTRO (IMPRUDENCIA DEL CONDUCTOR)
A-2023-08-78,25/08/2023,04:30,DESPISTE,1,0,1,AMAZONAS,UTCUBAMBA,JAMALCA,URBANA,CARRETERA,NACIONAL,PE-5N,-5.836981,-78.241441,DESPEJADO,RURAL,PASE A DESNIVEL,INCLINADA,TROCHA,,,,,EN PROCESO DE INVESTIGACIÓN,NO CUENTA CON CAUSA ESPECIFICA
A-2023-08-21,25/08/2023,08:30,ATROPELLO FUGA,1,0,,PUNO,EL COLLAO,ILAVE,URBANA,CARRETERA,NACIONAL,PE-3S,-16.091553,-69.6397,DESPEJADO,RURAL,TRAMO RECTO,PLANA ,ASFALTADA,,,,,IMPRUDENCIA DEL CONDUCTOR,EXCESO DE VELOCIDAD
A-2023-08-133,25/08/2023,15:10,DESPISTE,2,1,,JUNIN,JAUJA,PARCO,RURAL,CARRETERA,NACIONAL,PE-3S,-11.802171622235347,-75.52678936622151,DESPEJADO,RURAL,CURVA,PLANA ,ASFALTADA,NO,,,SI,IMPRUDENCIA DEL CONDUCTOR,ADELANTAR INDEBIDAMENTE
A-2023-08-165,25/08/2023,17:22,CHOQUE,1,2,2,CAJAMARCA,SAN IGNACIO,NAMBALLE,URBANA,CARRETERA,NACIONAL,PE-5N,-4.984032,-79.10115,DESPEJADO,RESIDENCIAL,CURVA,INCLINADA,ASFALTADA,SI,PREVENTIVA (P),,SI,IMPRUDENCIA DEL CONDUCTOR,CONDUCIR EN ESTADO DE EBRIEDAD Y/O DROGADICCIÓN
A-2023-08-134,25/08/2023,18:30,CHOQUE,1,1,,JUNIN,HUANCAYO,SAN AGUSTIN,RURAL,CARRETERA,NACIONAL,PE-3S,-12.019282726209436,-75.24172418724427,DESPEJADO,RURAL,TRAMO RECTO,PLANA ,ASFALTADA,NO,,,SI,IMPRUDENCIA DEL CONDUCTOR,OTRO (IMPRUDENCIA DEL CONDUCTOR)
A-2023-08-61,25/08/2023,22:15,CHOQUE,2,1,2,LA LIBERTAD,TRUJILLO,SALAVERRY,URBANA,CARRETERA,NACIONAL,PE-1N,-8.233038,-78.943466,DESPEJADO,COMERCIAL,TRAMO RECTO,PLANA ,ASFALTADA,,,,,IMPRUDENCIA DEL CONDUCTOR,OTRO (IMPRUDENCIA DEL CONDUCTOR)
A-2023-08-143,26/08/2023,00:42,CHOQUE CON OBJETO FIJO,1,1,1,AYACUCHO,HUAMANGA,AYACUCHO,URBANA,AVENIDA,URBANO,NO CORRESPONDE,-13.14756333131887,-74.22366512852857,DESPEJADO,RESIDENCIAL,TRAMO RECTO,INCLINADA,ASFALTADA,,,,,IMPRUDENCIA DEL CONDUCTOR,CONDUCIR EN ESTADO DE EBRIEDAD Y/O DROGADICCIÓN
A-2023-08-152,26/08/2023,19:30,ATROPELLO,1,0,,CALLAO,CALLAO,LA PERLA,URBANA,AVENIDA,URBANO,NO CORRESPONDE,-12.0641805125851,-77.1121754695252,DESPEJADO,RESIDENCIAL,TRAMO RECTO,PLANA ,ASFALTADA,SI,REGULADORA (R),,SI,IMPRUDENCIA DEL PEATÓN,CRUCE INDEBIDO POR LA CALZADA
A-2023-08-120,27/08/2023,01:20,DESPISTE,1,0,,PIURA,PIURA,VEINTISEIS DE OCTUBRE,RURAL,CARRETERA,SIN CLASIFICAR,SIN CLASIFICAR,-5.1817,-80.6927,DESPEJADO,RURAL,TRAMO RECTO,PLANA ,ASFALTADA,,,,,EN PROCESO DE INVESTIGACIÓN,NO CUENTA CON CAUSA ESPECIFICA
A-2023-08-23,27/08/2023,02:00,CHOQUE,1,3,,AREQUIPA,AREQUIPA,LA JOYA,RURAL,CARRETERA,DEPARTAMENTAL,AR-114,-16.4697919,-71.8444426,DESPEJADO,RURAL,TRAMO RECTO,PLANA ,ASFALTADA,,,,,EN PROCESO DE INVESTIGACIÓN,NO CUENTA CON CAUSA ESPECIFICA
A-2023-08-106,27/08/2023,02:30,CHOQUE,1,3,,LIMA,LIMA,PUENTE PIEDRA,URBANA,AVENIDA,URBANO,NO CORRESPONDE,-11.85751839,-77.06821782,DESPEJADO,RESIDENCIAL,INTERSECCIÓN,PLANA ,AFIRMADO,,,,,EN PROCESO DE INVESTIGACIÓN,NO CUENTA CON CAUSA ESPECIFICA
A-2023-08-135,27/08/2023,06:40,ATROPELLO FUGA,1,0,,JUNIN,JAUJA,LEONOR ORDOÑEZ,RURAL,CARRETERA,NACIONAL,PE-3SB,-11.85659295524933,-75.41706556471469,DESPEJADO,RURAL,TRAMO RECTO,PLANA ,ASFALTADA,NO,,,SI,EN PROCESO DE INVESTIGACIÓN,NO CUENTA CON CAUSA ESPECIFICA
A-2023-08-107,27/08/2023,07:46,DESPISTE,1,4,,LIMA,LIMA,ATE,URBANA,CARRETERA,NACIONAL,PE-22,-12.010752,-76.873678,DESPEJADO,COMERCIAL,CURVA,PLANA ,ASFALTADA,,,,,EN PROCESO DE INVESTIGACIÓN,NO CUENTA CON CAUSA ESPECIFICA
A-2023-08-140,27/08/2023,15:30,CHOQUE,1,8,2,AYACUCHO,HUAMANGA,ACOCRO,RURAL,CARRETERA,NACIONAL,PE-3S,-13.3992320501638,-73.9600298718296,DESPEJADO,RURAL,CURVA,INCLINADA,ASFALTADA,SI,PREVENTIVA (P),,NO,IMPRUDENCIA DEL CONDUCTOR,INVASIÓN DE CARRIL
A-2023-08-45,27/08/2023,15:30,CHOQUE,1,0,,AREQUIPA,CAMANA,QUILCA,RURAL,CARRETERA,NACIONAL,PE-3S,-16.700737,-72.455305,SOLEADO,RURAL,CURVA,INCLINADA,ASFALTADA,,,,,EN PROCESO DE INVESTIGACIÓN,NO CUENTA CON CAUSA ESPECIFICA
A-2023-08-142,27/08/2023,16:27,DESPISTE,1,0,1,AYACUCHO,HUAMANGA,AYACUCHO,URBANA,JIRÓN,URBANO,NO CORRESPONDE,-13.1502901413876,-74.22507578849195,DESPEJADO,RESIDENCIAL,TRAMO RECTO,PLANA ,ASFALTADA,,,,,IMPRUDENCIA DEL CONDUCTOR,CONDUCIR EN ESTADO DE EBRIEDAD Y/O DROGADICCIÓN
A-2023-08-44,27/08/2023,17:20,DESPISTE,1,0,1,ICA,NASCA,CHANGUILLO,RURAL,CARRETERA,PROVINCIAL,IC-782,-14.663484,-75.225382,DESPEJADO,RURAL,SINUOSA,INCLINADA,TROCHA,,,,,EN PROCESO DE INVESTIGACIÓN,NO CUENTA CON CAUSA ESPECIFICA
A-2023-08-108,27/08/2023,17:45,DESPISTE,1,3,,LIMA,LIMA,ATE,URBANA,AVENIDA,URBANO,NO CORRESPONDE,-12.01482726,-76.83918934,DESPEJADO,RESIDENCIAL,TRAMO RECTO,INCLINADA,ASFALTADA,,,,,EN PROCESO DE INVESTIGACIÓN,NO CUENTA CON CAUSA ESPECIFICA
A-2023-08-141,28/08/2023,07:20,ATROPELLO,1,0,,PUNO,SAN ROMAN,SAN MIGUEL,URBANA,CARRETERA,NACIONAL,PE-34H,-15.478719,-70.118576,DESPEJADO,COMERCIAL,TRAMO RECTO,PLANA ,ASFALTADA,,,,,IMPRUDENCIA DEL CONDUCTOR,EXCESO DE VELOCIDAD
A-2023-08-163,28/08/2023,07:55,CHOQUE,1,1,2,CAJAMARCA,JAEN,JAEN,URBANA,CARRETERA,NACIONAL,PE-5N,-5.706962,-78.803394,DESPEJADO,COMERCIAL,TRAMO RECTO,PLANA ,CONCRETO,,,,,IMPRUDENCIA DEL CONDUCTOR,ADELANTAR INDEBIDAMENTE
A-2023-08-110,28/08/2023,08:30,ATROPELLO,1,0,,LIMA,LIMA,ATE,URBANA,AVENIDA,URBANO,NO CORRESPONDE,-12.06314424,-76.9827365,DESPEJADO,COMERCIAL,INTERSECCIÓN,PLANA ,ASFALTADA,,,,,EN PROCESO DE INVESTIGACIÓN,NO CUENTA CON CAUSA ESPECIFICA
A-2023-08-109,28/08/2023,08:40,ATROPELLO,1,0,,LIMA,LIMA,SAN MARTIN DE PORRES,URBANA,AVENIDA,URBANO,NO CORRESPONDE,-12.03186558,-77.07592757,DESPEJADO,COMERCIAL,INTERSECCIÓN,PLANA ,ASFALTADA,,,,,EN PROCESO DE INVESTIGACIÓN,NO CUENTA CON CAUSA ESPECIFICA
A-2023-08-128,28/08/2023,13:05,ATROPELLO,1,0,1,UCAYALI,CORONEL PORTILLO,CALLERIA,RURAL,CARRETERA,NACIONAL,PE-18C,-8.396453,-74.597366,DESPEJADO,RURAL,TRAMO RECTO,PLANA ,ASFALTADA,,,,,IMPRUDENCIA DEL PEATÓN,CRUCE INDEBIDO POR LA CALZADA
A-2023-08-144,28/08/2023,14:30,DESPISTE,1,0,1,AYACUCHO,CANGALLO,PARAS,RURAL,CARRETERA,NACIONAL,PE-28A,-13.35824135835442,-74.85072217671166,NUBLADO,RURAL,TRAMO RECTO,PLANA ,ASFALTADA,SI,PREVENTIVA (P),,NO,IMPRUDENCIA DEL CONDUCTOR,CONDUCIR EN ESTADO DE EBRIEDAD Y/O DROGADICCIÓN
A-2023-08-148,28/08/2023,14:30,CHOQUE,1,1,2,TACNA,TACNA,POCOLLAY,URBANA,CARRETERA,NACIONAL,PE-40,-17.99221,-70.21711,DESPEJADO,RESIDENCIAL,INTERSECCIÓN,INCLINADA,ASFALTADA,,,,,IMPRUDENCIA DEL CONDUCTOR,GIRAR IMPRUDENTEMENTE
A-2023-08-65,28/08/2023,19:15,CHOQUE,1,1,2,SAN MARTIN,RIOJA,AWAJUN,RURAL,CARRETERA,NACIONAL,PE-5N,-5.797532,-77.408875,DESPEJADO,RURAL,TRAMO RECTO,PLANA ,ASFALTADA,,,,,IMPERICIA DEL CONDUCTOR,
A-2023-08-111,28/08/2023,20:50,ATROPELLO FUGA,1,0,,LIMA,LIMA,SAN MARTIN DE PORRES,URBANA,AVENIDA,URBANO,NO CORRESPONDE,-11.98617786,-77.08302674,DESPEJADO,RESIDENCIAL,INTERSECCIÓN,PLANA ,ASFALTADA,,,,,EN PROCESO DE INVESTIGACIÓN,NO CUENTA CON CAUSA ESPECIFICA
A-2023-08-112,28/08/2023,22:30,CHOQUE,1,1,,LIMA,LIMA,PACHACAMAC,URBANA,AVENIDA,URBANO,NO CORRESPONDE,-12.12320828,-76.87235478,DESPEJADO,ESCOLAR,INTERSECCIÓN,PLANA ,ASFALTADA,,,,,EN PROCESO DE INVESTIGACIÓN,NO CUENTA CON CAUSA ESPECIFICA