CÓDIGO SINIESTRO,FECHA SINIESTRO,HORA SINIESTRO,CLASE SINIESTRO,CANTIDAD DE FALLECIDOS,CANTIDAD DE LESIONADOS,CANTIDAD DE VEHICULOS DAÑADOS,DEPARTAMENTO,PROVINCIA,DISTRITO,ZONA,TIPO DE VÍA,RED VIAL,COD CARRETERA,COORDENADAS LATITUD,COORDENADAS  LONGITUD,CONDICIÓN CLIMÁTICA,ZONIFICACIÓN,CARACTERÍSTICAS DE VÍA,PERFIL LONGITUDINAL VÍA,SUPERFICIE DE CALZADA,¿EXISTE SEÑAL VERTICAL?,CLASIFICACIÓN DE LA SEÑAL VERTICAL Nº 1,CLASIFICACIÓN DE LA SEÑAL VERTICAL Nº 2,¿EXISTE SEÑAL HORIZONTAL?,CAUSA FACTOR PRINCIPAL,CAUSA ESPECÍFICA
A-2023-11-35,17/11/2023,22:45,ATROPELLO,1,0,2,PUNO,PUNO,PUNO,URBANA,AVENIDA,URBANO,NO CORRESPONDE,-15.826731,-70.029974,DESPEJADO,ESCOLAR,TRAMO RECTO,PLANA ,ASFALTADA,,,,,IMPRUDENCIA DEL PEATÓN,ESTADO DE EBRIEDAD Y/O DROGADICCIÓN
A-2023-11-124,18/11/2023,00:20,DESPISTE,1,0,,LIMA,LIMA,INDEPENDENCIA,URBANA,CARRETERA,NACIONAL,PE-1N,-11.99914034,-77.06266004,DESPEJADO,COMERCIAL,TRAMO RECTO,INCLINADA,ASFALTADA,,,,,EN PROCESO DE INVESTIGACIÓN,NO CUENTA CON CAUSA ESPECIFICA
A-2024-01-14-A,18/11/2023,00:30,ATROPELLO FUGA,1,0,,AREQUIPA,CAYLLOMA,CALLALLI,RURAL,CARRETERA,DEPARTAMENTAL,AR-111,-15.497639,-71.45739,DESPEJADO,RURAL,TRAMO RECTO,PLANA ,ASFALTADA,,,,,EN PROCESO DE INVESTIGACIÓN,NO CUENTA CON CAUSA ESPECIFICA
A-2023-11-27,18/11/2023,04:00,DESPISTE,1,1,1,APURIMAC,ANDAHUAYLAS,TURPO,RURAL,CARRETERA,SIN CLASIFICAR,SIN CLASIFICAR,-13.776478,-73.498398,DESPEJADO,RURAL,CURVA,INCLINADA,TROCHA,,,,,IMPRUDENCIA DEL CONDUCTOR,OTRO (IMPRUDENCIA DEL CONDUCTOR)
A-2023-11-94,18/11/2023,05:40,DESPISTE,1,0,1,AREQUIPA,AREQUIPA,YURA,URBANA,CARRETERA,NACIONAL,PE-34A,-16.1045639,-71.6183088,DESPEJADO,RURAL,CURVA,INCLINADA,ASFALTADA,SI,REGULADORA (R),PREVENTIVA (P),SI,EN PROCESO DE INVESTIGACIÓN,NO CUENTA CON CAUSA ESPECIFICA
A-2023-11-50,18/11/2023,06:30,DESPISTE,1,2,1,LA LIBERTAD,PACASMAYO,SAN PEDRO DE LLOC,RURAL,CARRETERA,PROVINCIAL,LI-585,-7.397253158049472,-79.49910126191534,DESPEJADO,RURAL,TRAMO RECTO,PLANA ,ASFALTADA,,,,,IMPRUDENCIA DEL CONDUCTOR,OTRO (IMPRUDENCIA DEL CONDUCTOR)
A-2023-11-125,18/11/2023,07:10,DESPISTE,1,1,,LIMA,LIMA,SAN JUAN DE LURIGANCHO,URBANA,CALLE,URBANO,NO CORRESPONDE,-11.96844547,-76.96975104,DESPEJADO,ESCOLAR,CURVA,INCLINADA,ASFALTADA,,,,,EN PROCESO DE INVESTIGACIÓN,NO CUENTA CON CAUSA ESPECIFICA
A-2023-11-14,18/11/2023,15:00,CHOQUE,2,0,,PIURA,MORROPON,LA MATANZA,RURAL,CARRETERA,NACIONAL,PE-1NJ,-5.212804,-80.122035,DESPEJADO,RURAL,TRAMO RECTO,PLANA ,ASFALTADA,,,,,EN PROCESO DE INVESTIGACIÓN,NO CUENTA CON CAUSA ESPECIFICA
A-2023-11-12,18/11/2023,15:28,ATROPELLO,1,0,,PUNO,PUNO,PUNO,URBANA,JIRÓN,URBANO,NO CORRESPONDE,-15.862453,-70.020058,DESPEJADO,COMERCIAL,OTRO,INCLINADA,ASFALTADA,,,,,NEGLIGENCIA DEL CONDUCTOR,CONDUCIR CON FALLAS DE FRENOS
A-2023-11-51,18/11/2023,21:25,CHOQUE,1,0,2,LA LIBERTAD,PACASMAYO,GUADALUPE,URBANA,CARRETERA,PROVINCIAL,LI-508,-7.23887,-79.467492,DESPEJADO,COMERCIAL,TRAMO RECTO,PLANA ,ASFALTADA,,,,,EN PROCESO DE INVESTIGACIÓN,NO CUENTA CON CAUSA ESPECIFICA
A-2023-11-102,18/11/2023,22:00,CHOQUE,2,2,,PIURA,PIURA,CATACAOS,RURAL,CARRETERA,PROVINCIAL,PI-1023,-5.316261,-80.67095,DESPEJADO,RURAL,TRAMO RECTO,PLANA ,ASFALTADA,,,,,EN PROCESO DE INVESTIGACIÓN,NO CUENTA CON CAUSA ESPECIFICA
A-2023-11-101,19/11/2023,02:00,DESPISTE,2,0,1,AREQUIPA,AREQUIPA,LA JOYA,RURAL,CARRETERA,SIN CLASIFICAR,SIN CLASIFICAR,-16.489694,-71.854093,DESPEJADO,RURAL,TRAMO RECTO,PLANA ,TROCHA,,,,,EN PROCESO DE INVESTIGACIÓN,NO CUENTA CON CAUSA ESPECIFICA
A-2023-11-126,19/11/2023,05:30,ATROPELLO FUGA,1,0,,LIMA,LIMA,SAN JUAN DE MIRAFLORES,URBANA,CARRETERA,NACIONAL,PE-1S,-12.179902,-76.976303,DESPEJADO,COMERCIAL,TRAMO RECTO,PLANA ,ASFALTADA,NO,,,SI,EN PROCESO DE INVESTIGACIÓN,NO CUENTA CON CAUSA ESPECIFICA
A-2023-11-34,19/11/2023,09:30,CHOQUE CON OBJETO FIJO,1,0,1,CUSCO,URUBAMBA,URUBAMBA,RURAL,CARRETERA,SIN CLASIFICAR,SIN CLASIFICAR,-13.269785,-72.103578,DESPEJADO,RURAL,SINUOSA,INCLINADA,TROCHA,,,,,IMPRUDENCIA DEL CONDUCTOR,EXCESO DE VELOCIDAD
A-2023-11-36,19/11/2023,11:20,CHOQUE,1,0,2,PUNO,EL COLLAO,SANTA ROSA,RURAL,CARRETERA,NACIONAL,PE-38,-16.80554663730018,-69.72881843667389,DESPEJADO,RURAL,TRAMO RECTO,PLANA ,ASFALTADA,,,,,IMPRUDENCIA DEL CONDUCTOR,INVASIÓN DE CARRIL
A-2023-11-127,19/11/2023,14:15,ATROPELLO,1,0,,LIMA,LIMA,ANCON,URBANA,CARRETERA,NACIONAL,PE-1N,-11.73451895,-77.13611622,DESPEJADO,RESIDENCIAL,CURVA,INCLINADA,ASFALTADA,,,,,EN PROCESO DE INVESTIGACIÓN,NO CUENTA CON CAUSA ESPECIFICA
A-2023-11-143,20/11/2023,04:18,ATROPELLO,1,0,1,TACNA,TACNA,CIUDAD NUEVA,URBANA,CARRETERA,PROVINCIAL,TA-621,-17.981544,-70.234855,DESPEJADO,RESIDENCIAL,TRAMO RECTO,PLANA ,ASFALTADA,,,,,IMPRUDENCIA DEL CONDUCTOR,NO DAR PASO PREFERENTE AL PEATÓN
A-2023-11-128,20/11/2023,17:20,CHOQUE,2,0,,LIMA,LIMA,LURIN,URBANA,CARRETERA,NACIONAL,PE-1S,-12.300015,-76.849084,DESPEJADO,COMERCIAL,TRAMO RECTO,PLANA ,ASFALTADA,,,,,EN PROCESO DE INVESTIGACIÓN,NO CUENTA CON CAUSA ESPECIFICA
A-2023-11-85,21/11/2023,01:43,ATROPELLO FUGA,1,0,,JUNIN,YAULI,SANTA ROSA DE SACCO,URBANA,CARRETERA,NACIONAL,PE-22,-11.5494319,-75.94024,DESPEJADO,RESIDENCIAL,INTERSECCIÓN,PLANA ,ASFALTADA,SI,PREVENTIVA (P),,SI,EN PROCESO DE INVESTIGACIÓN,NO CUENTA CON CAUSA ESPECIFICA
A-2023-11-129,21/11/2023,03:10,ATROPELLO,1,0,,LIMA,LIMA,SAN MARTIN DE PORRES,URBANA,CARRETERA,NACIONAL,PE-1N,-12.024616,-77.05868041,DESPEJADO,COMERCIAL,TRAMO RECTO,INCLINADA,ASFALTADA,,,,,EN PROCESO DE INVESTIGACIÓN,NO CUENTA CON CAUSA ESPECIFICA
A-2023-11-158,21/11/2023,09:22,DESPISTE,2,4,1,CAJAMARCA,SANTA CRUZ,CATACHE,RURAL,CARRETERA,NACIONAL,PE-06B,-6.60845710904638,-78.9807254976289,DESPEJADO,RURAL,CURVA,INCLINADA,ASFALTADA,,,,,IMPRUDENCIA DEL CONDUCTOR,FATIGA Y/O CANSANCIO
A-2023-11-103,21/11/2023,20:30,CHOQUE,1,0,,PIURA,MORROPON,SALITRAL,RURAL,CARRETERA,NACIONAL,PE-02A,-5.434296,-79.77158,DESPEJADO,RURAL,TRAMO RECTO,PLANA ,ASFALTADA,,,,,EN PROCESO DE INVESTIGACIÓN,NO CUENTA CON CAUSA ESPECIFICA
A-2023-11-74,21/11/2023,21:00,ATROPELLO,1,0,1,PUNO,HUANCANE,ROSASPATA,RURAL,CARRETERA,SIN CLASIFICAR,SIN CLASIFICAR,-15.220533,-69.550224,DESPEJADO,RURAL,TRAMO RECTO,PLANA ,ASFALTADA,,,,,IMPRUDENCIA DEL CONDUCTOR,EXCESO DE VELOCIDAD
A-2023-11-58,22/11/2023,05:50,CHOQUE,2,4,2,LIMA,HUAURA,HUAURA,URBANA,CARRETERA,NACIONAL,PE-1NE,-11.06209,-77.55274,DESPEJADO,RESIDENCIAL,TRAMO RECTO,PLANA ,ASFALTADA,SI,REGULADORA (R),PREVENTIVA (P),NO,IMPRUDENCIA DEL CONDUCTOR,CONDUCIR EN ESTADO DE EBRIEDAD Y/O DROGADICCIÓN
A-2023-11-93,22/11/2023,12:15,ATROPELLO,1,0,1,AREQUIPA,CAYLLOMA,ACHOMA,RURAL,CARRETERA,SIN CLASIFICAR,SIN CLASIFICAR,-15.6858186513221,-71.6811662831479,SOLEADO,RURAL,OTRO,INCLINADA,TROCHA,,,,,EN PROCESO DE INVESTIGACIÓN,NO CUENTA CON CAUSA ESPECIFICA
A-2023-11-41,22/11/2023,21:30,CHOQUE FUGA,1,1,,PUNO,CHUCUITO,POMATA,RURAL,CARRETERA,DEPARTAMENTAL,PU-130,-16.2880844058182,-69.2259101218504,,,,,,,,,,IMPRUDENCIA DEL CONDUCTOR,INVASIÓN DE CARRIL
A-2023-11-130,22/11/2023,23:30,CHOQUE,1,0,,LIMA,LIMA,PUENTE PIEDRA,URBANA,CARRETERA,NACIONAL,PE-1N,-11.88600505,-77.06853415,DESPEJADO,ESCOLAR,TRAMO RECTO,PLANA ,ASFALTADA,NO,,,SI,EN PROCESO DE INVESTIGACIÓN,NO CUENTA CON CAUSA ESPECIFICA
A-2023-11-43,23/11/2023,21:30,CHOQUE,1,1,2,PUNO,EL COLLAO,ILAVE,RURAL,CARRETERA,NACIONAL,PE-3S,-16.076368,-69.6619044,DESPEJADO,RURAL,TRAMO RECTO,PLANA ,ASFALTADA,,,,,IMPRUDENCIA DEL CONDUCTOR,OTRO (IMPRUDENCIA DEL CONDUCTOR)
A-2023-11-44,24/11/2023,00:40,CHOQUE FUGA,1,0,,PUNO,PUNO,ACORA,RURAL,CARRETERA,NACIONAL,PE-3S,-16.06202,-69.691973,DESPEJADO,RURAL,TRAMO RECTO,PLANA ,ASFALTADA,,,,,EN PROCESO DE INVESTIGACIÓN,NO CUENTA CON CAUSA ESPECIFICA
A-2023-11-26,24/11/2023,06:00,VOLCADURA,2,1,1,CUSCO,URUBAMBA,OLLANTAYTAMBO,RURAL,CARRETERA,NACIONAL,PE-28B,-13.209254,-72.299232,DESPEJADO,RURAL,CURVA,INCLINADA,ASFALTADA,SI,PREVENTIVA (P),,SI,IMPRUDENCIA DEL CONDUCTOR,EXCESO DE VELOCIDAD
A-2023-11-131,24/11/2023,12:45,ATROPELLO FUGA,1,0,,LIMA,LIMA,PUENTE PIEDRA,URBANA,AVENIDA,URBANO,NO CORRESPONDE,-11.82885522,-77.11022089,DESPEJADO,RESIDENCIAL,TRAMO RECTO,INCLINADA,ASFALTADA,,,,,EN PROCESO DE INVESTIGACIÓN,NO CUENTA CON CAUSA ESPECIFICA
A-2023-11-132,25/11/2023,01:30,ATROPELLO FUGA,1,0,,LIMA,LIMA,PUNTA NEGRA,RURAL,CARRETERA,NACIONAL,PE-1S,-12.36371115,-76.79252318,DESPEJADO,INDUSTRIAL,TRAMO RECTO,PLANA ,ASFALTADA,,,,,EN PROCESO DE INVESTIGACIÓN,NO CUENTA CON CAUSA ESPECIFICA
A-2023-11-39,25/11/2023,03:45,ATROPELLO,1,0,0,ICA,CHINCHA,EL CARMEN,RURAL,CARRETERA,NACIONAL,PE-1SE,-13.560465,-76.180318,DESPEJADO,RURAL,TRAMO RECTO,PLANA ,ASFALTADA,,,,,EN PROCESO DE INVESTIGACIÓN,NO CUENTA CON CAUSA ESPECIFICA
A-2023-11-189,25/11/2023,08:40,ATROPELLO,1,0,,LIMA,LIMA,VILLA MARIA DEL TRIUNFO,URBANA,AVENIDA,URBANO,NO CORRESPONDE,-12.148134,-76.934364,DESPEJADO,RESIDENCIAL,TRAMO RECTO,PLANA ,ASFALTADA,,,,,EN PROCESO DE INVESTIGACIÓN,NO CUENTA CON CAUSA ESPECIFICA
A-2023-11-63,25/11/2023,12:50,DESPISTE,1,3,1,HUANCAVELICA,TAYACAJA,ACOSTAMBO,RURAL,CARRETERA,NACIONAL,PE-3S,-12.411749902772915,-75.0394585092174,DESPEJADO,RURAL,CURVA,INCLINADA,ASFALTADA,,,,,EN PROCESO DE INVESTIGACIÓN,NO CUENTA CON CAUSA ESPECIFICA
A-2023-11-92,25/11/2023,16:00,CHOQUE,1,4,2,AREQUIPA,AREQUIPA,SAN JUAN DE TARUCANI,RURAL,CARRETERA,NACIONAL,PE-34A,-16.019116,-71.283545,DESPEJADO,RURAL,CURVA,INCLINADA,ASFALTADA,,,,,EN PROCESO DE INVESTIGACIÓN,NO CUENTA CON CAUSA ESPECIFICA
A-2023-11-21,25/11/2023,18:30,ATROPELLO,1,0,0,CUSCO,QUISPICANCHI,OCONGATE,RURAL,CARRETERA,NACIONAL,PE-30C,-13.649487,-71.298013,NUBLADO,RURAL,TRAMO RECTO,PLANA ,ASFALTADA,SI,INFORMATIVA (I),,SI,IMPRUDENCIA DEL PEATÓN,OTRO (IMPRUDENCIA DEL PEATÓN)
A-2023-11-91,25/11/2023,20:00,ATROPELLO,1,0,1,AREQUIPA,AREQUIPA,LA JOYA,RURAL,CARRETERA,NACIONAL,PE-1S,-16.512043,-71.809521,DESPEJADO,RURAL,TRAMO RECTO,PLANA ,ASFALTADA,,,,,EN PROCESO DE INVESTIGACIÓN,NO CUENTA CON CAUSA ESPECIFICA
A-2023-11-31,25/11/2023,20:30,CHOQUE,1,0,2,SAN MARTIN,RIOJA,PARDO MIGUEL,URBANA,CARRETERA,NACIONAL,PE-5N,-5.730906,-77.513107,DESPEJADO,COMERCIAL,TRAMO RECTO,INCLINADA,ASFALTADA,,,,,EN PROCESO DE INVESTIGACIÓN,NO CUENTA CON CAUSA ESPECIFICA
A-2023-11-133,26/11/2023,00:30,ATROPELLO FUGA,1,0,,LIMA,LIMA,LURIN,URBANA,CARRETERA,NACIONAL,PE-1S,-12.297378,-76.8552,DESPEJADO,RURAL,TRAMO RECTO,PLANA ,ASFALTADA,,,,,EN PROCESO DE INVESTIGACIÓN,NO CUENTA CON CAUSA ESPECIFICA
A-2023-11-148,26/11/2023,14:30,DESPISTE,1,0,,PIURA,AYABACA,PACAIPAMPA,RURAL,CARRETERA,NACIONAL,PE-3N,-4.946504,-79.57293,DESPEJADO,RURAL,TRAMO RECTO,PLANA ,ASFALTADA,,,,,EN PROCESO DE INVESTIGACIÓN,NO CUENTA CON CAUSA ESPECIFICA
A-2023-11-30,27/11/2023,17:30,DESPISTE,1,0,1,CUSCO,ACOMAYO,ACOPIA,RURAL,CARRETERA,PROVINCIAL,CU-1627,-14.045195934840285,-71.49847893716822,LLUVIOSO,RURAL,CURVA,PLANA ,ASFALTADA,,,,,EN PROCESO DE INVESTIGACIÓN,NO CUENTA CON CAUSA ESPECIFICA
A-2023-11-135,27/11/2023,17:45,ATROPELLO,1,0,,LIMA,LIMA,LOS OLIVOS,URBANA,AVENIDA,URBANO,NO CORRESPONDE,-11.97830745,-77.07583634,DESPEJADO,ESCOLAR,TRAMO RECTO,PLANA ,ASFALTADA,SI,PREVENTIVA (P),,SI,EN PROCESO DE INVESTIGACIÓN,NO CUENTA CON CAUSA ESPECIFICA
A-2023-11-40,27/11/2023,18:55,ATROPELLO,1,0,1,SAN MARTIN,MOYOBAMBA,JEPELACIO,URBANA,CARRETERA,NACIONAL,PE-5N,-6.170109,-76.833266,NUBLADO,COMERCIAL,TRAMO RECTO,INCLINADA,ASFALTADA,,,,,EN PROCESO DE INVESTIGACIÓN,NO CUENTA CON CAUSA ESPECIFICA
A-2023-11-137,27/11/2023,20:20,CHOQUE,1,0,,LIMA,LIMA,CHORRILLOS,URBANA,CARRETERA,NACIONAL,PE-1S,-12.222561,-76.974531,DESPEJADO,INDUSTRIAL,TRAMO RECTO,PLANA ,ASFALTADA,,,,,EN PROCESO DE INVESTIGACIÓN,NO CUENTA CON CAUSA ESPECIFICA
A-2023-11-136,27/11/2023,20:30,DESPISTE,1,6,,LIMA,LIMA,COMAS,URBANA,AVENIDA,URBANO,NO CORRESPONDE,-11.92831933,-77.05579317,DESPEJADO,COMERCIAL,TRAMO RECTO,PLANA ,ASFALTADA,,,,,EN PROCESO DE INVESTIGACIÓN,NO CUENTA CON CAUSA ESPECIFICA
A-2023-11-134,27/11/2023,21:10,ATROPELLO FUGA,1,0,,LIMA,LIMA,PUNTA NEGRA,RURAL,CARRETERA,NACIONAL,PE-1S,-12.368539,-76.787526,DESPEJADO,RURAL,TRAMO RECTO,PLANA ,ASFALTADA,SI,INFORMATIVA (I),,SI,EN PROCESO DE INVESTIGACIÓN,NO CUENTA CON CAUSA ESPECIFICA
A-2023-11-138,28/11/2023,04:40,ATROPELLO FUGA,1,0,,LIMA,LIMA,RIMAC,URBANA,CARRETERA,NACIONAL,PE-1N,-12.04196646,-77.01998696,DESPEJADO,COMERCIAL,TRAMO RECTO,INCLINADA,ASFALTADA,,,,,EN PROCESO DE INVESTIGACIÓN,NO CUENTA CON CAUSA ESPECIFICA
A-2023-11-60,28/11/2023,09:15,ATROPELLO,1,0,1,LIMA,HUAURA,SANTA MARIA,URBANA,CALLE,URBANO,NO CORRESPONDE,-11.109567850540602,-77.58845593015225,DESPEJADO,RESIDENCIAL,INTERSECCIÓN,PLANA ,ASFALTADA,,,,,IMPRUDENCIA DEL PEATÓN,CRUCE INDEBIDO POR LA CALZADA
A-2023-11-104,28/11/2023,11:45,CHOQUE,1,0,,PIURA,PIURA,VEINTISEIS DE OCTUBRE,URBANA,AVENIDA,URBANO,NO CORRESPONDE,-5.17956956966073,-80.6778761225774,DESPEJADO,RURAL,INTERSECCIÓN,PLANA ,ASFALTADA,,,,,IMPRUDENCIA DEL CONDUCTOR,OTRO (IMPRUDENCIA DEL CONDUCTOR)
A-2023-11-52,28/11/2023,13:20,CHOQUE,1,0,2,LA LIBERTAD,VIRU,VIRU,RURAL,CARRETERA,PROVINCIAL,LI-1154,-8.444481465302472,-78.81420865324863,DESPEJADO,RURAL,TRAMO RECTO,PLANA ,AFIRMADO,,,,,IMPRUDENCIA DEL CONDUCTOR,GIRAR IMPRUDENTEMENTE
A-2023-11-144,28/11/2023,15:50,ATROPELLO,1,0,1,TACNA,CANDARAVE,CAMILACA,RURAL,CARRETERA,PROVINCIAL,TA-515,-17.320923,-70.433619,DESPEJADO,RURAL,TRAMO RECTO,PLANA ,ASFALTADA,,,,,IMPRUDENCIA DEL PEATÓN,CRUCE INDEBIDO POR LA CALZADA
A-2023-11-77,28/11/2023,19:00,CHOQUE,1,1,2,LA LIBERTAD,SANTIAGO DE CHUCO,QUIRUVILCA,RURAL,CARRETERA,NACIONAL,PE-3N,-7.993094,-78.293283,LLUVIOSO,RURAL,TRAMO RECTO,PLANA ,ASFALTADA,,,,,EN PROCESO DE INVESTIGACIÓN,NO CUENTA CON CAUSA ESPECIFICA
A-2023-11-90,29/11/2023,04:30,CHOQUE,1,2,2,AREQUIPA,CAYLLOMA,MAJES,RURAL,CARRETERA,DEPARTAMENTAL,AR-109,-16.332863,-72.166079,DESPEJADO,RURAL,TRAMO RECTO,PLANA ,ASFALTADA,NO,,,SI,EN PROCESO DE INVESTIGACIÓN,NO CUENTA CON CAUSA ESPECIFICA
A-2023-11-146,29/11/2023,04:47,ATROPELLO,1,0,1,TACNA,TACNA,SAMA,RURAL,CARRETERA,NACIONAL,PE-1S,-17.833542,-70.536717,DESPEJADO,RURAL,TRAMO RECTO,PLANA ,ASFALTADA,,,,,IMPRUDENCIA DEL PEATÓN,ESTADO DE EBRIEDAD Y/O DROGADICCIÓN
A-2023-11-150,29/11/2023,10:30,CHOQUE,1,0,,CALLAO,CALLAO,VENTANILLA,URBANA,CARRETERA,NACIONAL,PE-1N,-11.8250424,-77.1229566205,DESPEJADO,INDUSTRIAL,TRAMO RECTO,PLANA ,ASFALTADA,,,,,IMPERICIA DEL CONDUCTOR,
A-2023-11-151,29/11/2023,12:30,CHOQUE,1,2,2,PUNO,HUANCANE,PUSI,RURAL,CARRETERA,NACIONAL,PE-34H,-15.3610386,-70.0521189,DESPEJADO,RURAL,TRAMO RECTO,PLANA ,ASFALTADA,,,,,IMPRUDENCIA DEL CONDUCTOR,CONDUCIR EN SENTIDO CONTRARIO
A-2023-11-145,29/11/2023,19:30,ATROPELLO FUGA,1,0,,JUNIN,HUANCAYO,SAN JERONIMO DE TUNAN,URBANA,CARRETERA,NACIONAL,PE-3S,-11.957444,-75.276379,DESPEJADO,RURAL,TRAMO RECTO,PLANA ,ASFALTADA,NO,,,SI,EN PROCESO DE INVESTIGACIÓN,NO CUENTA CON CAUSA ESPECIFICA
A-2023-11-89,29/11/2023,21:40,DESPISTE,1,0,1,AREQUIPA,AREQUIPA,LA JOYA,URBANA,CARRETERA,NACIONAL,PE-1S,-16.5050105,-71.8224081,DESPEJADO,RESIDENCIAL,TRAMO RECTO,PLANA ,ASFALTADA,NO,,,SI,EN PROCESO DE INVESTIGACIÓN,NO CUENTA CON CAUSA ESPECIFICA
A-2023-11-54,30/11/2023,04:50,CHOQUE,1,0,2,LA LIBERTAD,VIRU,GUADALUPITO,RURAL,CARRETERA,NACIONAL,PE-1N,-8.71773,-78.636349,DESPEJADO,RURAL,TRAMO RECTO,PLANA ,ASFALTADA,,,,,IMPRUDENCIA DEL CONDUCTOR,FATIGA Y/O CANSANCIO
A-2023-11-86,30/11/2023,09:00,ATROPELLO,1,0,,JUNIN,HUANCAYO,HUAYUCACHI,URBANA,CARRETERA,NACIONAL,PE-3S,-12.122053433707189,-75.21870014405582,DESPEJADO,RESIDENCIAL,TRAMO RECTO,PLANA ,ASFALTADA,NO,,,SI,IMPRUDENCIA DEL CONDUCTOR,OTRO (IMPRUDENCIA DEL CONDUCTOR)
A-2023-11-53,30/11/2023,12:40,CHOQUE,1,0,2,LA LIBERTAD,TRUJILLO,VICTOR LARCO HERRERA,URBANA,CARRETERA,NACIONAL,PE-1N,-8.142941314344641,-79.02747500593753,DESPEJADO,INDUSTRIAL,CURVA,PLANA ,ASFALTADA,,,,,IMPRUDENCIA DEL CONDUCTOR,CONDUCIR EN ESTADO DE EBRIEDAD Y/O DROGADICCIÓN
A-2023-11-55,30/11/2023,19:30,CHOQUE,1,1,2,LA LIBERTAD,CHEPEN,CHEPEN,RURAL,CARRETERA,NACIONAL,PE-08,-7.284048866827425,-79.31384107523171,DESPEJADO,RURAL,TRAMO RECTO,PLANA ,ASFALTADA,,,,,IMPRUDENCIA DEL CONDUCTOR,DESACATO DE SEÑAL DE TRÁNSITO
A-2023-11-56,30/11/2023,19:35,ATROPELLO FUGA,1,0,,PUNO,CHUCUITO,POMATA,RURAL,CARRETERA,DEPARTAMENTAL,PU-130,-16.2931678,-69.2315312,DESPEJADO,RURAL,TRAMO RECTO,PLANA ,ASFALTADA,,,,,EN PROCESO DE INVESTIGACIÓN,NO CUENTA CON CAUSA ESPECIFICA
A-2023-12-56,01/12/2023,05:55,CHOQUE,1,0,,PASCO,PASCO,NINACACA,,CARRETERA,NACIONAL,PE-3N,-10.8936,-76.08042,,,,,,,,,,EN PROCESO DE INVESTIGACIÓN,NO CUENTA CON CAUSA ESPECIFICA
A-2023-12-163,01/12/2023,11:30,CHOQUE CON OBJETO FIJO,1,1,1,PUNO,SANDIA,SANDIA,URBANA,JIRÓN,URBANO,NO CORRESPONDE,-14.321107,-69.465885,DESPEJADO,RESIDENCIAL,TRAMO RECTO,PLANA ,ASFALTADA,,,,,IMPRUDENCIA DEL CONDUCTOR,CONDUCIR EN ESTADO DE EBRIEDAD Y/O DROGADICCIÓN
A-2023-12-28,01/12/2023,12:00,DESPISTE,1,0,,CUSCO,PAUCARTAMBO,PAUCARTAMBO,RURAL,CARRETERA,PROVINCIAL,CU-981,-13.269451,-71.619832,NUBLADO,RURAL,CURVA,PLANA ,AFIRMADO,,,,,IMPRUDENCIA DEL CONDUCTOR,OTRO (IMPRUDENCIA DEL CONDUCTOR)
A-2023-12-12,01/12/2023,19:50,CHOQUE FUGA,2,0,1,CUSCO,CALCA,LAMAY,RURAL,CARRETERA,NACIONAL,PE-28B,-13.377747,-71.916198,LLUVIOSO,RURAL,TRAMO RECTO,PLANA ,CONCRETO,NO,,,SI,IMPRUDENCIA DEL CONDUCTOR,CONDUCIR EN ESTADO DE EBRIEDAD Y/O DROGADICCIÓN
A-2023-12-36,01/12/2023,21:13,DESPISTE,1,0,1,LA LIBERTAD,PACASMAYO,GUADALUPE,RURAL,CARRETERA,NACIONAL,PE-1N,-7.259385,-79.489973,DESPEJADO,RURAL,TRAMO RECTO,PLANA ,ASFALTADA,,,,,EN PROCESO DE INVESTIGACIÓN,NO CUENTA CON CAUSA ESPECIFICA
A-2023-12-166,02/12/2023,02:30,DESPISTE,1,2,1,CAJAMARCA,CHOTA,CHOTA,RURAL,CARRETERA,NACIONAL,PE-3N,-6.6076301596672815,-78.62210422754289,DESPEJADO,RURAL,TRAMO RECTO,INCLINADA,ASFALTADA,NO,,,SI,IMPRUDENCIA DEL CONDUCTOR,OTRO (IMPRUDENCIA DEL CONDUCTOR)
A-2023-12-57,02/12/2023,07:28,ATROPELLO,1,0,,JUNIN,HUANCAYO,HUANCAYO,URBANA,CALLE,URBANO,NO CORRESPONDE,-12.071005,-75.20299,DESPEJADO,COMERCIAL,INTERSECCIÓN,PLANA ,ASFALTADA,,,,,IMPRUDENCIA DEL PEATÓN,OTRO (IMPRUDENCIA DEL PEATÓN)
A-2023-12-88,02/12/2023,16:30,DESPISTE,1,0,,LIMA,LIMA,PUENTE PIEDRA,URBANA,AVENIDA,URBANO,NO CORRESPONDE,-11.82183549,-77.10313954,DESPEJADO,RESIDENCIAL,TRAMO RECTO,INCLINADA,TROCHA,,,,,EN PROCESO DE INVESTIGACIÓN,NO CUENTA CON CAUSA ESPECIFICA
A-2023-12-37,02/12/2023,19:00,ATROPELLO,1,0,1,LA LIBERTAD,TRUJILLO,LA ESPERANZA,URBANA,AVENIDA,URBANO,NO CORRESPONDE,-8.06603606,-79.05134333,DESPEJADO,ESCOLAR,TRAMO RECTO,PLANA ,ASFALTADA,,,,,EN PROCESO DE INVESTIGACIÓN,NO CUENTA CON CAUSA ESPECIFICA
A-2023-12-89,02/12/2023,19:20,ATROPELLO,1,0,,LIMA,LIMA,CARABAYLLO,URBANA,CARRETERA,NACIONAL,PE-20A,-11.89026193,-77.04416421,DESPEJADO,COMERCIAL,INTERSECCIÓN,PLANA ,ASFALTADA,,,,,EN PROCESO DE INVESTIGACIÓN,NO CUENTA CON CAUSA ESPECIFICA