CÓDIGO SINIESTRO,FECHA SINIESTRO,HORA SINIESTRO,CLASE SINIESTRO,CANTIDAD DE FALLECIDOS,CANTIDAD DE LESIONADOS,CANTIDAD DE VEHICULOS DAÑADOS,DEPARTAMENTO,PROVINCIA,DISTRITO,ZONA,TIPO DE VÍA,RED VIAL,COD CARRETERA,COORDENADAS LATITUD,COORDENADAS  LONGITUD,CONDICIÓN CLIMÁTICA,ZONIFICACIÓN,CARACTERÍSTICAS DE VÍA,PERFIL LONGITUDINAL VÍA,SUPERFICIE DE CALZADA,¿EXISTE SEÑAL VERTICAL?,CLASIFICACIÓN DE LA SEÑAL VERTICAL Nº 1,CLASIFICACIÓN DE LA SEÑAL VERTICAL Nº 2,¿EXISTE SEÑAL HORIZONTAL?,CAUSA FACTOR PRINCIPAL,CAUSA ESPECÍFICA
A-2023-12-162,03/12/2023,04:20,CHOQUE,1,0,2,PUNO,AZANGARO,ASILLO,RURAL,CARRETERA,NACIONAL,PE-34B,-14.66751,-70.368807,DESPEJADO,RURAL,TRAMO RECTO,PLANA ,ASFALTADA,,,,,IMPRUDENCIA DEL CONDUCTOR,CONDUCIR EN ESTADO DE EBRIEDAD Y/O DROGADICCIÓN
A-2023-12-165,03/12/2023,05:00,CHOQUE FUGA,1,3,1,LIMA,HUARAL,AUCALLAMA,RURAL,CARRETERA,NACIONAL,PE-1N,-11.6287267,-77.2074235,DESPEJADO,RURAL,OTRO,INCLINADA,ASFALTADA,SI,PREVENTIVA (P),REGULADORA (R),NO,EN PROCESO DE INVESTIGACIÓN,NO CUENTA CON CAUSA ESPECIFICA
A-2023-12-38,03/12/2023,12:00,DESPISTE,1,3,1,LA LIBERTAD,SANCHEZ CARRION,CHUGAY,RURAL,CARRETERA,NACIONAL,PE-10C,-7.792644634373535,-77.77555664256874,DESPEJADO,RURAL,TRAMO RECTO,PLANA ,ASFALTADA,,,,,EN PROCESO DE INVESTIGACIÓN,NO CUENTA CON CAUSA ESPECIFICA
A-2023-12-8,03/12/2023,14:20,VOLCADURA,1,0,0,ICA,CHINCHA,EL CARMEN,RURAL,CARRETERA,SIN CLASIFICAR,SIN CLASIFICAR,-13.506284,-76.0856,DESPEJADO,RURAL,TRAMO RECTO,PLANA ,TROCHA,,,,,EN PROCESO DE INVESTIGACIÓN,NO CUENTA CON CAUSA ESPECIFICA
A-2023-12-132,03/12/2023,18:20,ATROPELLO,1,0,1,TACNA,TACNA,CIUDAD NUEVA,URBANA,AVENIDA,URBANO,NO CORRESPONDE,-17.9738389,-70.23355555555555,DESPEJADO,RESIDENCIAL,TRAMO RECTO,PLANA ,ASFALTADA,,,,,IMPRUDENCIA DEL CONDUCTOR,OTRO (IMPRUDENCIA DEL CONDUCTOR)
A-2023-12-3,03/12/2023,22:00,ATROPELLO FUGA,1,0,,SAN MARTIN,RIOJA,NUEVA CAJAMARCA,URBANA,CARRETERA,NACIONAL,PE-5N,-5.8048352,-77.3996292,DESPEJADO,COMERCIAL,TRAMO RECTO,PLANA ,ASFALTADA,,,,,EN PROCESO DE INVESTIGACIÓN,NO CUENTA CON CAUSA ESPECIFICA
A-2023-12-7,03/12/2023,23:00,DESPISTE,1,1,1,AMAZONAS,BAGUA,BAGUA,RURAL,CARRETERA,DEPARTAMENTAL,AM-101,-5.636136233,-78.51941,DESPEJADO,RURAL,TRAMO RECTO,PLANA ,ASFALTADA,,,,,EN PROCESO DE INVESTIGACIÓN,NO CUENTA CON CAUSA ESPECIFICA
A-2023-12-84,03/12/2023,23:30,CHOQUE,1,0,,PIURA,HUANCABAMBA,HUANCABAMBA,RURAL,CARRETERA,NACIONAL,PE-02A,-5.2469066,-79.454381,DESPEJADO,RURAL,TRAMO RECTO,PLANA ,ASFALTADA,,,,,EN PROCESO DE INVESTIGACIÓN,NO CUENTA CON CAUSA ESPECIFICA
A-2023-12-39,04/12/2023,00:10,DESPISTE,1,0,1,LA LIBERTAD,TRUJILLO,HUANCHACO,RURAL,CARRETERA,NACIONAL,PE-1N,-8.047964,-79.0859653,DESPEJADO,RURAL,TRAMO RECTO,PLANA ,ASFALTADA,,,,,IMPRUDENCIA DEL CONDUCTOR,CONDUCIR EN ESTADO DE EBRIEDAD Y/O DROGADICCIÓN
A-2023-12-90,04/12/2023,00:23,DESPISTE,1,0,,LIMA,LIMA,COMAS,URBANA,AVENIDA,URBANO,NO CORRESPONDE,-11.90797158,-77.04385492,DESPEJADO,ESCOLAR,TRAMO RECTO,PLANA ,ASFALTADA,SI,REGULADORA (R),,SI,EN PROCESO DE INVESTIGACIÓN,NO CUENTA CON CAUSA ESPECIFICA
A-2023-12-91,04/12/2023,02:30,ATROPELLO,1,0,,LIMA,LIMA,LOS OLIVOS,URBANA,CARRETERA,NACIONAL,PE-1N,-11.96652,-77.067755,DESPEJADO,COMERCIAL,TRAMO RECTO,PLANA ,ASFALTADA,NO,,,SI,EN PROCESO DE INVESTIGACIÓN,NO CUENTA CON CAUSA ESPECIFICA
A-2023-12-123,04/12/2023,04:30,DESPISTE,1,0,1,AYACUCHO,HUANTA,HUAMANGUILLA,RURAL,CARRETERA,PROVINCIAL,AY-646,-13.007279930018624,-74.15014007542754,DESPEJADO,RURAL,CURVA,INCLINADA,ASFALTADA,SI,PREVENTIVA (P),,NO,IMPRUDENCIA DEL CONDUCTOR,CONDUCIR EN ESTADO DE EBRIEDAD Y/O DROGADICCIÓN
A-2023-12-1,04/12/2023,10:30,CHOQUE,1,0,2,PUNO,EL COLLAO,ILAVE,RURAL,CARRETERA,NACIONAL,PE-3S,-16.134258,-69.579571,DESPEJADO,RURAL,CURVA,PLANA ,ASFALTADA,,,,,NEGLIGENCIA DEL CONDUCTOR,CONDUCIR CON FALLAS DE NEUMÁTICOS
A-2023-12-58,04/12/2023,15:10,ATROPELLO FUGA,1,0,,JUNIN,CHUPACA,CHUPACA,RURAL,CARRETERA,PROVINCIAL,JU-931,-12.064318,-75.300338,DESPEJADO,RURAL,TRAMO RECTO,PLANA ,ASFALTADA,,,,,EN PROCESO DE INVESTIGACIÓN,NO CUENTA CON CAUSA ESPECIFICA
A-2023-12-92,04/12/2023,18:30,ATROPELLO,1,0,,LIMA,LIMA,ATE,URBANA,CARRETERA,NACIONAL,PE-22,-12.006244,-76.848847,DESPEJADO,COMERCIAL,CURVA,PLANA ,ASFALTADA,,,,,EN PROCESO DE INVESTIGACIÓN,NO CUENTA CON CAUSA ESPECIFICA
A-2023-12-169,04/12/2023,20:00,DESPISTE,1,6,1,CAJAMARCA,SAN IGNACIO,LA COIPA,RURAL,CARRETERA,NACIONAL,PE-02B,-5.469562,-78.97762,DESPEJADO,RURAL,CURVA,INCLINADA,AFIRMADO,,,,,IMPRUDENCIA DEL CONDUCTOR,OTRO (IMPRUDENCIA DEL CONDUCTOR)
A-2023-12-59,04/12/2023,23:58,ATROPELLO FUGA,1,0,,JUNIN,YAULI,LA OROYA,URBANA,CARRETERA,NACIONAL,PE-22,-11.524779043009966,-75.9124270200028,DESPEJADO,RESIDENCIAL,TRAMO RECTO,PLANA ,ASFALTADA,SI,PREVENTIVA (P),,SI,EN PROCESO DE INVESTIGACIÓN,NO CUENTA CON CAUSA ESPECIFICA
A-2023-12-77,05/12/2023,07:15,ATROPELLO,1,2,2,AREQUIPA,AREQUIPA,CERRO COLORADO,URBANA,CARRETERA,NACIONAL,PE-34A,-16.382663,-71.577492,DESPEJADO,INDUSTRIAL,TRAMO RECTO,INCLINADA,ASFALTADA,,,,,EN PROCESO DE INVESTIGACIÓN,NO CUENTA CON CAUSA ESPECIFICA
A-2023-12-160,05/12/2023,08:45,CHOQUE,1,0,2,PUNO,HUANCANE,TARACO,RURAL,CARRETERA,NACIONAL,PE-34H,-15.289029,-69.947184,DESPEJADO,RURAL,TRAMO RECTO,PLANA ,ASFALTADA,,,,,IMPRUDENCIA DEL CONDUCTOR,INVASIÓN DE CARRIL
A-2023-12-82,05/12/2023,15:40,CHOQUE,1,0,,PIURA,PIURA,VEINTISEIS DE OCTUBRE,URBANA,CARRETERA,NACIONAL,PE-1N,-5.21434154339334,-80.6530346532596,DESPEJADO,RURAL,TRAMO RECTO,PLANA ,ASFALTADA,,,,,EN PROCESO DE INVESTIGACIÓN,NO CUENTA CON CAUSA ESPECIFICA
A-2023-12-153,05/12/2023,17:15,ATROPELLO,1,0,1,PUNO,AZANGARO,AZANGARO,RURAL,CARRETERA,SIN CLASIFICAR,SIN CLASIFICAR,-14.922138333048496,-70.14353690304377,DESPEJADO,RURAL,TRAMO RECTO,PLANA ,ASFALTADA,,,,,IMPRUDENCIA DEL CONDUCTOR,EXCESO DE VELOCIDAD
A-2023-12-22,05/12/2023,19:31,ATROPELLO,1,0,,CUSCO,CANCHIS,SAN PEDRO,URBANA,CARRETERA,PROVINCIAL,CU-1443,-14.188014987241557,-71.34049527285484,DESPEJADO,RESIDENCIAL,TRAMO RECTO,PLANA ,CONCRETO,,,,,IMPRUDENCIA DEL CONDUCTOR,CONDUCIR EN ESTADO DE EBRIEDAD Y/O DROGADICCIÓN
A-2023-12-60,05/12/2023,22:30,DESPISTE,1,0,,JUNIN,YAULI,LA OROYA,RURAL,CARRETERA,NACIONAL,PE-22,-11.617519,-75.983458,,,,,,,,,,EN PROCESO DE INVESTIGACIÓN,NO CUENTA CON CAUSA ESPECIFICA
A-2023-12-146,06/12/2023,12:30,ATROPELLO,1,0,,CALLAO,CALLAO,BELLAVISTA,URBANA,AVENIDA,URBANO,NO CORRESPONDE,-12.0549712002599,-77.1046262993682,DESPEJADO,COMERCIAL,TRAMO RECTO,INCLINADA,ASFALTADA,NO,,,SI,IMPRUDENCIA DEL CONDUCTOR,OTRO (IMPRUDENCIA DEL CONDUCTOR)
A-2023-12-95,06/12/2023,17:00,ATROPELLO FUGA,1,0,,LIMA,LIMA,ATE,URBANA,OTRO,URBANO,NO CORRESPONDE,-12.014912092187346,-76.88664516127183,DESPEJADO,INDUSTRIAL,INTERSECCIÓN,PLANA ,CASCAJO/RIPIO,SI,INFORMATIVA (I),,NO,EN PROCESO DE INVESTIGACIÓN,NO CUENTA CON CAUSA ESPECIFICA
A-2023-12-171,06/12/2023,23:00,VOLCADURA,2,0,1,CAJAMARCA,CONTUMAZA,CUPISNIQUE,RURAL,CARRETERA,PROVINCIAL,CA-1373,-7.348748,-79.029944,DESPEJADO,RURAL,CURVA,PLANA ,AFIRMADO,,,,,IMPRUDENCIA DEL CONDUCTOR,OTRO (IMPRUDENCIA DEL CONDUCTOR)
A-2023-12-2,07/12/2023,04:00,CHOQUE FUGA,1,0,,PUNO,PUNO,MAÑAZO,RURAL,CARRETERA,DEPARTAMENTAL,PU-122,-15.790874360629934,-70.32061636634705,DESPEJADO,RURAL,TRAMO RECTO,PLANA ,ASFALTADA,,,,,IMPRUDENCIA DEL CONDUCTOR,CONDUCIR EN ESTADO DE EBRIEDAD Y/O DROGADICCIÓN
A-2023-12-23,07/12/2023,05:10,DESPISTE,1,0,1,CUSCO,CANCHIS,PITUMARCA,RURAL,CARRETERA,DEPARTAMENTAL,CU-124,-13.965871,-71.408326,NUBLADO,RURAL,TRAMO RECTO,PLANA ,TROCHA,,,,,IMPRUDENCIA DEL CONDUCTOR,FATIGA Y/O CANSANCIO
A-2023-12-40,07/12/2023,06:00,DESPISTE,1,0,1,LA LIBERTAD,ASCOPE,CHOCOPE,RURAL,CARRETERA,NACIONAL,PE-1N,-7.786496,-79.239554,DESPEJADO,RURAL,TRAMO RECTO,PLANA ,ASFALTADA,,,,,NEGLIGENCIA DEL CONDUCTOR,OTRO (NEGLIGENCIA DEL CONDUCTOR)
A-2023-12-76,07/12/2023,07:10,CHOQUE,1,0,2,AREQUIPA,ISLAY,MOLLENDO,RURAL,CARRETERA,NACIONAL,PE-1SD,-17.030132,-71.992784,DESPEJADO,RURAL,TRAMO RECTO,INCLINADA,ASFALTADA,SI,REGULADORA (R),,SI,EN PROCESO DE INVESTIGACIÓN,NO CUENTA CON CAUSA ESPECIFICA
A-2023-12-161,07/12/2023,08:30,DESPISTE,1,2,1,PUNO,LAMPA,CALAPUJA,RURAL,CARRETERA,NACIONAL,PE-34B,-15.294564294384301,-70.22315020084868,DESPEJADO,RURAL,TRAMO RECTO,PLANA ,ASFALTADA,,,,,IMPRUDENCIA DEL CONDUCTOR,EXCESO DE VELOCIDAD
A-2023-12-167,07/12/2023,10:30,VOLCADURA,1,1,1,CAJAMARCA,SAN PABLO,SAN BERNARDINO,RURAL,CARRETERA,NACIONAL,PE-08A,-7.161975,-78.838138,DESPEJADO,RURAL,TRAMO RECTO,PLANA ,ASFALTADA,NO,,,SI,IMPRUDENCIA DEL CONDUCTOR,OTRO (IMPRUDENCIA DEL CONDUCTOR)
A-2023-12-17,07/12/2023,13:50,DESPISTE,2,0,1,PASCO,PASCO,NINACACA,RURAL,CARRETERA,DEPARTAMENTAL,PA-106,-10.6355129803478,-75.9096359778084,DESPEJADO,RURAL,TRAMO RECTO,PLANA ,TROCHA,,,,,IMPRUDENCIA DEL CONDUCTOR,FATIGA Y/O CANSANCIO
A-2023-12-158,07/12/2023,19:00,DESPISTE,1,0,1,PUNO,HUANCANE,VILQUE CHICO,RURAL,CARRETERA,SIN CLASIFICAR,SIN CLASIFICAR,-15.110003,-69.682049,DESPEJADO,RURAL,TRAMO RECTO,INCLINADA,TROCHA,,,,,IMPRUDENCIA DEL CONDUCTOR,EXCESO DE VELOCIDAD
A-2023-12-32,07/12/2023,19:10,DESPISTE,1,1,1,CUSCO,CALCA,YANATILE,RURAL,CARRETERA,PROVINCIAL,CU-750,-12.687034,-72.294879,DESPEJADO,RURAL,CURVA,INCLINADA,AFIRMADO,,,,,INFRAESTRUCTURA Y ENTORNO VIAL,OTRO (INFRAESTRUCTURA Y ENTORNO VIAL)
A-2023-12-168,07/12/2023,21:00,DESPISTE,1,2,1,CAJAMARCA,CAJAMARCA,NAMORA,RURAL,CARRETERA,NACIONAL,PE-3N,-7.187174,-78.356803,DESPEJADO,RURAL,TRAMO RECTO,INCLINADA,ASFALTADA,,,,,IMPRUDENCIA DEL CONDUCTOR,EXCESO DE VELOCIDAD
A-2023-12-93,07/12/2023,23:50,ATROPELLO,1,1,,LIMA,LIMA,VILLA EL SALVADOR,RURAL,CARRETERA,NACIONAL,PE-1S,-12.229058,-76.968159,DESPEJADO,INDUSTRIAL,TRAMO RECTO,PLANA ,ASFALTADA,NO,,,SI,EN PROCESO DE INVESTIGACIÓN,NO CUENTA CON CAUSA ESPECIFICA
A-2023-12-10,08/12/2023,05:30,CHOQUE,1,1,3,ICA,ICA,LOS AQUIJES,RURAL,CARRETERA,PROVINCIAL,IC-653,-14.09797832,-75.68375776,DESPEJADO,RURAL,TRAMO RECTO,PLANA ,ASFALTADA,,,,,EN PROCESO DE INVESTIGACIÓN,NO CUENTA CON CAUSA ESPECIFICA
A-2023-12-54,08/12/2023,17:04,ATROPELLO,1,0,1,TACNA,TACNA,CORONEL GREGORIO ALBARRACIN LANCHIPA,URBANA,AVENIDA,URBANO,NO CORRESPONDE,-18.05367,-70.242646,DESPEJADO,RESIDENCIAL,TRAMO RECTO,PLANA ,ASFALTADA,,,,,IMPRUDENCIA DEL CONDUCTOR,CONDUCIR EN ESTADO DE EBRIEDAD Y/O DROGADICCIÓN
A-2023-12-94,08/12/2023,19:15,CHOQUE,1,0,,LIMA,LIMA,LOS OLIVOS,URBANA,CARRETERA,NACIONAL,PE-1N,-11.97016,-77.067188,DESPEJADO,INDUSTRIAL,TRAMO RECTO,PLANA ,ASFALTADA,,,,,EN PROCESO DE INVESTIGACIÓN,NO CUENTA CON CAUSA ESPECIFICA
A-2023-12-75,08/12/2023,22:00,DESPISTE,5,1,1,AREQUIPA,CAYLLOMA,YANQUE,RURAL,CARRETERA,DEPARTAMENTAL,AR-109,-15.650821, -71.641526,DESPEJADO,RURAL,TRAMO RECTO,INCLINADA,ASFALTADA,NO,,,SI,EN PROCESO DE INVESTIGACIÓN,NO CUENTA CON CAUSA ESPECIFICA
A-2023-12-96,09/12/2023,04:20,ATROPELLO FUGA,1,0,,LIMA,LIMA,CARABAYLLO,URBANA,AVENIDA,URBANO,NO CORRESPONDE,-11.8753391,-77.02459206,DESPEJADO,COMERCIAL,TRAMO RECTO,PLANA ,ASFALTADA,,,,,EN PROCESO DE INVESTIGACIÓN,NO CUENTA CON CAUSA ESPECIFICA
A-2023-12-159,09/12/2023,04:30,CHOQUE,1,0,2,PUNO,LAMPA,PUCARA,RURAL,CARRETERA,NACIONAL,PE-3S,-15.096223181605325,-70.35588195391449,DESPEJADO,RURAL,TRAMO RECTO,PLANA ,ASFALTADA,,,,,IMPRUDENCIA DEL CONDUCTOR,CONDUCIR EN ESTADO DE EBRIEDAD Y/O DROGADICCIÓN
A-2023-12-14,09/12/2023,06:05,CHOQUE,1,0,2,AMAZONAS,RODRIGUEZ DE MENDOZA,SAN NICOLAS,RURAL,CARRETERA,NACIONAL,PE-08B,-6.395578,-77.479176,DESPEJADO,RURAL,INTERSECCIÓN,INCLINADA,CONCRETO,NO,,,SI,EN PROCESO DE INVESTIGACIÓN,NO CUENTA CON CAUSA ESPECIFICA
A-2023-12-85,09/12/2023,15:35,CHOQUE,1,1,,PIURA,HUANCABAMBA,CANCHAQUE,RURAL,CARRETERA,NACIONAL,PE-02A,-5.389598,-79.609396,DESPEJADO,RURAL,TRAMO RECTO,PLANA ,ASFALTADA,,,,,EN PROCESO DE INVESTIGACIÓN,NO CUENTA CON CAUSA ESPECIFICA
A-2023-12-133,09/12/2023,18:20,CHOQUE,2,17,2,TACNA,TACNA,SAMA,RURAL,CARRETERA,NACIONAL,PE-1S,-17.7888694,-70.666925,DESPEJADO,RURAL,TRAMO RECTO,PLANA ,ASFALTADA,,,,,IMPRUDENCIA DEL CONDUCTOR,CONDUCIR EN ESTADO DE EBRIEDAD Y/O DROGADICCIÓN
A-2023-12-154,09/12/2023,19:40,CHOQUE,1,0,2,PUNO,AZANGARO,AZANGARO,RURAL,CARRETERA,DEPARTAMENTAL,PU-113,-14.92251,-70.183183,DESPEJADO,RURAL,TRAMO RECTO,PLANA ,ASFALTADA,,,,,IMPRUDENCIA DEL CONDUCTOR,EXCESO DE VELOCIDAD
A-2023-12-97,09/12/2023,20:55,ATROPELLO,1,0,,LIMA,LIMA,LOS OLIVOS,URBANA,AVENIDA,URBANO,NO CORRESPONDE,-11.99063659,-77.07175319,DESPEJADO,COMERCIAL,TRAMO RECTO,PLANA ,ASFALTADA,,,,,EN PROCESO DE INVESTIGACIÓN,NO CUENTA CON CAUSA ESPECIFICA
A-2023-12-83,10/12/2023,02:20,CHOQUE,1,1,,PIURA,HUANCABAMBA,CANCHAQUE,RURAL,CARRETERA,NACIONAL,PE-02A,-5.38985374388101,-79.5994902271649,DESPEJADO,RURAL,TRAMO RECTO,PLANA ,ASFALTADA,,,,,IMPRUDENCIA DEL CONDUCTOR,INVASIÓN DE CARRIL
A-2023-12-61,10/12/2023,13:00,CHOQUE,1,0,,JUNIN,YAULI,MOROCOCHA,RURAL,CARRETERA,NACIONAL,PE-22,-11.594118,-76.092812,LLUVIOSO,RURAL,CURVA,PLANA ,ASFALTADA,NO,,,SI,EN PROCESO DE INVESTIGACIÓN,NO CUENTA CON CAUSA ESPECIFICA
A-2023-12-41,10/12/2023,14:00,CHOQUE,1,1,2,LA LIBERTAD,VIRU,GUADALUPITO,RURAL,CARRETERA,NACIONAL,PE-1N,-8.69736,-78.638,DESPEJADO,RURAL,TRAMO RECTO,PLANA ,ASFALTADA,,,,,IMPRUDENCIA DEL CONDUCTOR,OTRO (IMPRUDENCIA DEL CONDUCTOR)
A-2023-12-19,10/12/2023,16:30,CHOQUE,1,1,2,CUSCO,CHUMBIVILCAS,QUIÑOTA,RURAL,CARRETERA,NACIONAL,PE-3SG,-14.298914,-72.139453,LLUVIOSO,RURAL,CURVA,INCLINADA,ASFALTADA,SI,PREVENTIVA (P),,SI,NEGLIGENCIA DEL CONDUCTOR,OTRO (NEGLIGENCIA DEL CONDUCTOR)
A-2023-12-131,10/12/2023,21:00,DESPISTE,1,2,1,TACNA,TACNA,CORONEL GREGORIO ALBARRACIN LANCHIPA,RURAL,CARRETERA,SIN CLASIFICAR,SIN CLASIFICAR,-18.103728,-70.257703,DESPEJADO,RURAL,CURVA,INCLINADA,TROCHA,,,,,IMPRUDENCIA DEL CONDUCTOR,CONDUCIR EN ESTADO DE EBRIEDAD Y/O DROGADICCIÓN
A-2023-12-98,10/12/2023,22:40,ATROPELLO,1,0,,LIMA,LIMA,LIMA,URBANA,AVENIDA,URBANO,NO CORRESPONDE,-12.03636784,-77.05954158,DESPEJADO,COMERCIAL,INTERSECCIÓN,PLANA ,ASFALTADA,NO,,,SI,EN PROCESO DE INVESTIGACIÓN,NO CUENTA CON CAUSA ESPECIFICA
A-2023-12-20,10/12/2023,23:20,CAÍDA DE PASAJERO,1,0,,CUSCO,ANTA,ANTA,URBANA,CARRETERA,NACIONAL,PE-3S,-13.462805127658916,-72.14815721872162,DESPEJADO,COMERCIAL,TRAMO RECTO,PLANA ,ASFALTADA,SI,REGULADORA (R),,SI,IMPRUDENCIA DEL CONDUCTOR,CONDUCIR EN ESTADO DE EBRIEDAD Y/O DROGADICCIÓN
A-2023-12-170,11/12/2023,05:30,CHOQUE CON OBJETO FIJO,1,1,1,CAJAMARCA,JAEN,JAEN,RURAL,CARRETERA,NACIONAL,PE-04C,-5.887664,-78.82835,DESPEJADO,RURAL,CURVA,PLANA ,ASFALTADA,,,,,IMPRUDENCIA DEL CONDUCTOR,EXCESO DE VELOCIDAD
A-2023-12-99,11/12/2023,10:30,ATROPELLO,1,0,,LIMA,LIMA,LOS OLIVOS,URBANA,AVENIDA,URBANO,NO CORRESPONDE,-11.96125055,-77.07634762,DESPEJADO,COMERCIAL,CURVA,PLANA ,ASFALTADA,,,,,EN PROCESO DE INVESTIGACIÓN,NO CUENTA CON CAUSA ESPECIFICA
A-2023-12-141,11/12/2023,12:30,DESPISTE,1,0,1,PUNO,SAN ANTONIO DE PUTINA,SINA,RURAL,CARRETERA,PROVINCIAL,PU-597,-14.598300129735973,-69.2753080579089,DESPEJADO,RURAL,TRAMO RECTO,PLANA ,TROCHA,,,,,IMPRUDENCIA DEL CONDUCTOR,OTRO (IMPRUDENCIA DEL CONDUCTOR)
A-2023-12-74,11/12/2023,14:00,DESPISTE,1,1,1,AREQUIPA,AREQUIPA,YURA,RURAL,CARRETERA,PROVINCIAL,AR-706,-16.24224,-71.738126,DESPEJADO,RURAL,TRAMO RECTO,INCLINADA,TROCHA,,,,,EN PROCESO DE INVESTIGACIÓN,NO CUENTA CON CAUSA ESPECIFICA
A-2023-12-100,11/12/2023,18:20,ATROPELLO,1,0,,LIMA,LIMA,COMAS,URBANA,AVENIDA,URBANO,NO CORRESPONDE,-11.94011587,-77.05954281,DESPEJADO,COMERCIAL,INTERSECCIÓN,PLANA ,ASFALTADA,SI,PREVENTIVA (P),INFORMATIVA (I),NO,EN PROCESO DE INVESTIGACIÓN,NO CUENTA CON CAUSA ESPECIFICA
A-2023-12-155,12/12/2023,03:00,VOLCADURA,1,1,1,PUNO,CARABAYA,MACUSANI,RURAL,CARRETERA,NACIONAL,PE-34B,-14.0553679,-70.43943277,DESPEJADO,RURAL,TRAMO RECTO,PLANA ,ASFALTADA,,,,,IMPRUDENCIA DEL CONDUCTOR,EXCESO DE VELOCIDAD
A-2023-12-24,12/12/2023,07:30,FERROVIARIO,1,0,,CUSCO,CUSCO,CUSCO,URBANA,OTRO,URBANO,NO CORRESPONDE,-13.50347775095295,-72.02330530357915,LLUVIOSO,RESIDENCIAL,TRAMO RECTO,PLANA ,CASCAJO/RIPIO,,,,,IMPRUDENCIA DEL PEATÓN,CRUCE INDEBIDO POR LA CALZADA
A-2023-12-78,12/12/2023,08:00,DESPISTE,1,1,1,LIMA,HUAURA,SAYAN,RURAL,CARRETERA,NACIONAL,PE-18,-11.16081,-77.30128,SOLEADO,RURAL,TRAMO RECTO,PLANA ,ASFALTADA,,,,,EN PROCESO DE INVESTIGACIÓN,NO CUENTA CON CAUSA ESPECIFICA
A-2023-12-101,12/12/2023,10:00,ATROPELLO,1,0,,LIMA,LIMA,VILLA MARIA DEL TRIUNFO,URBANA,AVENIDA,URBANO,NO CORRESPONDE,-12.14289611,-76.95388416,DESPEJADO,RESIDENCIAL,TRAMO RECTO,INCLINADA,ASFALTADA,,,,,EN PROCESO DE INVESTIGACIÓN,NO CUENTA CON CAUSA ESPECIFICA
A-2023-12-42,12/12/2023,15:00,CHOQUE,1,1,2,LA LIBERTAD,VIRU,CHAO,RURAL,CARRETERA,NACIONAL,PE-1N,-8.540948,-78.675924,DESPEJADO,RURAL,TRAMO RECTO,PLANA ,ASFALTADA,,,,,IMPRUDENCIA DEL CONDUCTOR,OTRO (IMPRUDENCIA DEL CONDUCTOR)
A-2023-12-134,12/12/2023,19:10,ATROPELLO FUGA,1,0,0,TACNA,TACNA,SAMA,RURAL,CARRETERA,NACIONAL,PE-1S,-17.878577835166208,-70.44786570530901,DESPEJADO,RURAL,TRAMO RECTO,PLANA ,ASFALTADA,,,,,EN PROCESO DE INVESTIGACIÓN,NO CUENTA CON CAUSA ESPECIFICA
A-2023-12-152,13/12/2023,10:10,DESPISTE,1,1,1,PUNO,CARABAYA,CRUCERO,RURAL,CARRETERA,NACIONAL,PE-34K,-14.352796,-70.081775,DESPEJADO,RURAL,TRAMO RECTO,PLANA ,ASFALTADA,,,,,IMPRUDENCIA DEL CONDUCTOR,EXCESO DE VELOCIDAD
A-2023-12-129,13/12/2023,18:30,CHOQUE,3,0,2,TACNA,JORGE BASADRE,ITE,RURAL,CARRETERA,NACIONAL,PE-1SD,-17.877327,-71.020774,DESPEJADO,RURAL,TRAMO RECTO,PLANA ,ASFALTADA,,,,,IMPRUDENCIA DEL CONDUCTOR,OTRO (IMPRUDENCIA DEL CONDUCTOR)
A-2023-12-62,14/12/2023,04:00,CHOQUE,1,2,,JUNIN,JUNIN,JUNIN,RURAL,CARRETERA,NACIONAL,PE-3N,-11.2148215,-75.9486199,,,,,,,,,,EN PROCESO DE INVESTIGACIÓN,NO CUENTA CON CAUSA ESPECIFICA
A-2023-12-103,14/12/2023,05:45,CHOQUE,2,1,,LIMA,LIMA,SAN BARTOLO,RURAL,CARRETERA,NACIONAL,PE-1S,-12.393781,-76.761351,DESPEJADO,RURAL,TRAMO RECTO,INCLINADA,ASFALTADA,,,,,EN PROCESO DE INVESTIGACIÓN,NO CUENTA CON CAUSA ESPECIFICA
A-2023-12-102,14/12/2023,06:30,DESPISTE,3,8,,LIMA,LIMA,LURIN,RURAL,CARRETERA,NACIONAL,PE-1S,-12.251733,-76.92881,DESPEJADO,INDUSTRIAL,TRAMO RECTO,PLANA ,ASFALTADA,,,,,EN PROCESO DE INVESTIGACIÓN,NO CUENTA CON CAUSA ESPECIFICA
A-2023-12-124,14/12/2023,12:43,CHOQUE,1,0,2,AYACUCHO,HUAMANGA,SAN JUAN BAUTISTA,URBANA,AVENIDA,URBANO,NO CORRESPONDE,-13.174876,-74.196616,DESPEJADO,RESIDENCIAL,TRAMO RECTO,INCLINADA,ASFALTADA,,,,,IMPRUDENCIA DEL CONDUCTOR,CONDUCIR EN ESTADO DE EBRIEDAD Y/O DROGADICCIÓN
A-2023-12-73,14/12/2023,13:30,CHOQUE,6,0,2,AREQUIPA,CAYLLOMA,SAN ANTONIO DE CHUCA,RURAL,CARRETERA,NACIONAL,PE-34A,-15.811953,-71.063505,DESPEJADO,RURAL,TRAMO RECTO,PLANA ,ASFALTADA,NO,,,SI,EN PROCESO DE INVESTIGACIÓN,NO CUENTA CON CAUSA ESPECIFICA