CÓDIGO SINIESTRO,FECHA SINIESTRO,HORA SINIESTRO,CLASE SINIESTRO,CANTIDAD DE FALLECIDOS,CANTIDAD DE LESIONADOS,CANTIDAD DE VEHICULOS DAÑADOS,DEPARTAMENTO,PROVINCIA,DISTRITO,ZONA,TIPO DE VÍA,RED VIAL,COD CARRETERA,COORDENADAS LATITUD,COORDENADAS  LONGITUD,CONDICIÓN CLIMÁTICA,ZONIFICACIÓN,CARACTERÍSTICAS DE VÍA,PERFIL LONGITUDINAL VÍA,SUPERFICIE DE CALZADA,¿EXISTE SEÑAL VERTICAL?,CLASIFICACIÓN DE LA SEÑAL VERTICAL Nº 1,CLASIFICACIÓN DE LA SEÑAL VERTICAL Nº 2,¿EXISTE SEÑAL HORIZONTAL?,CAUSA FACTOR PRINCIPAL,CAUSA ESPECÍFICA
A-2024-06-26,27/06/2024,16:00,CHOQUE,1,0,1,TUMBES,TUMBES,LA CRUZ,RURAL,CARRETERA,NACIONAL,PE-1N,-3.6239269134544583,-80.56110268836153,DESPEJADO,RURAL,TRAMO RECTO,PLANA ,ASFALTADA,,,,,IMPRUDENCIA DEL CONDUCTOR,OTRO (IMPRUDENCIA DEL CONDUCTOR)
A-2024-06-79,27/06/2024,17:00,DESPISTE,1,0,,ICA,PISCO,HUMAY,RURAL,CARRETERA,PROVINCIAL,IC-574,-13.735702,-75.97091,DESPEJADO,RURAL,TRAMO RECTO,PLANA ,TROCHA,,,,,EN PROCESO DE INVESTIGACIÓN,NO CUENTA CON CAUSA ESPECIFICA
A-2024-06-131,27/06/2024,21:00,ATROPELLO,1,0,,LIMA,LIMA,ATE,URBANA,AVENIDA,URBANO,NO CORRESPONDE,-12.012445927509834,-76.83954775196847,DESPEJADO,RESIDENCIAL,INTERSECCIÓN,PLANA ,ASFALTADA,,,,,EN PROCESO DE INVESTIGACIÓN,NO CUENTA CON CAUSA ESPECIFICA
A-2024-06-36,28/06/2024,03:35,DESPISTE,1,1,1,LA LIBERTAD,PACASMAYO,GUADALUPE,RURAL,CARRETERA,NACIONAL,PE-1N,-7.2482344207,-79.4738378947,DESPEJADO,RURAL,TRAMO RECTO,PLANA ,ASFALTADA,,,,,EN PROCESO DE INVESTIGACIÓN,NO CUENTA CON CAUSA ESPECIFICA
A-2024-06-124,28/06/2024,05:30,ESPECIAL,1,0,1,CAJAMARCA,JAEN,JAEN,RURAL,CARRETERA,NACIONAL,PE-5N,-5.79361592012753,-78.7248286971669,DESPEJADO,RURAL,TRAMO RECTO,PLANA ,ASFALTADA,,,,,EN PROCESO DE INVESTIGACIÓN,NO CUENTA CON CAUSA ESPECIFICA
A-2024-06-86,28/06/2024,17:25,DESPISTE,1,1,1,LIMA,HUARAL,PACARAOS,RURAL,CARRETERA,NACIONAL,PE-20C,-11.1273699511331,-76.6262919712432,DESPEJADO,RURAL,CURVA,INCLINADA,ASFALTADA,,,,,IMPRUDENCIA DEL CONDUCTOR,EXCESO DE VELOCIDAD
A-2024-06-62,29/06/2024,02:30,CHOQUE CON OBJETO FIJO,2,0,1,AYACUCHO,HUAMANGA,TAMBILLO,URBANA,AVENIDA,URBANO,NO CORRESPONDE,-13.1714627982185,-74.163733709001,DESPEJADO,RESIDENCIAL,TRAMO RECTO,INCLINADA,CONCRETO,SI,PREVENTIVA (P),,NO,IMPRUDENCIA DEL CONDUCTOR,CONDUCIR EN ESTADO DE EBRIEDAD Y/O DROGADICCIÓN
A-2024-06-59,29/06/2024,06:30,DESPISTE,1,1,1,CUSCO,CHUMBIVILCAS,VELILLE,RURAL,CARRETERA,NACIONAL,PE-3SG,-14.587728,-71.732388,DESPEJADO,RURAL,CURVA,PLANA ,ASFALTADA,,,,,IMPRUDENCIA DEL CONDUCTOR,GIRAR IMPRUDENTEMENTE
A-2024-06-32,29/06/2024,18:20,ATROPELLO FUGA,1,0,,PUNO,EL COLLAO,ILAVE,URBANA,AVENIDA,URBANO,NO CORRESPONDE,-16.0852937,-69.6415498,DESPEJADO,COMERCIAL,TRAMO RECTO,PLANA ,ASFALTADA,,,,,IMPRUDENCIA DEL PEATÓN,CRUCE INDEBIDO POR LA CALZADA
A-2024-06-31,29/06/2024,18:30,ATROPELLO,1,0,,PUNO,PUNO,PUNO,URBANA,CARRETERA,NACIONAL,PE-3S,-15.8631607,-69.9995871,,,,,,,,,,IMPRUDENCIA DEL CONDUCTOR,OTRO (IMPRUDENCIA DEL CONDUCTOR)
A-2024-06-63,29/06/2024,21:30,DESPISTE,1,1,1,AYACUCHO,HUAMANGA,AYACUCHO,RURAL,CARRETERA,PROVINCIAL,AY-781,-13.090232,-74.233856,DESPEJADO,RURAL,CURVA,INCLINADA,TROCHA,SI,PREVENTIVA (P),,NO,IMPRUDENCIA DEL CONDUCTOR,OTRO (IMPRUDENCIA DEL CONDUCTOR)
A-2024-06-132,30/06/2024,01:15,CAÍDA DE PASAJERO,1,0,,LIMA,LIMA,SAN MARTIN DE PORRES,URBANA,CALLE,URBANO,NO CORRESPONDE,-11.985782522432993,-77.11183486307169,DESPEJADO,RESIDENCIAL,TRAMO RECTO,PLANA ,ASFALTADA,,,,,EN PROCESO DE INVESTIGACIÓN,NO CUENTA CON CAUSA ESPECIFICA
A-2024-06-28,30/06/2024,08:00,DESPISTE,1,2,1,TUMBES,CONTRALMIRANTE VILLAR,CASITAS,RURAL,CARRETERA,DEPARTAMENTAL,TU-105,-3.9613212641198534,-80.66078392398606,DESPEJADO,RURAL,TRAMO RECTO,PLANA ,ASFALTADA,,,,,NEGLIGENCIA DEL CONDUCTOR,CONDUCIR CON FALLAS ELÉCTRICAS
A-2024-06-82,30/06/2024,18:45,CHOQUE,1,1,2,ICA,ICA,SANTIAGO,URBANA,CARRETERA,NACIONAL,PE-1S,-14.3853332372313,-75.6128595946749,DESPEJADO,RESIDENCIAL,TRAMO RECTO,PLANA ,ASFALTADA,,,,,EN PROCESO DE INVESTIGACIÓN,NO CUENTA CON CAUSA ESPECIFICA
A-2024-06-37,30/06/2024,19:00,DESPISTE,1,0,1,LA LIBERTAD,PACASMAYO,JEQUETEPEQUE,RURAL,CARRETERA,PROVINCIAL,LI-565,-7.3305164201,-79.5594441966,DESPEJADO,RURAL,TRAMO RECTO,PLANA ,ASFALTADA,,,,,EN PROCESO DE INVESTIGACIÓN,NO CUENTA CON CAUSA ESPECIFICA
A-2024-06-123,30/06/2024,20:00,CHOQUE,2,3,2,CAJAMARCA,CONTUMAZA,YONAN,RURAL,CARRETERA,NACIONAL,PE-08,-7.24975902072971,-79.2298927873544,DESPEJADO,RURAL,TRAMO RECTO,PLANA ,ASFALTADA,,,,,IMPRUDENCIA DEL CONDUCTOR,CONDUCIR EN ESTADO DE EBRIEDAD Y/O DROGADICCIÓN
A-2024-06-133,30/06/2024,20:00,ATROPELLO,1,0,,LIMA,LIMA,LURIN,URBANA,CARRETERA,NACIONAL,PE-1S,-12.297232639462726,-76.8550983925017,DESPEJADO,RESIDENCIAL,TRAMO RECTO,PLANA ,ASFALTADA,,,,,EN PROCESO DE INVESTIGACIÓN,NO CUENTA CON CAUSA ESPECIFICA
A-2024-06-80,30/06/2024,21:30,CHOQUE FUGA,1,0,,AREQUIPA,AREQUIPA,YURA,RURAL,CARRETERA,NACIONAL,PE-34A,-16.057878,-71.414583,SOLEADO,RURAL,TRAMO RECTO,PLANA ,ASFALTADA,,,,,EN PROCESO DE INVESTIGACIÓN,NO CUENTA CON CAUSA ESPECIFICA
A-2024-07-39,01/07/2024,05:50,CHOQUE,2,2,2,LIMA,HUAURA,HUACHO,RURAL,CARRETERA,NACIONAL,PE-1N,-11.20513,-77.5615,DESPEJADO,RURAL,TRAMO RECTO,PLANA ,ASFALTADA,SI,PREVENTIVA (P),,NO,IMPRUDENCIA DEL CONDUCTOR,CONDUCIR EN ESTADO DE EBRIEDAD Y/O DROGADICCIÓN
A-2024-07-2,01/07/2024,11:00,DESPISTE,1,0,1,HUANCAVELICA,ACOBAMBA,MARCAS,RURAL,CARRETERA,NACIONAL,PE-3SM,-12.870891694931505,-74.37912570631215,SOLEADO,RURAL,TRAMO RECTO,INCLINADA,ASFALTADA,,,,,EN PROCESO DE INVESTIGACIÓN,NO CUENTA CON CAUSA ESPECIFICA
A-2024-07-50,02/07/2024,12:30,ATROPELLO,1,0,1,CUSCO,ANTA,ANCAHUASI,RURAL,CARRETERA,NACIONAL,PE-3S,-13.479107,-72.271813,DESPEJADO,RURAL,TRAMO RECTO,PLANA ,ASFALTADA,SI,PREVENTIVA (P),,NO,IMPRUDENCIA DEL PEATÓN,CRUCE INDEBIDO POR LA CALZADA
A-2024-07-79,02/07/2024,20:00,CHOQUE FUGA,1,1,2,ICA,NASCA,NASCA,URBANA,CARRETERA,NACIONAL,PE-1S,-14.871135,-74.988225,DESPEJADO,COMERCIAL,TRAMO RECTO,PLANA ,ASFALTADA,,,,,EN PROCESO DE INVESTIGACIÓN,NO CUENTA CON CAUSA ESPECIFICA
A-2024-07-91,03/07/2024,04:15,ATROPELLO FUGA,1,0,,LIMA,LIMA,PUENTE PIEDRA,URBANA,AVENIDA,URBANO,NO CORRESPONDE,-11.8409078045671,-77.1142403677208,DESPEJADO,INDUSTRIAL,TRAMO RECTO,PLANA ,ASFALTADA,,,,,EN PROCESO DE INVESTIGACIÓN,NO CUENTA CON CAUSA ESPECIFICA
A-2024-07-8,03/07/2024,12:35,DESPISTE,1,0,1,SAN MARTIN,MOYOBAMBA,MOYOBAMBA,URBANA,JIRÓN,URBANO,NO CORRESPONDE,-6.035303,-76.978218,DESPEJADO,RESIDENCIAL,INTERSECCIÓN,PLANA ,ASFALTADA,,,,,IMPRUDENCIA DEL CONDUCTOR,OTRO (IMPRUDENCIA DEL CONDUCTOR)
A-2024-07-85,03/07/2024,17:20,CAÍDA DE PASAJERO,1,0,,APURIMAC,ANDAHUAYLAS,HUANCARAMA,RURAL,CARRETERA,PROVINCIAL,AP-597,-13.64915786,-73.08241309,DESPEJADO,RURAL,TRAMO RECTO,PLANA ,AFIRMADO,,,,,EN PROCESO DE INVESTIGACIÓN,NO CUENTA CON CAUSA ESPECIFICA
A-2024-07-19,03/07/2024,19:05,CHOQUE,1,0,1,LA LIBERTAD,ASCOPE,CHOCOPE,RURAL,CARRETERA,NACIONAL,PE-1N,-7.774306040286194,-79.25360774773131,DESPEJADO,RURAL,TRAMO RECTO,PLANA ,ASFALTADA,,,,,EN PROCESO DE INVESTIGACIÓN,NO CUENTA CON CAUSA ESPECIFICA
A-2024-07-97,04/07/2024,04:30,CAÍDA DE PASAJERO,1,0,1,CAJAMARCA,CUTERVO,QUEROCOTILLO,RURAL,CARRETERA,PROVINCIAL,CA-824,-6.170657,-79.018362,DESPEJADO,RURAL,CURVA,INCLINADA,ASFALTADA,,,,,IMPRUDENCIA DEL CONDUCTOR,OTRO (IMPRUDENCIA DEL CONDUCTOR)
A-2024-07-107,04/07/2024,15:40,DESPISTE,1,0,,LIMA,LIMA,SAN JUAN DE LURIGANCHO,URBANA,AVENIDA,URBANO,NO CORRESPONDE,-11.921401347187532,-76.96084320498774,DESPEJADO,RESIDENCIAL,TRAMO RECTO,PLANA ,ASFALTADA,,,,,EN PROCESO DE INVESTIGACIÓN,NO CUENTA CON CAUSA ESPECIFICA
A-2024-07-106,04/07/2024,16:40,ATROPELLO,1,0,,LIMA,LIMA,PUENTE PIEDRA,URBANA,CALLE,URBANO,NO CORRESPONDE,-11.870448199694373,-77.06469975319628,DESPEJADO,RESIDENCIAL,TRAMO RECTO,PLANA ,TROCHA,,,,,EN PROCESO DE INVESTIGACIÓN,NO CUENTA CON CAUSA ESPECIFICA
A-2024-07-1,04/07/2024,18:10,ATROPELLO,1,0,,CALLAO,CALLAO,CARMEN DE LA LEGUA REYNOSO,URBANA,AVENIDA,URBANO,NO CORRESPONDE,-12.0401285051537,-77.0934826487524,DESPEJADO,RESIDENCIAL,TRAMO RECTO,PLANA ,ASFALTADA,,,,,IMPRUDENCIA DEL CONDUCTOR,OTRO (IMPRUDENCIA DEL CONDUCTOR)
A-2024-07-108,04/07/2024,21:41,CHOQUE,1,0,,LIMA,LIMA,SURQUILLO,URBANA,AVENIDA,URBANO,NO CORRESPONDE,-12.105387316040499,-77.01780925597792,DESPEJADO,COMERCIAL,INTERSECCIÓN,PLANA ,ASFALTADA,SI,PREVENTIVA (P),,SI,EN PROCESO DE INVESTIGACIÓN,NO CUENTA CON CAUSA ESPECIFICA
A-2024-07-3,04/07/2024,21:45,CHOQUE,1,2,2,PUNO,CHUCUITO,ZEPITA,RURAL,CARRETERA,NACIONAL,PE-3S,-16.460345,-69.138111,DESPEJADO,RURAL,TRAMO RECTO,PLANA ,ASFALTADA,,,,,IMPRUDENCIA DEL CONDUCTOR,OTRO (IMPRUDENCIA DEL CONDUCTOR)
A-2024-07-4,05/07/2024,14:30,ATROPELLO FUGA,1,0,,PUNO,EL COLLAO,ILAVE,RURAL,CARRETERA,PROVINCIAL,PU-1160,-16.025852,-69.490229,,,,,,,,,,EN PROCESO DE INVESTIGACIÓN,NO CUENTA CON CAUSA ESPECIFICA
A-2024-07-63,05/07/2024,16:20,CHOQUE CON OBJETO FIJO,1,0,,AREQUIPA,AREQUIPA,PAUCARPATA,RURAL,AVENIDA,URBANO,NO CORRESPONDE,-16.4109523452725,-71.5135675096222,SOLEADO,RURAL,INTERSECCIÓN,PLANA ,ASFALTADA,,,,,EN PROCESO DE INVESTIGACIÓN,NO CUENTA CON CAUSA ESPECIFICA
A-2024-07-5,05/07/2024,19:30,ATROPELLO,1,0,1,PUNO,EL COLLAO,ILAVE,RURAL,CARRETERA,NACIONAL,PE-38A,-16.0934809,-69.6263869,DESPEJADO,RURAL,TRAMO RECTO,PLANA ,ASFALTADA,,,,,IMPRUDENCIA DEL PEATÓN,CRUCE INDEBIDO POR LA CALZADA
A-2024-07-109,05/07/2024,20:30,ATROPELLO,1,0,,LIMA,LIMA,VILLA EL SALVADOR,URBANA,AVENIDA,URBANO,NO CORRESPONDE,-12.211305041510728,-76.94464264628972,DESPEJADO,COMERCIAL,INTERSECCIÓN,PLANA ,ASFALTADA,,,,,EN PROCESO DE INVESTIGACIÓN,NO CUENTA CON CAUSA ESPECIFICA
A-2024-07-110,06/07/2024,12:50,ATROPELLO,1,0,,LIMA,LIMA,VILLA MARIA DEL TRIUNFO,URBANA,AVENIDA,URBANO,NO CORRESPONDE,-12.140738445627314,-76.94873884564066,DESPEJADO,COMERCIAL,TRAMO RECTO,INCLINADA,ASFALTADA,,,,,EN PROCESO DE INVESTIGACIÓN,NO CUENTA CON CAUSA ESPECIFICA
A-2024-07-49,06/07/2024,22:30,DESPISTE,3,0,1,CUSCO,PAUCARTAMBO,KOSÑIPATA,RURAL,CARRETERA,DEPARTAMENTAL,CU-113,-13.079605,-71.559882,DESPEJADO,RURAL,CURVA,PLANA ,AFIRMADO,,,,,IMPRUDENCIA DEL CONDUCTOR,FATIGA Y/O CANSANCIO
A-2024-07-61,07/07/2024,03:00,DESPISTE,1,4,1,CUSCO,CHUMBIVILCAS,SANTO TOMAS,URBANA,CARRETERA,NACIONAL,PE-3SG,-14.470243,-72.097836,DESPEJADO,RURAL,TRAMO RECTO,PLANA ,AFIRMADO,,,,,IMPRUDENCIA DEL CONDUCTOR,OTRO (IMPRUDENCIA DEL CONDUCTOR)
A-2024-07-11,07/07/2024,04:00,DESPISTE,1,1,1,HUANCAVELICA,ACOBAMBA,ACOBAMBA,RURAL,CARRETERA,NACIONAL,PE-3SM,-12.804602564283423,-74.58363349564864,DESPEJADO,RURAL,TRAMO RECTO,PLANA ,ASFALTADA,,,,,EN PROCESO DE INVESTIGACIÓN,NO CUENTA CON CAUSA ESPECIFICA
A-2024-07-35,07/07/2024,04:00,CHOQUE FUGA,1,1,2,TUMBES,ZARUMILLA,ZARUMILLA,URBANA,CARRETERA,NACIONAL,PE-1NO,-3.4922005695280047,-80.26855400224463,DESPEJADO,RURAL,TRAMO RECTO,PLANA ,ASFALTADA,,,,,IMPRUDENCIA DEL CONDUCTOR,CONDUCIR EN ESTADO DE EBRIEDAD Y/O DROGADICCIÓN
A-2024-07-6,07/07/2024,11:40,ATROPELLO,1,0,1,PUNO,EL COLLAO,ILAVE,RURAL,CARRETERA,PROVINCIAL,PU-1153,-16.01711,-69.576786,DESPEJADO,RURAL,TRAMO RECTO,PLANA ,ASFALTADA,,,,,IMPRUDENCIA DEL PEATÓN,CRUCE INDEBIDO POR LA CALZADA
A-2024-07-92,07/07/2024,13:30,ATROPELLO,1,0,1,CAJAMARCA,SAN IGNACIO,SAN IGNACIO,URBANA,JIRÓN,URBANO,NO CORRESPONDE,-5.143478,-79.000694,DESPEJADO,ESCOLAR,CURVA,INCLINADA,CONCRETO,,,,,IMPRUDENCIA DEL PEATÓN,ESTADO DE EBRIEDAD Y/O DROGADICCIÓN
A-2024-07-7,07/07/2024,15:40,ATROPELLO,1,0,1,PUNO,PUNO,CAPACHICA,RURAL,CARRETERA,DEPARTAMENTAL,PU-119,-15.63410904658044,-69.83268881343423,DESPEJADO,RURAL,TRAMO RECTO,PLANA ,ASFALTADA,,,,,IMPRUDENCIA DEL PEATÓN,CRUCE INDEBIDO POR LA CALZADA
A-2024-07-78,07/07/2024,17:00,DESPISTE,1,3,1,AYACUCHO,LUCANAS,LLAUTA,RURAL,CARRETERA,DEPARTAMENTAL,AY-111,-14.2300181904324,-74.8947654455861,DESPEJADO,RURAL,SINUOSA,INCLINADA,TROCHA,,,,,EN PROCESO DE INVESTIGACIÓN,NO CUENTA CON CAUSA ESPECIFICA
A-2024-07-62,07/07/2024,19:30,ATROPELLO,1,0,0,CUSCO,PARURO,CCAPI,RURAL,CARRETERA,PROVINCIAL,CU-1526,-13.894644,-72.039359,DESPEJADO,RURAL,TRAMO RECTO,PLANA ,AFIRMADO,,,,,IMPRUDENCIA DEL PEATÓN,DESACATO DE SEÑAL DE TRÁNSITO
A-2024-07-20,07/07/2024,20:40,ATROPELLO,1,0,1,LA LIBERTAD,PATAZ,PATAZ,RURAL,CARRETERA,DEPARTAMENTAL,LI-124,-7.8210419787,-77.6397806089,DESPEJADO,RURAL,TRAMO RECTO,PLANA ,TROCHA,,,,,EN PROCESO DE INVESTIGACIÓN,NO CUENTA CON CAUSA ESPECIFICA
A-2024-07-93,08/07/2024,06:20,CHOQUE,2,0,2,CAJAMARCA,JAEN,JAEN,URBANA,CARRETERA,NACIONAL,PE-5N,-5.677865,-78.780607,DESPEJADO,COMERCIAL,TRAMO RECTO,INCLINADA,ASFALTADA,SI,PREVENTIVA (P),,NO,IMPRUDENCIA DEL CONDUCTOR,EXCESO DE VELOCIDAD
A-2024-07-99,08/07/2024,07:00,DESPISTE,1,3,1,CAJAMARCA,CAJABAMBA,SITACOCHA,RURAL,CARRETERA,SIN CLASIFICAR,SIN CLASIFICAR,-7.365094,-77.921702,DESPEJADO,RURAL,TRAMO RECTO,PLANA ,AFIRMADO,,,,,IMPRUDENCIA DEL CONDUCTOR,OTRO (IMPRUDENCIA DEL CONDUCTOR)
A-2024-07-88,08/07/2024,12:45,CHOQUE FUGA,1,0,,UCAYALI,CORONEL PORTILLO,YARINACOCHA,URBANA,CARRETERA,NACIONAL,PE-18C,-8.388407275047218,-74.5649867593487,DESPEJADO,COMERCIAL,INTERSECCIÓN,PLANA ,CONCRETO,,,,,IMPRUDENCIA DEL CONDUCTOR,OTRO (IMPRUDENCIA DEL CONDUCTOR)
A-2024-07-95,08/07/2024,15:00,VOLCADURA,1,0,1,CAJAMARCA,CAJAMARCA,CAJAMARCA,RURAL,CARRETERA,NACIONAL,PE-08,-7.238167,-78.477142,DESPEJADO,RURAL,CURVA,INCLINADA,ASFALTADA,,,,,IMPRUDENCIA DEL CONDUCTOR,EXCESO DE VELOCIDAD
A-2024-07-58,08/07/2024,15:30,CHOQUE,1,21,2,CUSCO,CUSCO,SANTIAGO,RURAL,CARRETERA,DEPARTAMENTAL,CU-117,-13.613334617929457,-71.94540188018637,DESPEJADO,RURAL,TRAMO RECTO,PLANA ,ASFALTADA,,,,,IMPRUDENCIA DEL CONDUCTOR,INVASIÓN DE CARRIL
A-2024-07-57,08/07/2024,17:00,ATROPELLO FUGA,1,0,0,CUSCO,CHUMBIVILCAS,CHAMACA,RURAL,CARRETERA,NACIONAL,PE-3SY,-14.365861,-71.97692,DESPEJADO,RURAL,TRAMO RECTO,PLANA ,ASFALTADA,,,,,IMPRUDENCIA DEL CONDUCTOR,OTRO (IMPRUDENCIA DEL CONDUCTOR)
A-2024-07-16,08/07/2024,20:30,CHOQUE,1,1,2,SAN MARTIN,RIOJA,NUEVA CAJAMARCA,URBANA,CARRETERA,NACIONAL,PE-5N,-5.8122,-77.390418,DESPEJADO,RESIDENCIAL,TRAMO RECTO,PLANA ,ASFALTADA,,,,,IMPRUDENCIA DEL CONDUCTOR,OTRO (IMPRUDENCIA DEL CONDUCTOR)
A-2024-07-111,08/07/2024,20:45,ATROPELLO,1,0,,LIMA,LIMA,SAN JUAN DE LURIGANCHO,URBANA,AVENIDA,URBANO,NO CORRESPONDE,-11.923019149931665,-76.96034636696854,DESPEJADO,COMERCIAL,TRAMO RECTO,PLANA ,ASFALTADA,,,,,EN PROCESO DE INVESTIGACIÓN,NO CUENTA CON CAUSA ESPECIFICA
A-2024-07-36,08/07/2024,20:45,DESPISTE,1,1,1,TUMBES,ZARUMILLA,ZARUMILLA,URBANA,CARRETERA,NACIONAL,PE-1NO,-3.4977822395285343,-80.27516424452169,DESPEJADO,ESCOLAR,TRAMO RECTO,PLANA ,ASFALTADA,,,,,IMPRUDENCIA DEL CONDUCTOR,OTRO (IMPRUDENCIA DEL CONDUCTOR)
A-2024-07-51,09/07/2024,12:00,DESPISTE,2,2,1,CUSCO,QUISPICANCHI,ANDAHUAYLILLAS,RURAL,CARRETERA,NACIONAL,PE-3S,-13.665202,-71.679549,DESPEJADO,RURAL,CURVA,PLANA ,ASFALTADA,SI,PREVENTIVA (P),PREVENTIVA (P),NO,NEGLIGENCIA DEL CONDUCTOR,OTRO (NEGLIGENCIA DEL CONDUCTOR)
A-2024-07-72,09/07/2024,13:40,DESPISTE,2,0,1,ICA,CHINCHA,TAMBO DE MORA,RURAL,CARRETERA,NACIONAL,PE-1SE,-13.43467031,-76.18163258,DESPEJADO,RURAL,TRAMO RECTO,PLANA ,ASFALTADA,,,,,IMPRUDENCIA DEL CONDUCTOR,OTRO (IMPRUDENCIA DEL CONDUCTOR)
A-2024-07-86,09/07/2024,18:40,CHOQUE FUGA,1,0,,APURIMAC,CHINCHEROS,ANCO_HUALLO,URBANA,CARRETERA,NACIONAL,PE-3S,-13.54140725,-73.66316029,DESPEJADO,RURAL,CURVA,INCLINADA,AFIRMADO,,,,,IMPRUDENCIA DEL CONDUCTOR,EXCESO DE VELOCIDAD
A-2024-07-112,10/07/2024,00:00,ATROPELLO,1,0,,LIMA,LIMA,LURIN,URBANA,CARRETERA,NACIONAL,PE-1S,-12.257469943402944,-76.91963593457477,DESPEJADO,INDUSTRIAL,TRAMO RECTO,PLANA ,ASFALTADA,,,,,EN PROCESO DE INVESTIGACIÓN,NO CUENTA CON CAUSA ESPECIFICA
A-2024-07-17,10/07/2024,05:40,CHOQUE,1,0,2,SAN MARTIN,MOYOBAMBA,MOYOBAMBA,RURAL,CARRETERA,NACIONAL,PE-5N,-6.080939,-76.887707,DESPEJADO,RURAL,TRAMO RECTO,INCLINADA,ASFALTADA,,,,,EN PROCESO DE INVESTIGACIÓN,NO CUENTA CON CAUSA ESPECIFICA
A-2024-07-9,10/07/2024,16:30,CHOQUE,2,0,2,PUNO,PUNO,ACORA,RURAL,CARRETERA,NACIONAL,PE-3S,-16.000405,-69.765805,DESPEJADO,RURAL,TRAMO RECTO,PLANA ,ASFALTADA,,,,,IMPRUDENCIA DEL CONDUCTOR,OTRO (IMPRUDENCIA DEL CONDUCTOR)
A-2024-07-113,10/07/2024,19:51,ATROPELLO,1,0,,LIMA,LIMA,LIMA,URBANA,AVENIDA,URBANO,NO CORRESPONDE,-12.038309530451988,-77.06595375608863,DESPEJADO,COMERCIAL,INTERSECCIÓN,PLANA ,ASFALTADA,,,,,EN PROCESO DE INVESTIGACIÓN,NO CUENTA CON CAUSA ESPECIFICA
A-2024-07-94,11/07/2024,06:00,CHOQUE,1,0,1,CAJAMARCA,CAJAMARCA,CAJAMARCA,RURAL,CARRETERA,NACIONAL,PE-3N,-6.970766,-78.569055,DESPEJADO,RURAL,TRAMO RECTO,INCLINADA,ASFALTADA,SI,PREVENTIVA (P),,SI,NEGLIGENCIA DEL CONDUCTOR,OTRO (NEGLIGENCIA DEL CONDUCTOR)
A-2024-07-114,11/07/2024,10:20,CAÍDA DE PASAJERO,1,0,,LIMA,LIMA,PUENTE PIEDRA,URBANA,AVENIDA,URBANO,NO CORRESPONDE,-11.874061786234163,-77.06049752985679,DESPEJADO,RESIDENCIAL,TRAMO RECTO,PLANA ,ASFALTADA,,,,,EN PROCESO DE INVESTIGACIÓN,NO CUENTA CON CAUSA ESPECIFICA
A-2024-07-115,11/07/2024,10:30,ATROPELLO,1,0,,LIMA,LIMA,VILLA EL SALVADOR,URBANA,AVENIDA,URBANO,NO CORRESPONDE,-12.225485914938512,-76.93954752444843,DESPEJADO,COMERCIAL,INTERSECCIÓN,PLANA ,ASFALTADA,,,,,EN PROCESO DE INVESTIGACIÓN,NO CUENTA CON CAUSA ESPECIFICA
A-2024-07-98,11/07/2024,14:15,ESPECIAL,1,4,1,CAJAMARCA,CHOTA,CHOTA,URBANA,AVENIDA,URBANO,NO CORRESPONDE,-6.55627655614299,-78.661086641139,DESPEJADO,COMERCIAL,TRAMO RECTO,INCLINADA,ASFALTADA,,,,,NEGLIGENCIA DEL CONDUCTOR,CONDUCIR CON FALLAS DE FRENOS
A-2024-07-96,11/07/2024,18:45,ATROPELLO,1,0,1,CAJAMARCA,CAJAMARCA,ENCAÑADA,URBANA,CARRETERA,NACIONAL,PE-08B,-7.090496,-78.345056,DESPEJADO,ESCOLAR,TRAMO RECTO,INCLINADA,ASFALTADA,,,,,IMPRUDENCIA DEL PEATÓN,OTRO (IMPRUDENCIA DEL PEATÓN)
A-2024-07-80,11/07/2024,20:10,ATROPELLO,1,1,1,ICA,ICA,SANTIAGO,URBANA,CARRETERA,NACIONAL,PE-1S,-14.2751579,-75.6835892,DESPEJADO,RURAL,TRAMO RECTO,PLANA ,ASFALTADA,,,,,EN PROCESO DE INVESTIGACIÓN,NO CUENTA CON CAUSA ESPECIFICA
A-2024-07-64,12/07/2024,02:40,VOLCADURA,1,0,1,AREQUIPA,AREQUIPA,VITOR,RURAL,CARRETERA,NACIONAL,PE-1S,-16.425045,-72.021894,DESPEJADO,RURAL,TRAMO RECTO,PLANA ,ASFALTADA,,,,,EN PROCESO DE INVESTIGACIÓN,NO CUENTA CON CAUSA ESPECIFICA
A-2024-07-23,12/07/2024,04:40,CHOQUE,1,0,2,LA LIBERTAD,PACASMAYO,GUADALUPE,RURAL,CARRETERA,NACIONAL,PE-1N,-7.308957429332913,-79.48058328419319,DESPEJADO,RURAL,TRAMO RECTO,PLANA ,ASFALTADA,,,,,EN PROCESO DE INVESTIGACIÓN,NO CUENTA CON CAUSA ESPECIFICA
A-2024-07-10,12/07/2024,08:15,DESPISTE,1,1,1,PUNO,PUNO,VILQUE,RURAL,CARRETERA,DEPARTAMENTAL,PU-122,-15.77466,-70.23522,DESPEJADO,RURAL,TRAMO RECTO,PLANA ,ASFALTADA,,,,,IMPRUDENCIA DEL CONDUCTOR,OTRO (IMPRUDENCIA DEL CONDUCTOR)