CÓDIGO SINIESTRO,FECHA SINIESTRO,HORA SINIESTRO,CLASE SINIESTRO,CANTIDAD DE FALLECIDOS,CANTIDAD DE LESIONADOS,CANTIDAD DE VEHICULOS DAÑADOS,DEPARTAMENTO,PROVINCIA,DISTRITO,ZONA,TIPO DE VÍA,RED VIAL,COD CARRETERA,COORDENADAS LATITUD,COORDENADAS  LONGITUD,CONDICIÓN CLIMÁTICA,ZONIFICACIÓN,CARACTERÍSTICAS DE VÍA,PERFIL LONGITUDINAL VÍA,SUPERFICIE DE CALZADA,¿EXISTE SEÑAL VERTICAL?,CLASIFICACIÓN DE LA SEÑAL VERTICAL Nº 1,CLASIFICACIÓN DE LA SEÑAL VERTICAL Nº 2,¿EXISTE SEÑAL HORIZONTAL?,CAUSA FACTOR PRINCIPAL,CAUSA ESPECÍFICA
A-2024-09-39,18/09/2024,06:40,CHOQUE CON OBJETO FIJO,1,6,1,TUMBES,ZARUMILLA,AGUAS VERDES,RURAL,CARRETERA,NACIONAL,PE-1N,-3.510614365706649,-80.24838384670119,DESPEJADO,RURAL,TRAMO RECTO,PLANA ,ASFALTADA,,,,,IMPRUDENCIA DEL CONDUCTOR,OTRO (IMPRUDENCIA DEL CONDUCTOR)
A-2024-09-23,18/09/2024,06:45,CHOQUE,1,0,1,AREQUIPA,AREQUIPA,CERRO COLORADO,URBANA,CARRETERA,NACIONAL,PE-34A,-16.342841,-71.581436,DESPEJADO,COMERCIAL,TRAMO RECTO,PLANA ,ASFALTADA,,,,,EN PROCESO DE INVESTIGACIÓN,NO CUENTA CON CAUSA ESPECIFICA
A-2024-09-87,18/09/2024,15:50,ESPECIAL,1,1,2,CAJAMARCA,CHOTA,CHOTA,URBANA,CARRETERA,DEPARTAMENTAL,CA-105,-6.489903,-78.623124,DESPEJADO,COMERCIAL,TRAMO RECTO,PLANA ,AFIRMADO,,,,,IMPRUDENCIA DEL CONDUCTOR,OTRO (IMPRUDENCIA DEL CONDUCTOR)
A-2024-09-47,18/09/2024,23:09,CHOQUE CON OBJETO FIJO,1,1,1,AREQUIPA,AREQUIPA,TIABAYA,URBANA,CALLE,URBANO,NO CORRESPONDE,-16.4472243575,-71.583274892,DESPEJADO,ESCOLAR,TRAMO RECTO,PLANA ,ASFALTADA,,,,,EN PROCESO DE INVESTIGACIÓN,NO CUENTA CON CAUSA ESPECIFICA
A-2024-09-5,19/09/2024,05:20,CHOQUE,1,0,2,PUNO,EL COLLAO,ILAVE,RURAL,CARRETERA,PROVINCIAL,PU-1153,-16.03395465532597,-69.59484806939633,DESPEJADO,RURAL,TRAMO RECTO,PLANA ,ASFALTADA,,,,,IMPRUDENCIA DEL CONDUCTOR,INVASIÓN DE CARRIL
A-2024-09-77,19/09/2024,05:30,ATROPELLO,1,0,,CUSCO,CANAS,KUNTURKANKI,RURAL,CARRETERA,NACIONAL,PE-34F,-14.543048060646184,-71.30093161307009,DESPEJADO,RURAL,TRAMO RECTO,PLANA ,ASFALTADA,,,,,IMPRUDENCIA DEL PEATÓN,CRUCE INDEBIDO POR LA CALZADA
A-2024-09-48,19/09/2024,05:40,DESPISTE,1,4,1,AREQUIPA,AREQUIPA,CHIGUATA,RURAL,CARRETERA,NACIONAL,PE-34C,-16.3867777778,-71.3198888889,DESPEJADO,RURAL,TRAMO RECTO,PLANA ,TROCHA,,,,,EN PROCESO DE INVESTIGACIÓN,NO CUENTA CON CAUSA ESPECIFICA
A-2024-09-109,19/09/2024,06:30,DESPISTE,1,0,,LIMA,LIMA,ANCON,URBANA,CARRETERA,NACIONAL,PE-1N,-11.754669355834665,-77.14998448461907,DESPEJADO,COMERCIAL,TRAMO RECTO,PLANA ,ASFALTADA,,,,,EN PROCESO DE INVESTIGACIÓN,NO CUENTA CON CAUSA ESPECIFICA
A-2024-09-111,19/09/2024,08:44,DESPISTE,1,1,,LIMA,LIMA,ATE,URBANA,AVENIDA,URBANO,NO CORRESPONDE,-12.012840865066396,-76.8244970704311,DESPEJADO,COMERCIAL,INTERSECCIÓN,PLANA ,ASFALTADA,,,,,EN PROCESO DE INVESTIGACIÓN,NO CUENTA CON CAUSA ESPECIFICA
A-2024-09-61,19/09/2024,13:20,CHOQUE CON OBJETO FIJO,1,1,1,AMAZONAS,CHACHAPOYAS,LA JALCA,URBANA,CARRETERA,PROVINCIAL,AM-676,-6.486998,-77.817442,DESPEJADO,RURAL,CURVA,PLANA ,CONCRETO,,,,,EN PROCESO DE INVESTIGACIÓN,NO CUENTA CON CAUSA ESPECIFICA
A-2024-09-110,19/09/2024,17:00,CHOQUE,1,0,,LIMA,LIMA,ATE,URBANA,AVENIDA,URBANO,NO CORRESPONDE,-12.02185306153493,-76.90730533626098,DESPEJADO,INDUSTRIAL,TRAMO RECTO,PLANA ,ASFALTADA,,,,,EN PROCESO DE INVESTIGACIÓN,NO CUENTA CON CAUSA ESPECIFICA
A-2024-09-88,19/09/2024,19:40,ATROPELLO,1,0,1,CAJAMARCA,CAJAMARCA,SAN JUAN,URBANA,CARRETERA,NACIONAL,PE-08,-7.29191983378323,-78.5047432159537,DESPEJADO,COMERCIAL,TRAMO RECTO,INCLINADA,ASFALTADA,,,,,IMPRUDENCIA DEL PEATÓN,ESTADO DE EBRIEDAD Y/O DROGADICCIÓN
A-2024-09-49,19/09/2024,20:00,ATROPELLO FUGA,1,0,,AREQUIPA,CAYLLOMA,MAJES,URBANA,CALLE,URBANO,NO CORRESPONDE,-16.3583041806,-72.1952669961,DESPEJADO,COMERCIAL,TRAMO RECTO,PLANA ,ASFALTADA,,,,,EN PROCESO DE INVESTIGACIÓN,NO CUENTA CON CAUSA ESPECIFICA
A-2024-09-89,20/09/2024,05:00,DESPISTE,1,0,1,CAJAMARCA,CHOTA,SAN JUAN DE LICUPIS,RURAL,CARRETERA,PROVINCIAL,CA-862,-6.562779,-79.262486,DESPEJADO,RURAL,CURVA,INCLINADA,AFIRMADO,,,,,NEGLIGENCIA DEL CONDUCTOR,OTRO (IMPRUDENCIA DEL CONDUCTOR)
A-2024-09-30,20/09/2024,16:00,CHOQUE,3,0,2,LA LIBERTAD,TRUJILLO,HUANCHACO,URBANA,CARRETERA,NACIONAL,PE-1N,-8.1122553924,-79.0941381492,DESPEJADO,COMERCIAL,TRAMO RECTO,PLANA ,ASFALTADA,,,,,EN PROCESO DE INVESTIGACIÓN,NO CUENTA CON CAUSA ESPECIFICA
A-2024-09-112,21/09/2024,03:00,ATROPELLO FUGA,1,0,,LIMA,LIMA,PUENTE PIEDRA,URBANA,CARRETERA,NACIONAL,PE-1N,-11.867565537290583,-77.07263411036996,DESPEJADO,COMERCIAL,TRAMO RECTO,PLANA ,ASFALTADA,,,,,EN PROCESO DE INVESTIGACIÓN,NO CUENTA CON CAUSA ESPECIFICA
A-2024-09-76,21/09/2024,03:30,DESPISTE,2,2,,CUSCO,CANCHIS,MARANGANI,RURAL,CARRETERA,NACIONAL,PE-3S,-14.4102126,-71.1185534,DESPEJADO,RURAL,TRAMO RECTO,PLANA ,ASFALTADA,,,,,IMPRUDENCIA DEL CONDUCTOR,EXCESO DE VELOCIDAD
A-2024-09-114,21/09/2024,05:45,ATROPELLO,1,0,,LIMA,LIMA,SANTA ANITA,URBANA,OTRO,URBANO,NO CORRESPONDE,-12.036673800436178,-76.9447836897068,DESPEJADO,COMERCIAL,TRAMO RECTO,PLANA ,ASFALTADA,,,,,EN PROCESO DE INVESTIGACIÓN,NO CUENTA CON CAUSA ESPECIFICA
A-2024-09-113,21/09/2024,06:30,DESPISTE,1,0,,LIMA,LIMA,PUEBLO LIBRE,URBANA,AVENIDA,URBANO,NO CORRESPONDE,-12.084031580859838,-77.06482981705766,DESPEJADO,COMERCIAL,CURVA,PLANA ,ASFALTADA,SI,REGULADORA (R),,NO,EN PROCESO DE INVESTIGACIÓN,NO CUENTA CON CAUSA ESPECIFICA
A-2024-09-115,21/09/2024,06:30,DESPISTE,1,1,,LIMA,LIMA,VILLA MARIA DEL TRIUNFO,URBANA,CALLE,URBANO,NO CORRESPONDE,-12.164164018636278,-76.93401260129251,DESPEJADO,RESIDENCIAL,TRAMO RECTO,INCLINADA,TROCHA,,,,,EN PROCESO DE INVESTIGACIÓN,NO CUENTA CON CAUSA ESPECIFICA
A-2024-09-13,21/09/2024,07:00,DESPISTE,1,0,1,SAN MARTIN,RIOJA,PARDO MIGUEL,RURAL,CARRETERA,NACIONAL,PE-5N,-5.745756,-77.481797,DESPEJADO,RURAL,TRAMO RECTO,PLANA ,ASFALTADA,NO,,,NO,IMPRUDENCIA DEL CONDUCTOR,OTRO (IMPRUDENCIA DEL CONDUCTOR)
A-2024-09-31,21/09/2024,18:30,DESPISTE,1,0,1,LA LIBERTAD,PATAZ,PARCOY,RURAL,CARRETERA,PROVINCIAL,LI-865,-7.90410021438383,-77.5316275706708,DESPEJADO,RURAL,TRAMO RECTO,PLANA ,TROCHA,,,,,IMPRUDENCIA DEL CONDUCTOR,FATIGA Y/O CANSANCIO
A-2024-09-42,21/09/2024,20:00,DESPISTE,1,0,,HUANCAVELICA,ANGARAES,LIRCAY,URBANA,CARRETERA,NACIONAL,PE-26B,-12.996855888368412,-74.73439418751957,DESPEJADO,RURAL,PUENTE,PLANA ,CONCRETO,,,,,EN PROCESO DE INVESTIGACIÓN,NO CUENTA CON CAUSA ESPECIFICA
A-2024-09-116,22/09/2024,04:40,ATROPELLO,1,0,,LIMA,LIMA,SAN MARTIN DE PORRES,URBANA,CARRETERA,NACIONAL,PE-20J,-11.98473174673873,-77.10063034238064,DESPEJADO,COMERCIAL,TRAMO RECTO,PLANA ,ASFALTADA,,,,,EN PROCESO DE INVESTIGACIÓN,NO CUENTA CON CAUSA ESPECIFICA
A-2024-09-82,22/09/2024,04:40,CHOQUE,1,0,,LIMA,LIMA,SANTIAGO DE SURCO,URBANA,AVENIDA,URBANO,NO CORRESPONDE,-12.08475861031643,-76.97897975293135,DESPEJADO,COMERCIAL,TRAMO RECTO,PLANA ,ASFALTADA,,,,,EN PROCESO DE INVESTIGACIÓN,NO CUENTA CON CAUSA ESPECIFICA
A-2024-09-72,22/09/2024,07:00,DESPISTE,1,0,,APURIMAC,ANDAHUAYLAS,JOSE MARIA ARGUEDAS,RURAL,CARRETERA,NACIONAL,PE-30B,-13.76238857,-73.35554384,DESPEJADO,RURAL,TRAMO RECTO,PLANA ,TROCHA,,,,,IMPRUDENCIA DEL CONDUCTOR,CONDUCIR EN ESTADO DE EBRIEDAD Y/O DROGADICCIÓN
A-2024-09-50,22/09/2024,08:16,ATROPELLO,1,0,1,AREQUIPA,AREQUIPA,ALTO SELVA ALEGRE,URBANA,AVENIDA,URBANO,NO CORRESPONDE,-16.377715,-71.51412,DESPEJADO,COMERCIAL,TRAMO RECTO,PLANA ,ASFALTADA,,,,,EN PROCESO DE INVESTIGACIÓN,NO CUENTA CON CAUSA ESPECIFICA
A-2024-09-25,23/09/2024,08:10,ATROPELLO FUGA,1,0,,PUNO,CHUCUITO,ZEPITA,RURAL,CARRETERA,DEPARTAMENTAL,PU-130,-16.436002,-69.064432,DESPEJADO,RURAL,TRAMO RECTO,PLANA ,ASFALTADA,,,,,EN PROCESO DE INVESTIGACIÓN,NO CUENTA CON CAUSA ESPECIFICA
A-2024-09-117,23/09/2024,20:50,ATROPELLO,1,0,,LIMA,LIMA,LA VICTORIA,URBANA,AVENIDA,URBANO,NO CORRESPONDE,-12.063420325447956,-77.03099157200053,DESPEJADO,COMERCIAL,INTERSECCIÓN,PLANA ,ASFALTADA,,,,,EN PROCESO DE INVESTIGACIÓN,NO CUENTA CON CAUSA ESPECIFICA
A-2024-09-28,23/09/2024,22:20,CHOQUE FUGA,1,0,1,SAN MARTIN,MOYOBAMBA,MOYOBAMBA,RURAL,CARRETERA,NACIONAL,PE-5N,-6.04572,-77.025005,DESPEJADO,RURAL,TRAMO RECTO,INCLINADA,ASFALTADA,,,,,EN PROCESO DE INVESTIGACIÓN,NO CUENTA CON CAUSA ESPECIFICA
A-2024-09-24,23/09/2024,23:55,CHOQUE CON OBJETO FIJO,1,0,1,PUNO,EL COLLAO,ILAVE,URBANA,CARRETERA,NACIONAL,PE-3S,-16.0891633,-69.6430304,DESPEJADO,COMERCIAL,TRAMO RECTO,PLANA ,ASFALTADA,,,,,IMPRUDENCIA DEL CONDUCTOR,CONDUCIR EN ESTADO DE EBRIEDAD Y/O DROGADICCIÓN
A-2024-09-27,24/09/2024,02:00,DESPISTE,1,0,,PUNO,CHUCUITO,ZEPITA,RURAL,CARRETERA,DEPARTAMENTAL,PU-130,-16.474422,-69.102336,,,,,,,,,,IMPRUDENCIA DEL CONDUCTOR,CONDUCIR EN ESTADO DE EBRIEDAD Y/O DROGADICCIÓN
A-2024-09-75,24/09/2024,03:41,ATROPELLO,2,0,,CUSCO,CUSCO,SAN JERONIMO,URBANA,CALLE,URBANO,NO CORRESPONDE,-13.543168532249407,-71.90457351320387,DESPEJADO,ESCOLAR,TRAMO RECTO,INCLINADA,CONCRETO,,,,,IMPRUDENCIA DEL CONDUCTOR,OTRO (IMPRUDENCIA DEL CONDUCTOR)
A-2024-09-32,24/09/2024,04:50,DESPISTE,1,0,1,LA LIBERTAD,ASCOPE,CHOCOPE,RURAL,CARRETERA,NACIONAL,PE-1N,-7.7942462683,-79.2094253297,DESPEJADO,RURAL,TRAMO RECTO,PLANA ,ASFALTADA,,,,,IMPRUDENCIA DEL CONDUCTOR,OTRO (IMPRUDENCIA DEL CONDUCTOR)
A-2024-09-93,24/09/2024,18:00,DESPISTE,1,1,1,AYACUCHO,PARINACOCHAS,CORACORA,RURAL,CARRETERA,NACIONAL,PE-30A,-14.605142,-73.598382,DESPEJADO,RURAL,CURVA,INCLINADA,ASFALTADA,,,,,IMPRUDENCIA DEL CONDUCTOR,EXCESO DE VELOCIDAD
A-2024-09-118,25/09/2024,04:45,ATROPELLO,1,0,,LIMA,LIMA,LA VICTORIA,URBANA,AVENIDA,URBANO,NO CORRESPONDE,-12.062089195909921,-77.01018121541586,DESPEJADO,COMERCIAL,INTERSECCIÓN,PLANA ,ASFALTADA,,,,,EN PROCESO DE INVESTIGACIÓN,NO CUENTA CON CAUSA ESPECIFICA
A-2024-09-67,25/09/2024,22:50,CHOQUE,1,0,2,ICA,PALPA,PALPA,URBANA,CARRETERA,NACIONAL,PE-1S,-14.546213,-75.187336,DESPEJADO,COMERCIAL,INTERSECCIÓN,PLANA ,ASFALTADA,,,,,EN PROCESO DE INVESTIGACIÓN,NO CUENTA CON CAUSA ESPECIFICA
A-2024-09-119,26/09/2024,14:20,ATROPELLO,1,0,,LIMA,LIMA,LIMA,URBANA,AVENIDA,URBANO,NO CORRESPONDE,-12.055947537378865,-77.03591327078361,DESPEJADO,COMERCIAL,CURVA,PLANA ,ASFALTADA,,,,,EN PROCESO DE INVESTIGACIÓN,NO CUENTA CON CAUSA ESPECIFICA
A-2024-09-33,26/09/2024,18:00,DESPISTE,1,9,1,LA LIBERTAD,SANCHEZ CARRION,SARTIMBAMBA,RURAL,CARRETERA,SIN CLASIFICAR,SIN CLASIFICAR,-7.618431578953813,-77.7526299333273,DESPEJADO,RURAL,TRAMO RECTO,PLANA ,TROCHA,,,,,EN PROCESO DE INVESTIGACIÓN,NO CUENTA CON CAUSA ESPECIFICA
A-2024-09-55,26/09/2024,22:00,DESPISTE,1,0,1,LA LIBERTAD,OTUZCO,SALPO,RURAL,CARRETERA,PROVINCIAL,LI-1066,-8.027087849639477,-78.60644798945548,NUBLADO,RURAL,CURVA,PLANA ,TROCHA,,,,,EN PROCESO DE INVESTIGACIÓN,NO CUENTA CON CAUSA ESPECIFICA
A-2024-09-44,27/09/2024,12:30,CHOQUE,1,0,3,SAN MARTIN,RIOJA,YURACYACU,RURAL,CARRETERA,DEPARTAMENTAL,SM-114,-5.946739,-77.228506,DESPEJADO,RURAL,CURVA,PLANA ,ASFALTADA,,,,,EN PROCESO DE INVESTIGACIÓN,NO CUENTA CON CAUSA ESPECIFICA
A-2024-09-34,27/09/2024,15:00,DESPISTE,9,2,1,LA LIBERTAD,VIRU,CHAO,RURAL,CARRETERA,DEPARTAMENTAL,LI-122,-8.468091285128626,-78.38237665892517,DESPEJADO,RURAL,TRAMO RECTO,PLANA ,TROCHA,,,,,EN PROCESO DE INVESTIGACIÓN,NO CUENTA CON CAUSA ESPECIFICA
A-2024-09-36,27/09/2024,21:10,CHOQUE,1,0,,PUNO,PUNO,PICHACANI,RURAL,CARRETERA,PROVINCIAL,PU-1102,-16.21711,-70.042518,,,,,,,,,,IMPRUDENCIA DEL CONDUCTOR,INVASIÓN DE CARRIL
A-2024-09-120,27/09/2024,23:30,ATROPELLO,1,0,,LIMA,LIMA,PUNTA HERMOSA,URBANA,AVENIDA,URBANO,NO CORRESPONDE,-12.328897213241548,-76.83049857210662,DESPEJADO,RESIDENCIAL,CURVA,PLANA ,ASFALTADA,,,,,EN PROCESO DE INVESTIGACIÓN,NO CUENTA CON CAUSA ESPECIFICA
A-2024-09-121,28/09/2024,05:15,ATROPELLO FUGA,1,0,,LIMA,LIMA,VILLA MARIA DEL TRIUNFO,URBANA,JIRÓN,URBANO,NO CORRESPONDE,-12.193512582242747,-76.92548731736109,DESPEJADO,RESIDENCIAL,INTERSECCIÓN,INCLINADA,CONCRETO,,,,,EN PROCESO DE INVESTIGACIÓN,NO CUENTA CON CAUSA ESPECIFICA
A-2024-09-35,28/09/2024,20:30,ATROPELLO FUGA,1,0,,LA LIBERTAD,VIRU,CHAO,RURAL,CARRETERA,NACIONAL,PE-1N,-8.649788223807997,-78.6201735726224,DESPEJADO,RURAL,TRAMO RECTO,PLANA ,ASFALTADA,,,,,EN PROCESO DE INVESTIGACIÓN,NO CUENTA CON CAUSA ESPECIFICA
A-2024-09-37,29/09/2024,02:40,ATROPELLO FUGA,1,0,,PUNO,CHUCUITO,DESAGUADERO,RURAL,CARRETERA,NACIONAL,PE-3S,-16.5441163,-69.0546925,,,,,,,,,,EN PROCESO DE INVESTIGACIÓN,NO CUENTA CON CAUSA ESPECIFICA
A-2024-09-68,29/09/2024,05:50,CHOQUE,1,0,1,ICA,PISCO,PISCO,URBANA,AVENIDA,URBANO,NO CORRESPONDE,-13.7178102,-76.196872,DESPEJADO,COMERCIAL,TRAMO RECTO,PLANA ,ASFALTADA,,,,,EN PROCESO DE INVESTIGACIÓN,NO CUENTA CON CAUSA ESPECIFICA
A-2024-09-69,29/09/2024,06:30,CHOQUE,1,0,2,ICA,ICA,ICA,RURAL,CARRETERA,DEPARTAMENTAL,IC-105,-14.079182,-75.773745,DESPEJADO,RURAL,TRAMO RECTO,PLANA ,TROCHA,,,,,EN PROCESO DE INVESTIGACIÓN,NO CUENTA CON CAUSA ESPECIFICA
A-2024-09-122,29/09/2024,06:50,DESPISTE,1,0,,LIMA,LIMA,SANTIAGO DE SURCO,URBANA,AVENIDA,URBANO,NO CORRESPONDE,-12.121305487370659,-76.99339230694903,DESPEJADO,ESCOLAR,TRAMO RECTO,PLANA ,ASFALTADA,NO,,,SI,EN PROCESO DE INVESTIGACIÓN,NO CUENTA CON CAUSA ESPECIFICA
A-2024-09-83,29/09/2024,17:30,DESPISTE,1,0,,CUSCO,ESPINAR,PICHIGUA,RURAL,CARRETERA,NACIONAL,PE-34F,-14.661652,-71.264258,DESPEJADO,RURAL,TRAMO RECTO,PLANA ,ASFALTADA,,,,,IMPRUDENCIA DEL CONDUCTOR,EXCESO DE VELOCIDAD
A-2024-09-51,29/09/2024,23:06,CHOQUE,1,2,3,AREQUIPA,AREQUIPA,LA JOYA,URBANA,CARRETERA,DEPARTAMENTAL,AR-114,-16.484119,-71.845401,DESPEJADO,COMERCIAL,TRAMO RECTO,PLANA ,ASFALTADA,,,,,EN PROCESO DE INVESTIGACIÓN,NO CUENTA CON CAUSA ESPECIFICA
A-2024-09-53,30/09/2024,01:30,ATROPELLO FUGA,1,0,,CUSCO,ANTA,ANTA,RURAL,CARRETERA,NACIONAL,PE-3S,-13.476892,-72.1231,DESPEJADO,RURAL,CURVA,PLANA ,CONCRETO,,,,,IMPRUDENCIA DEL PEATÓN,CRUCE INDEBIDO POR LA CALZADA
A-2024-09-123,30/09/2024,15:40,ATROPELLO,1,0,,LIMA,LIMA,LOS OLIVOS,URBANA,AVENIDA,URBANO,NO CORRESPONDE,-11.991251624662876,-77.07157391018701,DESPEJADO,COMERCIAL,INTERSECCIÓN,PLANA ,ASFALTADA,NO,,,SI,EN PROCESO DE INVESTIGACIÓN,NO CUENTA CON CAUSA ESPECIFICA
A-2024-10-1,01/10/2024,06:40,DESPISTE,1,0,,PUNO,PUNO,PUNO,URBANA,JIRÓN,URBANO,NO CORRESPONDE,-15.818403,-70.032479,,,,,,,,,,IMPRUDENCIA DEL CONDUCTOR,EXCESO DE VELOCIDAD
A-2024-10-5,01/10/2024,08:20,ATROPELLO,1,0,1,LA LIBERTAD,TRUJILLO,TRUJILLO,URBANA,AVENIDA,URBANO,NO CORRESPONDE,-8.093475327522343,-79.01636910930624,DESPEJADO,COMERCIAL,INTERSECCIÓN,PLANA ,ASFALTADA,,,,,EN PROCESO DE INVESTIGACIÓN,NO CUENTA CON CAUSA ESPECIFICA
A-2024-10-56,02/10/2024,04:12,CHOQUE,3,3,3,ICA,PISCO,SAN ANDRES,URBANA,CARRETERA,NACIONAL,PE-1SE,-13.763973,-76.166958,DESPEJADO,RURAL,TRAMO RECTO,PLANA ,ASFALTADA,,,,,EN PROCESO DE INVESTIGACIÓN,NO CUENTA CON CAUSA ESPECIFICA
A-2024-10-73,02/10/2024,09:30,ATROPELLO,1,0,0,CAJAMARCA,CHOTA,CHOTA,URBANA,CARRETERA,SIN CLASIFICAR,SIN CLASIFICAR,-6.618267,-78.613303,DESPEJADO,COMERCIAL,TRAMO RECTO,PLANA ,AFIRMADO,,,,,IMPRUDENCIA DEL PEATÓN,OTRO (IMPRUDENCIA DEL PEATÓN)
A-2024-10-6,02/10/2024,18:59,CAÍDA DE PASAJERO,1,0,1,LA LIBERTAD,SANCHEZ CARRION,SANAGORAN,RURAL,CARRETERA,PROVINCIAL,LI-819,-7.79701388,-78.22258724,DESPEJADO,RURAL,CURVA,PLANA ,TROCHA,,,,,EN PROCESO DE INVESTIGACIÓN,NO CUENTA CON CAUSA ESPECIFICA
A-2024-10-63,03/10/2024,13:20,DESPISTE,1,0,,APURIMAC,CHINCHEROS,RANRACANCHA,RURAL,CARRETERA,PROVINCIAL,AP-531,-13.52931462,-73.55610801,SOLEADO,RURAL,CURVA,INCLINADA,AFIRMADO,,,,,IMPRUDENCIA DEL CONDUCTOR,EXCESO DE VELOCIDAD
A-2024-10-71,03/10/2024,14:00,CHOQUE,1,0,2,CAJAMARCA,SAN PABLO,SAN BERNARDINO,RURAL,CARRETERA,NACIONAL,PE-08,-7.2161079597767,-78.7735173384439,DESPEJADO,RURAL,CURVA,PLANA ,ASFALTADA,,,,,IMPRUDENCIA DEL CONDUCTOR,EXCESO DE VELOCIDAD
A-2024-10-125,03/10/2024,21:40,CHOQUE,1,1,,PIURA,SECHURA,SECHURA,RURAL,CARRETERA,PROVINCIAL,PI-1040,-5.523488,-80.798012,DESPEJADO,RURAL,TRAMO RECTO,PLANA ,ASFALTADA,,,,,IMPRUDENCIA DEL CONDUCTOR,EXCESO DE VELOCIDAD
A-2024-10-10,04/10/2024,13:41,ATROPELLO,1,0,1,AREQUIPA,CAYLLOMA,MAJES,URBANA,CARRETERA,DEPARTAMENTAL,AR-108,-16.34083,-72.195032,SOLEADO,COMERCIAL,CURVA,PLANA ,ASFALTADA,,,,,EN PROCESO DE INVESTIGACIÓN,NO CUENTA CON CAUSA ESPECIFICA
A-2024-10-87,04/10/2024,15:40,ATROPELLO,1,0,,LIMA,LIMA,CARABAYLLO,URBANA,AVENIDA,URBANO,NO CORRESPONDE,-11.86807591625471,-77.01231547975453,DESPEJADO,COMERCIAL,TRAMO RECTO,PLANA ,ASFALTADA,SI,PREVENTIVA (P),,NO,EN PROCESO DE INVESTIGACIÓN,NO CUENTA CON CAUSA ESPECIFICA
A-2024-10-88,05/10/2024,08:20,CHOQUE,1,0,,LIMA,LIMA,SANTA ANITA,URBANA,CARRETERA,NACIONAL,PE-1N,-12.043867334297834,-76.98491305675641,DESPEJADO,RESIDENCIAL,TRAMO RECTO,PLANA ,ASFALTADA,SI,REGULADORA (R),,NO,EN PROCESO DE INVESTIGACIÓN,NO CUENTA CON CAUSA ESPECIFICA
A-2024-10-120,05/10/2024,16:45,DESPISTE,1,0,1,CUSCO,CHUMBIVILCAS,VELILLE,RURAL,CARRETERA,NACIONAL,PE-3SG,-14.554078,-71.920281,DESPEJADO,RURAL,CURVA,PLANA ,ASFALTADA,,,,,IMPRUDENCIA DEL CONDUCTOR,FATIGA Y/O CANSANCIO
A-2024-10-7,05/10/2024,17:30,CHOQUE FUGA,1,1,1,LA LIBERTAD,ASCOPE,RAZURI,RURAL,CARRETERA,NACIONAL,PE-1N,-7.6208439965,-79.3640206121,DESPEJADO,RURAL,TRAMO RECTO,PLANA ,ASFALTADA,,,,,EN PROCESO DE INVESTIGACIÓN,NO CUENTA CON CAUSA ESPECIFICA
A-2024-10-89,05/10/2024,22:40,ATROPELLO,2,0,,LIMA,LIMA,SAN JUAN DE LURIGANCHO,URBANA,AVENIDA,URBANO,NO CORRESPONDE,-11.984874435391973,-77.00685640797121,DESPEJADO,ESCOLAR,INTERSECCIÓN,PLANA ,ASFALTADA,,,,,EN PROCESO DE INVESTIGACIÓN,NO CUENTA CON CAUSA ESPECIFICA
A-2024-10-57,06/10/2024,08:10,DESPISTE,1,0,1,ICA,ICA,SANTIAGO,RURAL,CARRETERA,NACIONAL,PE-1S,-14.265601,-75.6852812,DESPEJADO,RURAL,INTERSECCIÓN,PLANA ,ASFALTADA,,,,,EN PROCESO DE INVESTIGACIÓN,NO CUENTA CON CAUSA ESPECIFICA
A-2024-10-90,06/10/2024,13:40,CHOQUE CON OBJETO FIJO,1,1,,LIMA,LIMA,SAN JUAN DE LURIGANCHO,URBANA,CALLE,URBANO,NO CORRESPONDE,-11.947548361784184,-77.01011788532216,DESPEJADO,RESIDENCIAL,TRAMO RECTO,INCLINADA,AFIRMADO,,,,,EN PROCESO DE INVESTIGACIÓN,NO CUENTA CON CAUSA ESPECIFICA
A-2024-10-91,06/10/2024,21:45,ATROPELLO,1,0,,LIMA,LIMA,LIMA,URBANA,AVENIDA,URBANO,NO CORRESPONDE,-12.04834093963855,-77.0593447954587,DESPEJADO,COMERCIAL,TRAMO RECTO,PLANA ,ASFALTADA,SI,PREVENTIVA (P),,SI,EN PROCESO DE INVESTIGACIÓN,NO CUENTA CON CAUSA ESPECIFICA
A-2024-10-74,07/10/2024,03:10,DESPISTE,1,1,1,CAJAMARCA,HUALGAYOC,BAMBAMARCA,RURAL,CARRETERA,NACIONAL,PE-3N,-6.68145,-78.529235,DESPEJADO,COMERCIAL,TRAMO RECTO,INCLINADA,ASFALTADA,,,,,IMPRUDENCIA DEL CONDUCTOR,CONDUCIR EN ESTADO DE EBRIEDAD Y/O DROGADICCIÓN
A-2024-10-35,07/10/2024,05:00,CHOQUE,1,0,2,TUMBES,TUMBES,LA CRUZ,RURAL,CARRETERA,NACIONAL,PE-1N,-3.6333814831003797,-80.57683103691467,DESPEJADO,RURAL,TRAMO RECTO,PLANA ,ASFALTADA,,,,,IMPRUDENCIA DEL CONDUCTOR,INVASIÓN DE CARRIL