CÓDIGO SINIESTRO,FECHA SINIESTRO,HORA SINIESTRO,CLASE SINIESTRO,CANTIDAD DE FALLECIDOS,CANTIDAD DE LESIONADOS,CANTIDAD DE VEHICULOS DAÑADOS,DEPARTAMENTO,PROVINCIA,DISTRITO,ZONA,TIPO DE VÍA,RED VIAL,COD CARRETERA,COORDENADAS LATITUD,COORDENADAS  LONGITUD,CONDICIÓN CLIMÁTICA,ZONIFICACIÓN,CARACTERÍSTICAS DE VÍA,PERFIL LONGITUDINAL VÍA,SUPERFICIE DE CALZADA,¿EXISTE SEÑAL VERTICAL?,CLASIFICACIÓN DE LA SEÑAL VERTICAL Nº 1,CLASIFICACIÓN DE LA SEÑAL VERTICAL Nº 2,¿EXISTE SEÑAL HORIZONTAL?,CAUSA FACTOR PRINCIPAL,CAUSA ESPECÍFICA
A-2025-05-18,01/05/2025,14:00,DESPISTE,1,0,1,AYACUCHO,HUAMANGA,PACAYCASA,RURAL,CARRETERA,NACIONAL,PE-26B,-13.077157,-74.235676,DESPEJADO,RURAL,TRAMO RECTO,PLANA ,ASFALTADA,,,,,IMPRUDENCIA DEL CONDUCTOR,FATIGA Y/O CANSANCIO
A-2025-05-3,03/05/2025,03:28,DESPISTE,1,1,,AREQUIPA,AREQUIPA,LA JOYA,URBANA,CARRETERA,DEPARTAMENTAL,AR-114,-16.450423,-71.840037,DESPEJADO,RESIDENCIAL,TRAMO RECTO,PLANA ,ASFALTADA,NO,,,SI,EN PROCESO DE INVESTIGACIÓN,NO CUENTA CON CAUSA ESPECIFICA
A-2025-05-2,04/05/2025,17:00,ATROPELLO,1,0,,APURIMAC,ANDAHUAYLAS,SAN ANTONIO DE CACHI,RURAL,CARRETERA,DEPARTAMENTAL,AP-104,-13.784193,-73.618418,DESPEJADO,RURAL,TRAMO RECTO,PLANA ,TROCHA,,,,,IMPRUDENCIA DEL CONDUCTOR,OTRO (IMPRUDENCIA DEL CONDUCTOR)
A-2025-05-9,04/05/2025,19:20,CHOQUE,1,4,1,TUMBES,TUMBES,LA CRUZ,RURAL,CARRETERA,NACIONAL,PE-1N,-3.630833149041761,-80.57249523368198,DESPEJADO,RURAL,TRAMO RECTO,PLANA ,ASFALTADA,,,,,IMPRUDENCIA DEL CONDUCTOR,OTRO (IMPRUDENCIA DEL CONDUCTOR)
A-2025-05-22,06/05/2025,19:00,ATROPELLO,1,0,,CALLAO,CALLAO,VENTANILLA,,AVENIDA,URBANO,NO CORRESPONDE,-11.8748559633264,-77.1276945401241,,,,,,,,,,EN PROCESO DE INVESTIGACIÓN,NO CUENTA CON CAUSA ESPECIFICA
A-2025-05-24,07/05/2025,20:30,ATROPELLO,1,0,1,MADRE DE DIOS,MANU,MANU,RURAL,CARRETERA,DEPARTAMENTAL,MD-103,-12.675341005323677,-71.34500862105887,DESPEJADO,RURAL,TRAMO RECTO,PLANA ,TROCHA,,,,,IMPRUDENCIA DEL PEATÓN,ESTADO DE EBRIEDAD Y/O DROGADICCIÓN
A-2025-05-11,08/05/2025,18:30,ATROPELLO FUGA,1,0,,AREQUIPA,AREQUIPA,CERRO COLORADO,URBANA,CARRETERA,DEPARTAMENTAL,AR-123,-16.36045,-71.61908,,,,,,,,,,EN PROCESO DE INVESTIGACIÓN,NO CUENTA CON CAUSA ESPECIFICA
A-2025-05-8,09/05/2025,18:00,CHOQUE,1,0,,AREQUIPA,AREQUIPA,VITOR,RURAL,CARRETERA,NACIONAL,PE-1S,-16.466287454924,-71.9356278529147,DESPEJADO,RURAL,TRAMO RECTO,PLANA ,ASFALTADA,SI,PREVENTIVA (P),,SI,EN PROCESO DE INVESTIGACIÓN,NO CUENTA CON CAUSA ESPECIFICA
A-2025-05-4,09/05/2025,20:40,CHOQUE,1,0,2,SAN MARTIN,RIOJA,AWAJUN,RURAL,CARRETERA,NACIONAL,PE-5N,-5.835548,-77.361,DESPEJADO,RURAL,TRAMO RECTO,PLANA ,ASFALTADA,,,,,IMPRUDENCIA DEL CONDUCTOR,OTRO (IMPRUDENCIA DEL CONDUCTOR)
A-2025-05-29,10/05/2025,13:30,DESPISTE,1,0,1,CUSCO,QUISPICANCHI,CAMANTI,RURAL,CARRETERA,NACIONAL,PE-30C,-13.218336,-70.735652,DESPEJADO,RURAL,TRAMO RECTO,PLANA ,ASFALTADA,,,,,IMPERICIA DEL CONDUCTOR,
A-2025-05-25,13/05/2025,21:00,DESPISTE,1,0,,CUSCO,CHUMBIVILCAS,SANTO TOMAS,RURAL,CARRETERA,DEPARTAMENTAL,CU-119,-14.446861,-72.075056,DESPEJADO,RURAL,TRAMO RECTO,PLANA ,AFIRMADO,,,,,IMPRUDENCIA DEL CONDUCTOR,EXCESO DE VELOCIDAD
A-2025-05-5,16/05/2025,04:25,DESPISTE,1,0,1,SAN MARTIN,MOYOBAMBA,MOYOBAMBA,URBANA,CARRETERA,DEPARTAMENTAL,SM-100,-6.05687841640869,-76.9726393527798,DESPEJADO,RESIDENCIAL,TRAMO RECTO,PLANA ,ASFALTADA,,,,,IMPRUDENCIA DEL CONDUCTOR,OTRO (IMPRUDENCIA DEL CONDUCTOR)
A-2025-05-34,16/05/2025,05:20,CHOQUE,1,0,,AREQUIPA,CAMANA,NICOLAS DE PIEROLA,RURAL,CARRETERA,PROVINCIAL,AR-548,-16.52261,-72.64418,DESPEJADO,RURAL,TRAMO RECTO,PLANA ,TROCHA,,,,,EN PROCESO DE INVESTIGACIÓN,NO CUENTA CON CAUSA ESPECIFICA
A-2025-05-13,16/05/2025,15:40,ATROPELLO FUGA,1,0,,AREQUIPA,CAYLLOMA,MAJES,RURAL,CARRETERA,DEPARTAMENTAL,AR-108,-16.302738,-72.205849,DESPEJADO,RURAL,TRAMO RECTO,PLANA ,TROCHA,,,,,EN PROCESO DE INVESTIGACIÓN,NO CUENTA CON CAUSA ESPECIFICA
A-2025-05-15,17/05/2025,09:30,ATROPELLO,1,0,,AREQUIPA,AREQUIPA,MIRAFLORES,URBANA,AVENIDA,URBANO,NO CORRESPONDE,-16.390425,-71.516481,SOLEADO,RESIDENCIAL,TRAMO RECTO,INCLINADA,ASFALTADA,SI,PREVENTIVA (P),,SI,EN PROCESO DE INVESTIGACIÓN,NO CUENTA CON CAUSA ESPECIFICA
A-2025-05-20,17/05/2025,13:00,DESPISTE,1,5,1,AYACUCHO,CANGALLO,CANGALLO,RURAL,CARRETERA,PROVINCIAL,AY-990,-13.6159570554151,-74.1408888681164,DESPEJADO,RURAL,TRAMO RECTO,INCLINADA,AFIRMADO,,,,,IMPRUDENCIA DEL CONDUCTOR,FATIGA Y/O CANSANCIO
A-2025-05-7,17/05/2025,15:30,CHOQUE,1,2,,APURIMAC,ANDAHUAYLAS,JOSE MARIA ARGUEDAS,URBANA,CARRETERA,SIN CLASIFICAR,SIN CLASIFICAR,-13.812534001663469,-73.3317874232672,,,,,,,,,,EN PROCESO DE INVESTIGACIÓN,NO CUENTA CON CAUSA ESPECIFICA
A-2025-05-26,18/05/2025,02:23,ATROPELLO,1,0,1,CUSCO,URUBAMBA,HUAYLLABAMBA,RURAL,CARRETERA,NACIONAL,PE-28B,-13.327553903114028,-72.0452744367236,DESPEJADO,RURAL,TRAMO RECTO,PLANA ,ASFALTADA,,,,,IMPRUDENCIA DEL CONDUCTOR,EXCESO DE VELOCIDAD
A-2025-05-19,18/05/2025,05:00,CHOQUE,2,1,2,AYACUCHO,CANGALLO,LOS MOROCHUCOS,RURAL,CARRETERA,NACIONAL,PE-32A,-13.550614053895,-74.1816499912805,DESPEJADO,RURAL,TRAMO RECTO,INCLINADA,ASFALTADA,,,,,IMPRUDENCIA DEL CONDUCTOR,CONDUCIR EN ESTADO DE EBRIEDAD Y/O DROGADICCIÓN
A-2025-05-27,18/05/2025,07:00,DESPISTE,1,0,,CUSCO,URUBAMBA,OLLANTAYTAMBO,RURAL,CARRETERA,NACIONAL,PE-28B,-13.242384500676966,-72.29380316683198,DESPEJADO,RURAL,CURVA,PLANA ,AFIRMADO,,,,,IMPRUDENCIA DEL CONDUCTOR,CONDUCIR EN ESTADO DE EBRIEDAD Y/O DROGADICCIÓN
A-2025-05-6,18/05/2025,13:20,DESPISTE,1,0,1,SAN MARTIN,RIOJA,NUEVA CAJAMARCA,RURAL,SIN CLASIFICAR,SIN CLASIFICAR,SIN CLASIFICAR,-5.938629,-77.300632,DESPEJADO,RURAL,CURVA,PLANA ,ASFALTADA,,,,,EN PROCESO DE INVESTIGACIÓN,NO CUENTA CON CAUSA ESPECIFICA
A-2025-05-23,18/05/2025,19:10,ATROPELLO,1,0,1,CUSCO,CALCA,CALCA,URBANA,CARRETERA,NACIONAL,PE-28B,-13.324225,-71.955884,DESPEJADO,COMERCIAL,TRAMO RECTO,PLANA ,ASFALTADA,,,,,IMPRUDENCIA DEL PEATÓN,CRUCE INDEBIDO POR LA CALZADA
A-2025-05-17,20/05/2025,06:58,VOLCADURA,1,0,1,CAJAMARCA,SAN IGNACIO,CHIRINOS,RURAL,CARRETERA,NACIONAL,PE-5N,-5.255974,-78.823854,DESPEJADO,RURAL,CURVA,INCLINADA,ASFALTADA,,,,,EN PROCESO DE INVESTIGACIÓN,NO CUENTA CON CAUSA ESPECIFICA
A-2025-05-30,20/05/2025,07:12,DESPISTE,1,0,1,CUSCO,CANCHIS,MARANGANI,RURAL,CARRETERA,NACIONAL,PE-3S,-14.407863,-71.132033,DESPEJADO,RURAL,CURVA,PLANA ,ASFALTADA,,,,,IMPRUDENCIA DEL CONDUCTOR,CONDUCIR EN ESTADO DE EBRIEDAD Y/O DROGADICCIÓN
A-2025-05-16,20/05/2025,13:20,DESPISTE,1,0,1,CAJAMARCA,CAJAMARCA,ENCAÑADA,RURAL,CARRETERA,NACIONAL,PE-1NB,-6.997698,-78.34717,DESPEJADO,RURAL,TRAMO RECTO,INCLINADA,AFIRMADO,,,,,EN PROCESO DE INVESTIGACIÓN,NO CUENTA CON CAUSA ESPECIFICA
A-2025-05-14,23/05/2025,21:30,CHOQUE,1,0,,ANCASH,YUNGAY,YUNGAY,URBANA,CARRETERA,NACIONAL,PE-3N,-9.14210418552568,-77.7460930338357,,,,,,,,,,EN PROCESO DE INVESTIGACIÓN,NO CUENTA CON CAUSA ESPECIFICA
A-2025-05-36,24/05/2025,07:20,ATROPELLO,1,0,,CAJAMARCA,CELENDIN,SUCRE,RURAL,CARRETERA,NACIONAL,PE-08B,-7.026276,-78.211091,DESPEJADO,RURAL,TRAMO RECTO,PLANA ,ASFALTADA,SI,INFORMATIVA (I),,NO,IMPRUDENCIA DEL PEATÓN,CRUCE INDEBIDO POR LA CALZADA
A-2025-05-35,25/05/2025,03:00,DESPISTE,1,0,,CAJAMARCA,CUTERVO,QUEROCOTILLO,RURAL,CARRETERA,PROVINCIAL,CA-825,-6.278328,-79.018848,DESPEJADO,RURAL,TRAMO RECTO,PLANA ,ASFALTADA,,,,,IMPRUDENCIA DEL CONDUCTOR,EXCESO DE VELOCIDAD
A-2025-05-10,25/05/2025,20:00,CHOQUE,1,0,2,SAN MARTIN,MOYOBAMBA,JEPELACIO,URBANA,CARRETERA,NACIONAL,PE-5N,-6.1730294566101,-76.8325393509118,DESPEJADO,RURAL,TRAMO RECTO,PLANA ,ASFALTADA,,,,,IMPRUDENCIA DEL CONDUCTOR,OTRO (IMPRUDENCIA DEL CONDUCTOR)
A-2025-05-12,26/05/2025,05:30,ATROPELLO,1,1,1,SAN MARTIN,RIOJA,NUEVA CAJAMARCA,URBANA,CARRETERA,NACIONAL,PE-5N,-5.814956,-77.38707,DESPEJADO,COMERCIAL,TRAMO RECTO,PLANA ,ASFALTADA,SI,PREVENTIVA (P),PREVENTIVA (P),NO,IMPRUDENCIA DEL CONDUCTOR,EXCESO DE VELOCIDAD
A-2025-05-33,27/05/2025,07:00,DESPISTE,1,0,,CUSCO,LA CONVENCION,QUELLOUNO,RURAL,CARRETERA,DEPARTAMENTAL,CU-105,-12.616003,-72.423874,DESPEJADO,RURAL,TRAMO RECTO,PLANA ,AFIRMADO,,,,,IMPRUDENCIA DEL CONDUCTOR,FATIGA Y/O CANSANCIO
A-2025-05-32,29/05/2025,18:09,DESPISTE,1,0,1,CUSCO,CHUMBIVILCAS,SANTO TOMAS,RURAL,CARRETERA,NACIONAL,PE-3SG,-14.474858,-72.098543,DESPEJADO,RURAL,CURVA,PLANA ,AFIRMADO,,,,,IMPRUDENCIA DEL CONDUCTOR,EXCESO DE VELOCIDAD
A-2025-05-31,30/05/2025,00:30,ATROPELLO,1,0,1,CUSCO,ACOMAYO,ACOPIA,RURAL,CARRETERA,PROVINCIAL,CU-1633,-14.08636,-71.502842,DESPEJADO,RURAL,TRAMO RECTO,PLANA ,AFIRMADO,,,,,IMPRUDENCIA DEL CONDUCTOR,FATIGA Y/O CANSANCIO
A-2025-05-37,30/05/2025,04:10,DESPISTE,1,3,,CAJAMARCA,CHOTA,LAJAS,RURAL,CARRETERA,NACIONAL,PE-3N,-6.556244,-78.744502,DESPEJADO,RURAL,TRAMO RECTO,INCLINADA,AFIRMADO,,,,,IMPRUDENCIA DEL CONDUCTOR,CONDUCIR EN ESTADO DE EBRIEDAD Y/O DROGADICCIÓN
A-2025-05-28,30/05/2025,07:40,CHOQUE,1,0,,CUSCO,ESPINAR,CONDOROMA,RURAL,CARRETERA,NACIONAL,PE-34J,-15.33731609649099,-71.11973093063617,DESPEJADO,RURAL,CURVA,PLANA ,ASFALTADA,,,,,IMPRUDENCIA DEL CONDUCTOR,EXCESO DE VELOCIDAD
A-2025-05-21,31/05/2025,03:55,CHOQUE,1,1,2,CALLAO,CALLAO,CALLAO,URBANA,AVENIDA,URBANO,NO CORRESPONDE,-12.0486122550387,-77.1010524073493,LLUVIOSO,COMERCIAL,TRAMO RECTO,PLANA ,ASFALTADA,,,,,EN PROCESO DE INVESTIGACIÓN,NO CUENTA CON CAUSA ESPECIFICA
A-2025-06-14,01/06/2025,04:30,DESPISTE,1,0,1,ANCASH,YUNGAY,YUNGAY,URBANA,CARRETERA,NACIONAL,PE-3N,-9.15557774479227,-77.7401737594647,DESPEJADO,RURAL,CURVA,PLANA ,ASFALTADA,,,,,EN PROCESO DE INVESTIGACIÓN,NO CUENTA CON CAUSA ESPECIFICA
A-2025-06-70,01/06/2025,07:10,DESPISTE,1,0,,CAJAMARCA,JAEN,PUCARA,RURAL,CARRETERA,NACIONAL,PE-3N,-6.030447,-79.137365,DESPEJADO,RURAL,CURVA,PLANA ,ASFALTADA,,,,,IMPRUDENCIA DEL CONDUCTOR,OTRO (IMPRUDENCIA DEL CONDUCTOR)
A-2025-06-64,02/06/2025,16:15,ATROPELLO,1,0,1,CUSCO,PAUCARTAMBO,PAUCARTAMBO,RURAL,CARRETERA,PROVINCIAL,CU-1016,-13.311488,-71.593823,DESPEJADO,RURAL,TRAMO RECTO,PLANA ,AFIRMADO,,,,,IMPRUDENCIA DEL CONDUCTOR,FATIGA Y/O CANSANCIO
A-2025-06-71,02/06/2025,18:20,CHOQUE,1,3,2,CAJAMARCA,SAN IGNACIO,SAN IGNACIO,RURAL,CARRETERA,NACIONAL,PE-5N,-5.142528,-79.021396,DESPEJADO,RURAL,CURVA,INCLINADA,ASFALTADA,,,,,IMPRUDENCIA DEL CONDUCTOR,EXCESO DE VELOCIDAD
A-2025-06-61,03/06/2025,04:00,ATROPELLO FUGA,1,0,,CUSCO,ANTA,ZURITE,RURAL,CARRETERA,NACIONAL,PE-3S,-13.482307324518585,-72.26216214521465,DESPEJADO,RURAL,TRAMO RECTO,PLANA ,ASFALTADA,,,,,IMPRUDENCIA DEL PEATÓN,OTRO (IMPRUDENCIA DEL PEATÓN)
A-2025-06-72,03/06/2025,18:33,DESPISTE,1,0,1,CAJAMARCA,CAJAMARCA,CAJAMARCA,URBANA,CARRETERA,PROVINCIAL,CA-1107,-7.144208,-78.491141,DESPEJADO,INDUSTRIAL,TRAMO RECTO,PLANA ,ASFALTADA,,,,,IMPRUDENCIA DEL CONDUCTOR,EXCESO DE VELOCIDAD
A-2025-06-9,03/06/2025,20:40,ATROPELLO FUGA,1,0,,AREQUIPA,AREQUIPA,SACHACA,URBANA,CARRETERA,NACIONAL,PE-34C,-16.41294,-71.554685,DESPEJADO,COMERCIAL,TRAMO RECTO,PLANA ,ASFALTADA,NO,,,SI,EN PROCESO DE INVESTIGACIÓN,NO CUENTA CON CAUSA ESPECIFICA
A-2025-06-73,04/06/2025,09:00,DESPISTE,1,1,,CAJAMARCA,JAEN,JAEN,RURAL,CARRETERA,NACIONAL,PE-04C,-5.92329983866169,-78.8415507891376,DESPEJADO,RURAL,TRAMO RECTO,PLANA ,ASFALTADA,,,,,IMPRUDENCIA DEL CONDUCTOR,OTRO (IMPRUDENCIA DEL CONDUCTOR)
A-2025-06-6,05/06/2025,16:30,DESPISTE,1,2,1,LIMA,HUARAL,AUCALLAMA,RURAL,CARRETERA,NACIONAL,PE-1N,-11.6317883,-77.2067298,SOLEADO,RURAL,OTRO,INCLINADA,ASFALTADA,SI,REGULADORA (R),,NO,EN PROCESO DE INVESTIGACIÓN,NO CUENTA CON CAUSA ESPECIFICA
A-2025-06-49,05/06/2025,21:30,ATROPELLO FUGA,1,0,1,CUSCO,CANCHIS,SICUANI,RURAL,CARRETERA,NACIONAL,PE-3S,-14.2450833,-71.2497778,DESPEJADO,RURAL,TRAMO RECTO,PLANA ,ASFALTADA,,,,,IMPRUDENCIA DEL PEATÓN,CRUCE INDEBIDO POR LA CALZADA
A-2025-06-74,06/06/2025,01:40,DESPISTE,1,1,1,CAJAMARCA,CHOTA,HUAMBOS,RURAL,CARRETERA,NACIONAL,PE-06A,-6.454806,-79.030885,DESPEJADO,RURAL,CURVA,PLANA ,ASFALTADA,,,,,IMPRUDENCIA DEL CONDUCTOR,OTRO (IMPRUDENCIA DEL CONDUCTOR)
A-2025-06-15,06/06/2025,18:30,DESPISTE,1,0,1,ANCASH,HUARI,MASIN,RURAL,CARRETERA,NACIONAL,PE-14A,-9.38918892740591,-77.1257572126644,DESPEJADO,RURAL,TRAMO RECTO,PLANA ,ASFALTADA,,,,,EN PROCESO DE INVESTIGACIÓN,NO CUENTA CON CAUSA ESPECIFICA
A-2025-06-10,06/06/2025,20:45,ATROPELLO,1,0,,AREQUIPA,AREQUIPA,MARIANO MELGAR,URBANA,AVENIDA,URBANO,NO CORRESPONDE,-16.404852,-71.49855,DESPEJADO,RESIDENCIAL,INTERSECCIÓN,PLANA ,ASFALTADA,NO,,,SI,EN PROCESO DE INVESTIGACIÓN,NO CUENTA CON CAUSA ESPECIFICA
A-2025-06-52,07/06/2025,08:30,DESPISTE,2,6,1,CUSCO,ESPINAR,OCORURO,RURAL,CARRETERA,NACIONAL,PE-34J,-15.028045,-71.144682,DESPEJADO,RURAL,TRAMO RECTO,PLANA ,ASFALTADA,,,,,IMPRUDENCIA DEL CONDUCTOR,EXCESO DE VELOCIDAD
A-2025-06-5,07/06/2025,15:54,ATROPELLO,1,0,1,HUANCAVELICA,ACOBAMBA,PAUCARA,RURAL,CARRETERA,PROVINCIAL,HV-804,-12.732962,-74.664934,DESPEJADO,RURAL,TRAMO RECTO,PLANA ,TROCHA,,,,,EN PROCESO DE INVESTIGACIÓN,NO CUENTA CON CAUSA ESPECIFICA
A-2025-06-2,08/06/2025,06:45,CHOQUE,2,0,2,SAN MARTIN,MOYOBAMBA,MOYOBAMBA,URBANA,CARRETERA,NACIONAL,PE-5N,-6.046523,-77.002287,DESPEJADO,RESIDENCIAL,CURVA,INCLINADA,ASFALTADA,SI,PREVENTIVA (P),,NO,IMPRUDENCIA DEL CONDUCTOR,EXCESO DE VELOCIDAD
A-2025-06-75,09/06/2025,06:00,CAÍDA DE PASAJERO,1,0,1,CAJAMARCA,CONTUMAZA,TANTARICA,RURAL,CARRETERA,NACIONAL,PE-08,-7.219227,-78.912695,DESPEJADO,RURAL,CURVA,PLANA ,ASFALTADA,SI,PREVENTIVA (P),,SI,IMPRUDENCIA DEL CONDUCTOR,CONDUCIR EN ESTADO DE EBRIEDAD Y/O DROGADICCIÓN
A-2025-06-48,11/06/2025,11:34,ATROPELLO,1,0,1,CUSCO,CUSCO,SAN SEBASTIAN,URBANA,AVENIDA,URBANO,NO CORRESPONDE,-13.53671246,-71.9065964,DESPEJADO,RESIDENCIAL,TRAMO RECTO,PLANA ,ASFALTADA,,,,,IMPRUDENCIA DEL PEATÓN,CRUCE INDEBIDO POR LA CALZADA
A-2025-06-57,11/06/2025,19:09,DESPISTE,1,0,,CUSCO,QUISPICANCHI,CCATCA,RURAL,CARRETERA,PROVINCIAL,CU-1034,-13.607863,-71.486455,NUBLADO,RURAL,TRAMO RECTO,PLANA ,AFIRMADO,,,,,IMPRUDENCIA DEL CONDUCTOR,CONDUCIR EN ESTADO DE EBRIEDAD Y/O DROGADICCIÓN
A-2025-06-62,12/06/2025,07:11,CHOQUE,3,1,2,CUSCO,ESPINAR,OCORURO,RURAL,CARRETERA,NACIONAL,PE-34J,-15.036943,-71.138333,DESPEJADO,RURAL,CURVA,PLANA ,ASFALTADA,,,,,IMPRUDENCIA DEL CONDUCTOR,EXCESO DE VELOCIDAD
A-2025-06-44,12/06/2025,07:20,CAÍDA DE PASAJERO,1,0,2,CUSCO,CHUMBIVILCAS,SANTO TOMAS,RURAL,CARRETERA,DEPARTAMENTAL,CU-119,-14.423584,-72.065955,DESPEJADO,RURAL,TRAMO RECTO,PLANA ,ASFALTADA,,,,,IMPRUDENCIA DEL PASAJERO/OCUPANTE,OTRO (IMPRUDENCIA DEL PASAJERO/OCUPANTE)
A-2025-06-54,12/06/2025,11:00,DESPISTE,1,0,1,CUSCO,CANCHIS,TINTA,RURAL,CARRETERA,NACIONAL,PE-3S,-14.117843,-71.415313,DESPEJADO,RURAL,TRAMO RECTO,PLANA ,ASFALTADA,,,,,IMPRUDENCIA DEL CONDUCTOR,FATIGA Y/O CANSANCIO
A-2025-06-20,13/06/2025,04:00,ATROPELLO FUGA,1,0,,AREQUIPA,AREQUIPA,CERRO COLORADO,URBANA,CARRETERA,NACIONAL,PE-34A,-16.3961866718,-71.5837398566,DESPEJADO,RESIDENCIAL,INTERSECCIÓN,PLANA ,ASFALTADA,NO,,,SI,EN PROCESO DE INVESTIGACIÓN,NO CUENTA CON CAUSA ESPECIFICA
A-2025-06-69,13/06/2025,11:30,DESPISTE,1,1,,AREQUIPA,CAYLLOMA,SAN ANTONIO DE CHUCA,RURAL,CARRETERA,NACIONAL,PE-34J,-15.67704,-71.05146,SOLEADO,RURAL,TRAMO RECTO,PLANA ,ASFALTADA,SI,INFORMATIVA (I),,SI,EN PROCESO DE INVESTIGACIÓN,NO CUENTA CON CAUSA ESPECIFICA
A-2025-06-56,13/06/2025,23:50,ATROPELLO,1,0,,CUSCO,CUSCO,SAN SEBASTIAN,URBANA,CALLE,URBANO,NO CORRESPONDE,-13.5295024109189,-71.9361138743671,DESPEJADO,RESIDENCIAL,TRAMO RECTO,PLANA ,CONCRETO,,,,,IMPRUDENCIA DEL PEATÓN,ESTADO DE EBRIEDAD Y/O DROGADICCIÓN
A-2025-06-47,15/06/2025,04:15,VOLCADURA,1,0,1,CUSCO,CUSCO,SAN SEBASTIAN,URBANA,AVENIDA,URBANO,NO CORRESPONDE,-13.5415198428003,-71.9153935500898,DESPEJADO,INDUSTRIAL,CURVA,PLANA ,ASFALTADA,,,,,IMPRUDENCIA DEL CONDUCTOR,CONDUCIR EN ESTADO DE EBRIEDAD Y/O DROGADICCIÓN
A-2025-06-65,15/06/2025,10:15,CHOQUE,1,0,2,CUSCO,PARURO,PACCARITAMBO,RURAL,CARRETERA,DEPARTAMENTAL,CU-119B,-13.769763,-71.94924,DESPEJADO,RURAL,CURVA,PLANA ,AFIRMADO,,,,,IMPRUDENCIA DEL CONDUCTOR,EXCESO DE VELOCIDAD
A-2025-06-7,15/06/2025,18:30,ATROPELLO FUGA,1,0,,LIMA,HUARAL,CHANCAY,RURAL,CARRETERA,NACIONAL,PE-1N,-11.4857237,-77.3058397,DESPEJADO,RURAL,TRAMO RECTO,PLANA ,ASFALTADA,,,,,EN PROCESO DE INVESTIGACIÓN,NO CUENTA CON CAUSA ESPECIFICA
A-2025-06-3,16/06/2025,07:00,CHOQUE,1,0,2,SAN MARTIN,RIOJA,RIOJA,RURAL,CARRETERA,NACIONAL,PE-5N,-6.033405,-77.203167,DESPEJADO,RURAL,TRAMO RECTO,PLANA ,ASFALTADA,,,,,IMPRUDENCIA DEL CONDUCTOR,OTRO (IMPRUDENCIA DEL CONDUCTOR)
A-2025-06-46,16/06/2025,11:00,DESPISTE,4,0,,CUSCO,URUBAMBA,OLLANTAYTAMBO,RURAL,CARRETERA,NACIONAL,PE-28B,-13.135677,-72.288038,NUBLADO,RURAL,CURVA,PLANA ,ASFALTADA,,,,,IMPRUDENCIA DEL CONDUCTOR,EXCESO DE VELOCIDAD
A-2025-06-76,16/06/2025,14:10,CHOQUE,1,1,5,CAJAMARCA,CAJAMARCA,LOS BAÑOS DEL INCA,URBANA,CARRETERA,PROVINCIAL,CA-1495,-7.17154049663413,-78.4500720679302,DESPEJADO,COMERCIAL,TRAMO RECTO,INCLINADA,CONCRETO,,,,,IMPRUDENCIA DEL CONDUCTOR,CONDUCIR EN ESTADO DE EBRIEDAD Y/O DROGADICCIÓN
A-2025-06-8,16/06/2025,15:10,DESPISTE,4,0,1,HUANCAVELICA,HUANCAVELICA,HUANCAVELICA,RURAL,CARRETERA,PROVINCIAL,HV-903,-12.816963501686,-74.9548410272543,DESPEJADO,RURAL,TRAMO RECTO,PLANA ,AFIRMADO,,,,,EN PROCESO DE INVESTIGACIÓN,NO CUENTA CON CAUSA ESPECIFICA
A-2025-06-50,17/06/2025,10:45,DESPISTE,1,0,1,CUSCO,PAUCARTAMBO,PAUCARTAMBO,RURAL,CARRETERA,DEPARTAMENTAL,CU-113,-13.33082,-71.591043,DESPEJADO,RURAL,CURVA,INCLINADA,ASFALTADA,NO,,,SI,IMPRUDENCIA DEL CONDUCTOR,EXCESO DE VELOCIDAD
A-2025-06-43,18/06/2025,05:30,CHOQUE,1,1,1,CUSCO,PAUCARTAMBO,KOSÑIPATA,RURAL,CARRETERA,DEPARTAMENTAL,CU-113,-12.948258,-71.414833,DESPEJADO,RURAL,CURVA,PLANA ,ASFALTADA,,,,,IMPRUDENCIA DEL CONDUCTOR,INVASIÓN DE CARRIL
A-2025-06-53,18/06/2025,15:00,FERROVIARIO,1,0,,CUSCO,CUSCO,CUSCO,URBANA,FERREO,URBANO,NO CORRESPONDE,-13.5125615401785,-71.9916657131263,DESPEJADO,COMERCIAL,CURVA,INCLINADA,CASCAJO/RIPIO,,,,,IMPRUDENCIA DEL PEATÓN,ESTADO DE EBRIEDAD Y/O DROGADICCIÓN
A-2025-06-16,20/06/2025,12:10,CHOQUE,1,0,2,SAN MARTIN,MOYOBAMBA,MOYOBAMBA,URBANA,JIRÓN,URBANO,NO CORRESPONDE,-6.03463687142622,-76.9727714169503,DESPEJADO,COMERCIAL,INTERSECCIÓN,PLANA ,ASFALTADA,,,,,EN PROCESO DE INVESTIGACIÓN,NO CUENTA CON CAUSA ESPECIFICA
A-2025-06-17,21/06/2025,19:25,CHOQUE FUGA,1,0,2,SAN MARTIN,RIOJA,AWAJUN,RURAL,CARRETERA,NACIONAL,PE-5N,-5.795907,-77.410965,DESPEJADO,RURAL,TRAMO RECTO,PLANA ,ASFALTADA,,,,,EN PROCESO DE INVESTIGACIÓN,NO CUENTA CON CAUSA ESPECIFICA
A-2025-06-25,21/06/2025,20:30,ATROPELLO FUGA,1,0,,ANCASH,ASUNCION,CHACAS,URBANA,CARRETERA,SIN CLASIFICAR,SIN CLASIFICAR,-9.17576929975099,-77.3649404930691,DESPEJADO,RURAL,INTERSECCIÓN,PLANA ,ASFALTADA,,,,,EN PROCESO DE INVESTIGACIÓN,NO CUENTA CON CAUSA ESPECIFICA