CÓDIGO SINIESTRO,FECHA SINIESTRO,HORA SINIESTRO,CLASE SINIESTRO,CANTIDAD DE FALLECIDOS,CANTIDAD DE LESIONADOS,CANTIDAD DE VEHICULOS DAÑADOS,DEPARTAMENTO,PROVINCIA,DISTRITO,ZONA,TIPO DE VÍA,RED VIAL,COD CARRETERA,COORDENADAS LATITUD,COORDENADAS  LONGITUD,CONDICIÓN CLIMÁTICA,ZONIFICACIÓN,CARACTERÍSTICAS DE VÍA,PERFIL LONGITUDINAL VÍA,SUPERFICIE DE CALZADA,¿EXISTE SEÑAL VERTICAL?,CLASIFICACIÓN DE LA SEÑAL VERTICAL Nº 1,CLASIFICACIÓN DE LA SEÑAL VERTICAL Nº 2,¿EXISTE SEÑAL HORIZONTAL?,CAUSA FACTOR PRINCIPAL,CAUSA ESPECÍFICA
A-2025-10-272,07/10/2025,05:45,DESPISTE,1,1,1,CUSCO,PARURO,CCAPI,RURAL,CARRETERA,DEPARTAMENTAL,CU-119B,-13.849161,-71.945618,DESPEJADO,RURAL,TRAMO RECTO,INCLINADA,AFIRMADO,,,,,IMPRUDENCIA DEL CONDUCTOR,FATIGA Y/O CANSANCIO
A-2025-10-94,07/10/2025,14:50,CHOQUE,1,1,2,AYACUCHO,HUANTA,HUANTA,URBANA,CARRETERA,NACIONAL,PE-3S,-12.941257,-74.251382,DESPEJADO,RURAL,CURVA,INCLINADA,ASFALTADA,SI,PREVENTIVA (P),REGULADORA (R),NO,IMPRUDENCIA DEL CONDUCTOR,EXCESO DE VELOCIDAD
A-2025-10-93,08/10/2025,17:00,CHOQUE,2,0,,CUSCO,QUISPICANCHI,URCOS,RURAL,CARRETERA,NACIONAL,PE-30C,-13.650235,-71.592558,DESPEJADO,RURAL,CURVA,PLANA ,ASFALTADA,,,,,IMPRUDENCIA DEL CONDUCTOR,INVASIÓN DE CARRIL
A-2025-10-75,10/10/2025,16:20,DESPISTE,1,1,,AREQUIPA,AREQUIPA,SOCABAYA,URBANA,CARRETERA,PROVINCIAL,AR-795,-16.465726,-71.541744,DESPEJADO,RURAL,INTERSECCIÓN,PLANA ,ASFALTADA,,,,,EN PROCESO DE INVESTIGACIÓN,NO CUENTA CON CAUSA ESPECIFICA
A-2025-10-275,11/10/2025,06:30,CHOQUE,1,0,,AREQUIPA,AREQUIPA,CERRO COLORADO,URBANA,CARRETERA,NACIONAL,PE-34A,-16.393403,-71.583374,DESPEJADO,COMERCIAL,TRAMO RECTO,PLANA ,ASFALTADA,NO,,,SI,IMPRUDENCIA DEL CONDUCTOR,OTRO (IMPRUDENCIA DEL CONDUCTOR)
A-2025-10-277,11/10/2025,09:00,DESPISTE,9,0,1,HUANCAVELICA,TAYACAJA,PAMPAS,RURAL,CARRETERA,NACIONAL,PE-3S,-12.503808764420713,-74.84291259122247,DESPEJADO,RURAL,CURVA,PLANA ,ASFALTADA,SI,PREVENTIVA (P),,NO,IMPRUDENCIA DEL CONDUCTOR,EXCESO DE VELOCIDAD
A-2025-10-39,11/10/2025,16:00,DESPISTE,1,2,1,SAN MARTIN,LAMAS,ALONSO DE ALVARADO,RURAL,CARRETERA,PROVINCIAL,SM-656,-6.271443,-76.77876,DESPEJADO,RURAL,TRAMO RECTO,INCLINADA,AFIRMADO,,,,,EN PROCESO DE INVESTIGACIÓN,NO CUENTA CON CAUSA ESPECIFICA
A-2025-10-40,11/10/2025,18:30,ATROPELLO,1,0,1,SAN MARTIN,RIOJA,NUEVA CAJAMARCA,RURAL,CARRETERA,NACIONAL,PE-5N,-5.90214823812371,-77.3268810992615,DESPEJADO,RURAL,TRAMO RECTO,PLANA ,ASFALTADA,,,,,EN PROCESO DE INVESTIGACIÓN,NO CUENTA CON CAUSA ESPECIFICA
A-2025-10-49,12/10/2025,05:30,CHOQUE,1,4,2,SAN MARTIN,RIOJA,NUEVA CAJAMARCA,URBANA,CARRETERA,NACIONAL,PE-5N,-5.943543,-77.306208,DESPEJADO,COMERCIAL,TRAMO RECTO,PLANA ,ASFALTADA,,,,,EN PROCESO DE INVESTIGACIÓN,NO CUENTA CON CAUSA ESPECIFICA
A-2025-10-68,12/10/2025,22:10,ATROPELLO,1,0,1,SAN MARTIN,LAMAS,ALONSO DE ALVARADO,RURAL,CARRETERA,NACIONAL,PE-5N,-6.25973743865179,-76.7817149577015,DESPEJADO,RURAL,TRAMO RECTO,PLANA ,ASFALTADA,,,,,EN PROCESO DE INVESTIGACIÓN,NO CUENTA CON CAUSA ESPECIFICA
A-2025-10-65,13/10/2025,12:50,DESPISTE,1,0,1,TUMBES,TUMBES,PAMPAS DE HOSPITAL,RURAL,CARRETERA,PROVINCIAL,TU-532,-3.6929703,-80.4471108,DESPEJADO,RURAL,CURVA,INCLINADA,ASFALTADA,SI,PREVENTIVA (P),,NO,IMPRUDENCIA DEL CONDUCTOR,CONDUCIR EN ESTADO DE EBRIEDAD Y/O DROGADICCIÓN
A-2025-10-90,14/10/2025,07:00,DESPISTE,1,0,1,CUSCO,PAUCARTAMBO,PAUCARTAMBO,RURAL,CARRETERA,PROVINCIAL,CU-116,-13.357721,-71.556543,DESPEJADO,RURAL,CURVA,PLANA ,AFIRMADO,,,,,IMPRUDENCIA DEL CONDUCTOR,EXCESO DE VELOCIDAD
A-2025-10-71,15/10/2025,18:30,ATROPELLO,1,0,1,SAN MARTIN,RIOJA,PARDO MIGUEL,RURAL,CARRETERA,NACIONAL,PE-5N,-5.7307818955892,-77.5299189207874,DESPEJADO,RURAL,TRAMO RECTO,PLANA ,ASFALTADA,,,,,IMPRUDENCIA DEL PEATÓN,CRUCE INDEBIDO POR LA CALZADA
A-2025-10-278,17/10/2025,15:30,CHOQUE,1,0,2,HUANCAVELICA,ACOBAMBA,ROSARIO,RURAL,CARRETERA,NACIONAL,PE-3SM,-12.7727366,-74.5922933,DESPEJADO,RURAL,CURVA,INCLINADA,ASFALTADA,SI,PREVENTIVA (P),,NO,IMPRUDENCIA DEL CONDUCTOR,INVASIÓN DE CARRIL
A-2025-10-81,18/10/2025,11:50,ATROPELLO,1,0,,CUSCO,CANCHIS,SICUANI,RURAL,CARRETERA,NACIONAL,PE-3S,-14.309416,-71.207773,DESPEJADO,COMERCIAL,PUENTE,PLANA ,ASFALTADA,,,,,IMPRUDENCIA DEL PEATÓN,CRUCE INDEBIDO POR LA CALZADA
A-2025-10-271,18/10/2025,23:30,DESPISTE,3,0,1,CUSCO,CALCA,TARAY,RURAL,CARRETERA,PROVINCIAL,CU-1125,-13.456858,-71.898928,DESPEJADO,RURAL,TRAMO RECTO,PLANA ,AFIRMADO,,,,,IMPRUDENCIA DEL CONDUCTOR,CONDUCIR EN ESTADO DE EBRIEDAD Y/O DROGADICCIÓN
A-2025-10-78,19/10/2025,19:00,DESPISTE,1,1,,AREQUIPA,AREQUIPA,CHARACATO,URBANA,CARRETERA,PROVINCIAL,AR-784,-16.470257,-71.495631,DESPEJADO,RURAL,TRAMO RECTO,PLANA ,ASFALTADA,NO,,,NO,EN PROCESO DE INVESTIGACIÓN,NO CUENTA CON CAUSA ESPECIFICA
A-2025-10-73,21/10/2025,06:50,CHOQUE,1,2,2,SAN MARTIN,RIOJA,RIOJA,RURAL,CARRETERA,NACIONAL,PE-5N,-6.04139014457038,-77.1883271275821,DESPEJADO,RURAL,TRAMO RECTO,PLANA ,ASFALTADA,,,,,IMPRUDENCIA DEL CONDUCTOR,OTRO (IMPRUDENCIA DEL CONDUCTOR)
A-2025-10-82,22/10/2025,06:00,DESPISTE,1,2,,AREQUIPA,AREQUIPA,YURA,URBANA,CARRETERA,NACIONAL,PE-34E,-16.035324,-71.40243,DESPEJADO,RURAL,CURVA,PLANA ,ASFALTADA,SI,PREVENTIVA (P),,NO,EN PROCESO DE INVESTIGACIÓN,NO CUENTA CON CAUSA ESPECIFICA
A-2025-10-92,23/10/2025,18:15,CHOQUE,2,0,,AREQUIPA,CARAVELI,ATIQUIPA,RURAL,CARRETERA,NACIONAL,PE-1S,-15.834422,-74.293082,DESPEJADO,RURAL,CURVA,INCLINADA,ASFALTADA,NO,,,SI,EN PROCESO DE INVESTIGACIÓN,NO CUENTA CON CAUSA ESPECIFICA
A-2025-10-85,26/10/2025,06:00,DESPISTE,1,4,,AREQUIPA,ISLAY,COCACHACRA,RURAL,CARRETERA,NACIONAL,PE-1S,-16.9936099,-71.7304756,NIEBLA,RURAL,CURVA,PLANA ,ASFALTADA,SI,PREVENTIVA (P),,NO,EN PROCESO DE INVESTIGACIÓN,NO CUENTA CON CAUSA ESPECIFICA
A-2025-10-74,26/10/2025,06:10,VOLCADURA,1,0,1,SAN MARTIN,MOYOBAMBA,CALZADA,RURAL,CARRETERA,NACIONAL,PE-5N,-6.03949550117566,-77.098177417361,DESPEJADO,RURAL,TRAMO RECTO,PLANA ,ASFALTADA,,,,,IMPRUDENCIA DEL CONDUCTOR,OTRO (IMPRUDENCIA DEL CONDUCTOR)
A-2025-10-281,28/10/2025,14:00,DESPISTE,1,1,1,HUANCAVELICA,ANGARAES,SAN ANTONIO DE ANTAPARCO,RURAL,CARRETERA,PROVINCIAL,HV-680,-13.0456499590814,-74.3943412134477,DESPEJADO,RURAL,CURVA,PLANA ,ASFALTADA,,,,,IMPERICIA DEL CONDUCTOR,
A-2025-10-91,30/10/2025,11:30,CHOQUE,1,0,2,LIMA,HUARAL,AUCALLAMA,RURAL,CARRETERA,SIN CLASIFICAR,SIN CLASIFICAR,-11.5122467,-77.1423172,DESPEJADO,RURAL,TRAMO RECTO,PLANA ,ASFALTADA,,,,,EN PROCESO DE INVESTIGACIÓN,NO CUENTA CON CAUSA ESPECIFICA
A-2025-11-10,02/11/2025,04:45,CHOQUE,1,0,2,SAN MARTIN,RIOJA,AWAJUN,RURAL,CARRETERA,NACIONAL,PE-5N,-5.816409,-77.38497,DESPEJADO,RURAL,TRAMO RECTO,PLANA ,ASFALTADA,,,,,IMPRUDENCIA DEL CONDUCTOR,EXCESO DE VELOCIDAD
A-2025-11-157,02/11/2025,14:30,CHOQUE,1,0,,CUSCO,CHUMBIVILCAS,COLQUEMARCA,RURAL,CARRETERA,DEPARTAMENTAL,CU-119,-14.338814616316427,-72.06086568259929,DESPEJADO,RURAL,TRAMO RECTO,PLANA ,ASFALTADA,,,,,IMPRUDENCIA DEL CONDUCTOR,INVASIÓN DE CARRIL
A-2025-11-156,05/11/2025,08:00,CHOQUE,1,5,2,HUANCAVELICA,ANGARAES,LIRCAY,RURAL,CARRETERA,NACIONAL,PE-26B,-12.979089,-74.736443,DESPEJADO,RURAL,CURVA,INCLINADA,ASFALTADA,SI,PREVENTIVA (P),,NO,IMPRUDENCIA DEL CONDUCTOR,EXCESO DE VELOCIDAD
A-2025-11-19,06/11/2025,20:30,ATROPELLO,1,0,,AREQUIPA,AREQUIPA,JOSE LUIS BUSTAMANTE Y RIVERO,URBANA,CALLE,URBANO,NO CORRESPONDE,-16.424305,-71.534437,DESPEJADO,RURAL,TRAMO RECTO,PLANA ,ASFALTADA,NO,,,SI,EN PROCESO DE INVESTIGACIÓN,NO CUENTA CON CAUSA ESPECIFICA
A-2025-11-144,07/11/2025,20:30,DESPISTE,1,0,1,CUSCO,ESPINAR,OCORURO,RURAL,CARRETERA,NACIONAL,PE-34J,-15.051019,-71.12941,DESPEJADO,RURAL,PUENTE,PLANA ,ASFALTADA,,,,,IMPRUDENCIA DEL CONDUCTOR,EXCESO DE VELOCIDAD
A-2025-11-11,08/11/2025,08:00,CHOQUE,1,1,,AREQUIPA,ISLAY,COCACHACRA,URBANA,CARRETERA,NACIONAL,PE-1S,-16.980001,-71.781158,DESPEJADO,RESIDENCIAL,OTRO,PLANA ,ASFALTADA,NO,,,SI,EN PROCESO DE INVESTIGACIÓN,NO CUENTA CON CAUSA ESPECIFICA
A-2025-11-153,09/11/2025,23:30,CHOQUE,1,1,,AREQUIPA,CAMANA,MARISCAL CACERES,RURAL,CARRETERA,NACIONAL,PE-1S,-16.500944,-72.929594,DESPEJADO,RURAL,CURVA,PLANA ,ASFALTADA,SI,REGULADORA (R),PREVENTIVA (P),SI,NEGLIGENCIA DEL CONDUCTOR,OTRO (NEGLIGENCIA DEL CONDUCTOR)
A-2025-11-150,11/11/2025,07:20,ATROPELLO,1,1,1,CUSCO,CALCA,CALCA,RURAL,CARRETERA,NACIONAL,PE-28B,-13.3126008970692,-72.0122844128497,DESPEJADO,RURAL,TRAMO RECTO,PLANA ,ASFALTADA,,,,,IMPRUDENCIA DEL PEATÓN,CRUCE INDEBIDO POR LA CALZADA
A-2025-11-22,13/11/2025,00:08,CHOQUE,1,0,,AREQUIPA,CAYLLOMA,MAJES,URBANA,AVENIDA,URBANO,NO CORRESPONDE,-16.331055,-72.197832,DESPEJADO,RESIDENCIAL,TRAMO RECTO,PLANA ,ASFALTADA,NO,,,SI,EN PROCESO DE INVESTIGACIÓN,NO CUENTA CON CAUSA ESPECIFICA
A-2025-11-12,13/11/2025,12:45,ATROPELLO FUGA,1,0,,LIMA,HUARAL,AUCALLAMA,URBANA,CARRETERA,NACIONAL,PE-1N,-11.6039142,-77.2063534,DESPEJADO,ESCOLAR,TRAMO RECTO,INCLINADA,ASFALTADA,SI,REGULADORA (R),,NO,EN PROCESO DE INVESTIGACIÓN,NO CUENTA CON CAUSA ESPECIFICA
A-2025-11-13,15/11/2025,00:45,CHOQUE,1,1,2,TUMBES,ZARUMILLA,AGUAS VERDES,URBANA,CARRETERA,NACIONAL,PE-1NO,-3.4914283,-80.2676616,DESPEJADO,RURAL,TRAMO RECTO,PLANA ,ASFALTADA,,,,,IMPRUDENCIA DEL CONDUCTOR,INVASIÓN DE CARRIL
A-2025-11-15,15/11/2025,17:30,DESPISTE,1,0,1,SAN MARTIN,MOYOBAMBA,CALZADA,RURAL,CARRETERA,NACIONAL,PE-5N,-6.048196,-77.147931,DESPEJADO,RURAL,TRAMO RECTO,PLANA ,ASFALTADA,,,,,IMPRUDENCIA DEL CONDUCTOR,CONDUCIR EN ESTADO DE EBRIEDAD Y/O DROGADICCIÓN
A-2025-11-23,16/11/2025,03:15,CHOQUE,1,1,,AREQUIPA,CAYLLOMA,SAN ANTONIO DE CHUCA,URBANA,CARRETERA,NACIONAL,PE-34A,-15.819738,-71.07154,DESPEJADO,RESIDENCIAL,TRAMO RECTO,PLANA ,ASFALTADA,NO,,,SI,EN PROCESO DE INVESTIGACIÓN,NO CUENTA CON CAUSA ESPECIFICA
A-2025-11-26,17/11/2025,07:55,CHOQUE,1,0,,AREQUIPA,AREQUIPA,PAUCARPATA,URBANA,AVENIDA,URBANO,NO CORRESPONDE,-16.4294248605063,-71.4988601070911,DESPEJADO,RURAL,TRAMO RECTO,PLANA ,ASFALTADA,,,,,EN PROCESO DE INVESTIGACIÓN,NO CUENTA CON CAUSA ESPECIFICA
A-2025-11-25,19/11/2025,05:27,DESPISTE,1,0,,AREQUIPA,ISLAY,ISLAY,RURAL,CARRETERA,PROVINCIAL,AR-803,-17.001671,-72.054978,DESPEJADO,RURAL,TRAMO RECTO,PLANA ,ASFALTADA,NO,,,SI,EN PROCESO DE INVESTIGACIÓN,NO CUENTA CON CAUSA ESPECIFICA
A-2025-11-20,19/11/2025,23:00,ATROPELLO FUGA,1,1,,SAN MARTIN,RIOJA,YURACYACU,RURAL,CARRETERA,PROVINCIAL,SM-552,-5.90903125229912,-77.2690975319528,DESPEJADO,RURAL,TRAMO RECTO,PLANA ,ASFALTADA,,,,,EN PROCESO DE INVESTIGACIÓN,NO CUENTA CON CAUSA ESPECIFICA
A-2025-11-28,21/11/2025,22:00,CHOQUE,1,0,,AREQUIPA,AREQUIPA,LA JOYA,RURAL,CARRETERA,NACIONAL,PE-1S,-16.677733,-71.870904,DESPEJADO,RURAL,TRAMO RECTO,PLANA ,ASFALTADA,NO,,,SI,EN PROCESO DE INVESTIGACIÓN,NO CUENTA CON CAUSA ESPECIFICA
A-2025-11-14,23/11/2025,04:39,DESPISTE,1,0,1,LIMA,HUARAL,AUCALLAMA,RURAL,CARRETERA,NACIONAL,PE-1N,-11.6070792,-77.2143235,DESPEJADO,RURAL,TRAMO RECTO,INCLINADA,ASFALTADA,SI,REGULADORA (R),,NO,EN PROCESO DE INVESTIGACIÓN,NO CUENTA CON CAUSA ESPECIFICA
A-2025-11-16,23/11/2025,20:30,ATROPELLO,1,1,1,TUMBES,ZARUMILLA,ZARUMILLA,RURAL,CARRETERA,NACIONAL,PE-1N,-3.5084116,-80.2982707,DESPEJADO,RURAL,CURVA,INCLINADA,ASFALTADA,SI,REGULADORA (R),PREVENTIVA (P),NO,IMPRUDENCIA DEL CONDUCTOR,NO DAR PASO PREFERENTE AL PEATÓN
A-2025-11-18,29/11/2025,04:30,CHOQUE,1,2,2,TUMBES,TUMBES,CORRALES,RURAL,CARRETERA,NACIONAL,PE-1N,-3.5892631,-80.4766528,DESPEJADO,RURAL,TRAMO RECTO,PLANA ,ASFALTADA,,,,,IMPRUDENCIA DEL CONDUCTOR,CONDUCIR EN ESTADO DE EBRIEDAD Y/O DROGADICCIÓN
A-2025-11-151,29/11/2025,17:41,ATROPELLO,1,0,,CUSCO,CANCHIS,SICUANI,URBANA,CALLE,URBANO,NO CORRESPONDE,-14.2833294456838,-71.2297416225971,DESPEJADO,RESIDENCIAL,TRAMO RECTO,PLANA ,AFIRMADO,,,,,IMPERICIA DEL CONDUCTOR,
A-2025-11-29,30/11/2025,04:45,CHOQUE,2,0,,AREQUIPA,CAYLLOMA,MAJES,RURAL,CARRETERA,NACIONAL,PE-1S,-16.391638,-72.20298,DESPEJADO,RURAL,TRAMO RECTO,PLANA ,ASFALTADA,NO,,,SI,EN PROCESO DE INVESTIGACIÓN,NO CUENTA CON CAUSA ESPECIFICA
A-2025-11-159,30/11/2025,07:30,DESPISTE,1,0,1,CUSCO,PARURO,CCAPI,RURAL,CARRETERA,DEPARTAMENTAL,CU-119B,-13.868303188960542,-71.94447683501927,DESPEJADO,RURAL,CURVA,PLANA ,AFIRMADO,,,,,IMPRUDENCIA DEL CONDUCTOR,EXCESO DE VELOCIDAD
A-2025-11-21,30/11/2025,19:30,ATROPELLO,1,0,1,SAN MARTIN,RIOJA,AWAJUN,RURAL,CARRETERA,NACIONAL,PE-5N,-5.79701341737171,-77.4096056460597,DESPEJADO,RURAL,TRAMO RECTO,PLANA ,ASFALTADA,,,,,EN PROCESO DE INVESTIGACIÓN,NO CUENTA CON CAUSA ESPECIFICA
A-2025-12-1,01/12/2025,00:30,ATROPELLO FUGA,1,0,,SAN MARTIN,RIOJA,NUEVA CAJAMARCA,RURAL,CARRETERA,NACIONAL,PE-5N,-5.860813,-77.347487,DESPEJADO,RURAL,TRAMO RECTO,PLANA ,ASFALTADA,,,,,EN PROCESO DE INVESTIGACIÓN,NO CUENTA CON CAUSA ESPECIFICA
A-2025-12-2,02/12/2025,13:05,CHOQUE,1,1,3,SAN MARTIN,RIOJA,RIOJA,RURAL,CARRETERA,NACIONAL,PE-5N,-6.019445,-77.2288,DESPEJADO,RURAL,TRAMO RECTO,INCLINADA,ASFALTADA,,,,,EN PROCESO DE INVESTIGACIÓN,NO CUENTA CON CAUSA ESPECIFICA
A-2025-12-8,05/12/2025,10:55,DESPISTE,1,0,1,SAN MARTIN,RIOJA,NUEVA CAJAMARCA,RURAL,CARRETERA,PROVINCIAL,SM-520,-5.92976302902708,-77.3089590151594,DESPEJADO,RURAL,TRAMO RECTO,PLANA ,ASFALTADA,,,,,EN PROCESO DE INVESTIGACIÓN,NO CUENTA CON CAUSA ESPECIFICA
A-2025-12-7,05/12/2025,16:38,CHOQUE,1,1,2,SAN MARTIN,MOYOBAMBA,SORITOR,URBANA,JIRÓN,URBANO,NO CORRESPONDE,-6.137788,-77.104915,DESPEJADO,ESCOLAR,INTERSECCIÓN,PLANA ,ASFALTADA,,,,,EN PROCESO DE INVESTIGACIÓN,NO CUENTA CON CAUSA ESPECIFICA
A-2025-12-3,06/12/2025,19:40,ATROPELLO,1,0,1,LIMA,HUARAL,CHANCAY,URBANA,CARRETERA,NACIONAL,PE-1N,-11.5914173,-77.2572694,DESPEJADO,RURAL,TRAMO RECTO,INCLINADA,ASFALTADA,,,,,EN PROCESO DE INVESTIGACIÓN,NO CUENTA CON CAUSA ESPECIFICA
A-2025-12-4,07/12/2025,02:10,CHOQUE,1,0,2,LIMA,HUARAL,AUCALLAMA,RURAL,CARRETERA,NACIONAL,PE-1NA,-11.6729712,-77.1965717,DESPEJADO,RURAL,SINUOSA,PLANA ,ASFALTADA,,,,,EN PROCESO DE INVESTIGACIÓN,NO CUENTA CON CAUSA ESPECIFICA
A-2025-12-5,07/12/2025,06:10,CHOQUE,1,2,2,LIMA,HUARAL,CHANCAY,RURAL,CARRETERA,NACIONAL,PE-1N,-11.4694393,-77.3095766,DESPEJADO,RURAL,TRAMO RECTO,INCLINADA,ASFALTADA,,,,,EN PROCESO DE INVESTIGACIÓN,NO CUENTA CON CAUSA ESPECIFICA
A-2025-12-12,07/12/2025,11:10,CHOQUE,1,0,2,SAN MARTIN,RIOJA,NUEVA CAJAMARCA,URBANA,CARRETERA,NACIONAL,PE-5N,-5.96118,-77.29743,DESPEJADO,RURAL,TRAMO RECTO,PLANA ,ASFALTADA,,,,,EN PROCESO DE INVESTIGACIÓN,NO CUENTA CON CAUSA ESPECIFICA
A-2025-12-11,07/12/2025,17:35,DESPISTE,1,0,1,SAN MARTIN,MOYOBAMBA,MOYOBAMBA,URBANA,CARRETERA,PROVINCIAL,SM-588,-6.00111373027902,-76.9812832517358,DESPEJADO,INDUSTRIAL,OTRO,INCLINADA,AFIRMADO,,,,,EN PROCESO DE INVESTIGACIÓN,NO CUENTA CON CAUSA ESPECIFICA
A-2025-12-6,08/12/2025,19:00,CHOQUE,1,0,2,TUMBES,TUMBES,CORRALES,URBANA,CARRETERA,NACIONAL,PE-1N,-3.614284,-80.51437,DESPEJADO,RURAL,TRAMO RECTO,PLANA ,ASFALTADA,SI,REGULADORA (R),,NO,IMPRUDENCIA DEL CONDUCTOR,INVASIÓN DE CARRIL
A-2025-12-70,09/12/2025,15:00,CHOQUE,1,4,,AREQUIPA,AREQUIPA,UCHUMAYO,RURAL,CARRETERA,DEPARTAMENTAL,AR-115,-16.459298,-71.624885,DESPEJADO,RURAL,CURVA,INCLINADA,ASFALTADA,SI,PREVENTIVA (P),INFORMATIVA (I),SI,IMPRUDENCIA DEL CONDUCTOR,INVASIÓN DE CARRIL
A-2025-12-9,12/12/2025,12:00,ATROPELLO FUGA,1,0,1,LIMA,HUARAL,AUCALLAMA,RURAL,CARRETERA,NACIONAL,PE-1N,-11.676886,-77.1837419,DESPEJADO,RURAL,TRAMO RECTO,INCLINADA,ASFALTADA,,,,,EN PROCESO DE INVESTIGACIÓN,NO CUENTA CON CAUSA ESPECIFICA
A-2025-12-130,12/12/2025,16:20,CHOQUE,1,0,,AREQUIPA,CARAVELI,LOMAS,RURAL,CARRETERA,NACIONAL,PE-1S,-15.315688,-74.907817,DESPEJADO,RURAL,TRAMO RECTO,PLANA ,ASFALTADA,,,,,EN PROCESO DE INVESTIGACIÓN,NO CUENTA CON CAUSA ESPECIFICA
A-2025-12-13,13/12/2025,20:30,CHOQUE,1,0,2,SAN MARTIN,RIOJA,RIOJA,RURAL,CARRETERA,NACIONAL,PE-5N,-6.052769,-77.156114,DESPEJADO,RURAL,TRAMO RECTO,PLANA ,ASFALTADA,,,,,EN PROCESO DE INVESTIGACIÓN,NO CUENTA CON CAUSA ESPECIFICA
A-2025-12-140,14/12/2025,02:45,DESPISTE,1,0,,AREQUIPA,AREQUIPA,SOCABAYA,URBANA,CARRETERA,PROVINCIAL,AR-796,-16.460456,-71.547633,DESPEJADO,RESIDENCIAL,TRAMO RECTO,PLANA ,ASFALTADA,,,,,EN PROCESO DE INVESTIGACIÓN,NO CUENTA CON CAUSA ESPECIFICA
A-2025-12-35,15/12/2025,12:50,DESPISTE,1,0,1,SAN MARTIN,RIOJA,NUEVA CAJAMARCA,URBANA,CARRETERA,NACIONAL,PE-5N,-5.94353015523087,-77.306147902828,DESPEJADO,COMERCIAL,TRAMO RECTO,PLANA ,ASFALTADA,,,,,IMPRUDENCIA DEL CONDUCTOR,CONDUCIR EN ESTADO DE EBRIEDAD Y/O DROGADICCIÓN
A-2025-12-139,15/12/2025,21:40,CHOQUE FUGA,1,0,,AREQUIPA,AREQUIPA,VITOR,RURAL,CARRETERA,NACIONAL,PE-1S,-16.432225,-72.005177,DESPEJADO,RURAL,TRAMO RECTO,PLANA ,ASFALTADA,SI,REGULADORA (R),,SI,EN PROCESO DE INVESTIGACIÓN,NO CUENTA CON CAUSA ESPECIFICA
A-2025-12-36,15/12/2025,23:30,DESPISTE,1,1,1,SAN MARTIN,MOYOBAMBA,JEPELACIO,RURAL,CARRETERA,NACIONAL,PE-5N,-6.098945,-76.869748,DESPEJADO,RURAL,TRAMO RECTO,PLANA ,ASFALTADA,,,,,EN PROCESO DE INVESTIGACIÓN,NO CUENTA CON CAUSA ESPECIFICA
A-2025-12-10,18/12/2025,03:00,DESPISTE,1,0,1,TUMBES,TUMBES,SAN JACINTO,RURAL,CARRETERA,DEPARTAMENTAL,TU-105,-3.7124443,-80.4526939,DESPEJADO,RURAL,CURVA,INCLINADA,ASFALTADA,SI,PREVENTIVA (P),,NO,IMPRUDENCIA DEL CONDUCTOR,EXCESO DE VELOCIDAD
A-2025-12-159,21/12/2025,21:30,CHOQUE,1,1,2,TUMBES,CONTRALMIRANTE VILLAR,ZORRITOS,URBANA,CARRETERA,NACIONAL,PE-1N,-3.70561973337602,-80.7177304702349,DESPEJADO,RESIDENCIAL,TRAMO RECTO,PLANA ,ASFALTADA,,,,,IMPRUDENCIA DEL CONDUCTOR,CONDUCIR EN ESTADO DE EBRIEDAD Y/O DROGADICCIÓN
A-2025-12-93,21/12/2025,22:20,ATROPELLO FUGA,1,0,,TUMBES,TUMBES,TUMBES,URBANA,AVENIDA,URBANO,NO CORRESPONDE,-3.56519282630022,-80.4588500357501,DESPEJADO,RESIDENCIAL,TRAMO RECTO,PLANA ,ASFALTADA,,,,,IMPRUDENCIA DEL PEATÓN,ESTADO DE EBRIEDAD Y/O DROGADICCIÓN
A-2025-12-138,24/12/2025,03:20,CHOQUE,2,0,,AREQUIPA,CAYLLOMA,SAN ANTONIO DE CHUCA,RURAL,CARRETERA,NACIONAL,PE-34A,-15.97581,-71.227033,DESPEJADO,RURAL,CURVA,INCLINADA,ASFALTADA,SI,REGULADORA (R),,SI,EN PROCESO DE INVESTIGACIÓN,NO CUENTA CON CAUSA ESPECIFICA
A-2025-12-132,24/12/2025,07:45,CHOQUE,1,0,,AREQUIPA,AREQUIPA,MARIANO MELGAR,URBANA,AVENIDA,URBANO,NO CORRESPONDE,-16.403622,-71.49484,DESPEJADO,ESCOLAR,INTERSECCIÓN,INCLINADA,ASFALTADA,SI,PREVENTIVA (P),,SI,EN PROCESO DE INVESTIGACIÓN,NO CUENTA CON CAUSA ESPECIFICA
A-2025-12-164,28/12/2025,03:00,DESPISTE,1,0,1,TUMBES,TUMBES,TUMBES,URBANA,CARRETERA,NACIONAL,PE-1N,-3.55800500853835,-80.4520372615088,DESPEJADO,RESIDENCIAL,CURVA,PLANA ,ASFALTADA,SI,PREVENTIVA (P),,NO,IMPRUDENCIA DEL CONDUCTOR,CONDUCIR EN ESTADO DE EBRIEDAD Y/O DROGADICCIÓN
A-2025-12-131,30/12/2025,15:00,DESPISTE,1,0,,AREQUIPA,AREQUIPA,LA JOYA,RURAL,CARRETERA,SIN CLASIFICAR,SIN CLASIFICAR,-16.521657,-71.831193,DESPEJADO,RURAL,TRAMO RECTO,PLANA ,AFIRMADO,NO,,,SI,EN PROCESO DE INVESTIGACIÓN,NO CUENTA CON CAUSA ESPECIFICA